,open,high,low,close,volume,summ,SMA_5,SMA_10,redif,EMA_5,EMA_10,RSI,MACD,MACD_signal,BB_Middle,BB_Upper,BB_Lower,OBV,H-L,H-PC,L-PC,TR,ATR,ROC,Momentum,Std_Dev,future
0,0.5089403973509959,0.37526595744680546,0.644141252006419,0.5648956356736278,484518.0,0.1,0.4929475015812809,0.5220430107526921,-0.04285262492093567,0.49857062523574874,0.5356001067997893,0.0,-0.03702948156404057,-0.10280482826316815,0.5220430107526921,1.1419676554345237,-0.09788163392913962,1387756.0,-0.26887529455961356,0.17634694577900945,0.09252834878060412,0.17634694577900945,0.14947042420224044,0.8075288403157452,0.021030993042378654,0.30996232234091586,0.0
1,0.49569536423840643,0.3845744680851112,0.6634028892455802,0.5554079696394737,487779.0,0.1,0.5100253004427614,0.5146505376344127,-0.04075743200506099,0.507314832067091,0.5364085909973274,0.0,-0.029093758930236358,-0.08806261439658179,0.5146505376344127,1.1240374032839853,-0.09473632801515985,899977.0,-0.278828421160469,0.18032116758851657,0.09850725357195245,0.18032116758851657,0.1541176104579248,0.5847319978343424,0.01707779886148053,0.3046934328247863,0.0
2,0.5105960264900616,0.37127659574468763,0.6666131621187773,0.5535104364326443,491002.0,0.1,0.5293168880455447,0.509669512966481,-0.043840923466163306,0.51442184812333,0.5371066255048913,0.0,-0.022684777381561272,-0.07498704699357768,0.509669512966481,1.113660045952512,-0.09432102001954978,408975.0,-0.29533656637408967,0.18413137389478607,0.1112051924793036,0.18413137389478607,0.1582299837874898,0.7189157336476124,0.019291587602783267,0.3019952664930154,0.0
3,0.49735099337748634,0.38856382978723614,0.6136436597110716,0.5648956356736278,502472.0,0.1,0.5512966476913387,0.5035815939278978,-0.061314041745729964,0.5221870462079912,0.5382408708179008,0.0,-0.016053824609909673,-0.06320040251684408,0.5035815939278978,1.0990971510923464,-0.09193396323655079,911447.0,-0.22507982992383546,0.16494660664540817,0.060133223278427295,0.16494660664540817,0.16167494018459946,0.875866414618778,0.021979759645793944,0.2977577785822243,0.0
4,0.5271523178807896,0.3845744680851112,0.6617977528089852,0.5535104364326443,507907.0,0.1,0.5573055028463042,0.49452877925364097,-0.05898165717900333,0.5270060293194763,0.5388641183940127,0.0,-0.011858089074536449,-0.052931939828382554,0.49452877925364097,1.0729241721696543,-0.0838666136623723,403540.0,-0.27722328472387403,0.18032116758851657,0.09690211713535746,0.18032116758851657,0.16483831435800234,0.14978320851400384,0.006008855154965668,0.28919769645800664,0.0
5,0.5006622516556319,0.3792553191489375,0.6682182985553723,0.5819734345351136,510778.0,0.1,0.5623655913978546,0.4872944339025973,-0.09467900063251633,0.5354625531988051,0.5406236823181393,0.0,-0.005161129119334196,-0.04337777768657289,0.4872944339025973,1.0520037889690348,-0.07741492116384019,914318.0,-0.2889629794064348,0.1742551172837068,0.11470786212272799,0.1742551172837068,0.17095798511580482,0.11649071714599413,0.005060088551550379,0.28235467753321875,0.0
6,0.5105960264900616,0.37526595744680546,0.5863563402889213,0.46053130929791875,516558.0,0.1,0.5546173308032942,0.4784392789373854,0.01790796963946667,0.5239346695217457,0.5373546058683344,0.0,-0.013419936346588668,-0.037386209418576045,0.4784392789373854,1.0308311929872045,-0.07395263511243372,397760.0,-0.2110903828421158,0.20670747708830817,0.00438290575380762,0.20670747708830817,0.177347860901398,-0.16798080219403422,-0.007748260594560463,0.27619595702490957,0.0
7,0.4112582781456936,0.3247340425531945,0.5173354735152443,0.4339658444022788,529032.0,0.1,0.5437065148640151,0.4688330170778026,0.034867172675523805,0.5100933118110584,0.5331346564207403,0.0,-0.02304134460968188,-0.03451723645679721,0.4688330170778026,1.0074939239525684,-0.06982788979696314,-131272.0,-0.19260143096204985,0.13579726674472425,0.05680416421732559,0.13579726674472425,0.17968382016499382,-0.23177695666778797,-0.01091081593927908,0.2693304534373829,0.0
8,0.4261589403973488,0.37792553191489586,0.563884430176563,0.5724857685009525,539984.0,0.1,0.5437065148640151,0.46116382036686016,-0.1113219481340923,0.5196921513018113,0.5347408242607489,0.0,-0.015048672958937526,-0.030623523757225275,0.46116382036686016,0.9825921194641576,-0.06026447873043733,408712.0,-0.18595889826166712,0.05604031248738295,0.12991858577428417,0.12991858577428417,0.17659176104217642,0.0,0.0,0.26071414954864874,0.0
9,0.5006622516556319,0.3726063829787293,0.5975922953451004,0.5326375711575068,547155.0,0.1,0.5408602150537692,0.45416666666667055,-0.07847090449083621,0.5216837543565337,0.5346549771953104,0.0,-0.01297122283877672,-0.027093063573535567,0.45416666666667055,0.9621047311288704,-0.05377139779552925,-138443.0,-0.2249859123663711,0.19987938552222317,0.025106526844147936,0.19987938552222317,0.1764809454393396,-0.06026113157011992,-0.002846299810245867,0.2539690322310999,0.0
10,0.48410596026489683,0.38856382978723614,0.6505617977528061,0.5648956356736278,552404.0,0.1,0.5408602150537692,0.44550917141050334,-0.11938646426312444,0.5283317360976251,0.535889289786262,0.0,-0.007557553688636975,-0.023185961596555848,0.44550917141050334,0.9304479494916775,-0.039429606670670914,413961.0,-0.26199796796556996,0.14407374137027062,0.11792422659529933,0.14407374137027062,0.17186159598370368,0.0,0.0,0.24246938904058712,0.0
11,0.5105960264900616,0.4351063829787222,0.6762439807383614,0.60664136622391,557097.0,0.1,0.5454459203036105,0.4391049968374483,-0.16753636938646166,0.5403793715016689,0.5387771296408599,0.0,0.0016022418608090394,-0.01822832090508287,0.4391049968374483,0.9065715215265688,-0.028361527851672286,971058.0,-0.24113759775963928,0.1297892526949056,0.11134834506473368,0.1297892526949056,0.16720734066455498,0.09975920192636956,0.004585705249841254,0.2337332623445603,0.0
12,0.5619205298013185,0.4470744680851112,0.7115569823434938,0.6597722960151827,561231.0,0.1,0.5533523086654067,0.42997311827957346,-0.22979917773560926,0.5587475137345173,0.5437157078602199,0.0,0.01503180587429731,-0.011576295549206833,0.42997311827957346,0.8605177309543453,-0.0005714943951983797,1532289.0,-0.26448251425838265,0.15956689813879876,0.10491561611958389,0.15956689813879876,0.16580900336120408,0.1679543164259294,0.007906388361796246,0.21527230633738592,0.0
13,0.6033112582781456,0.47101063829787504,0.6987158908507197,0.6445920303605334,567266.0,0.1,0.560784313725495,0.420485452245418,-0.22410657811511536,0.571954362446212,0.5478331087786,0.0,0.024121253667611975,-0.004436785705843071,0.420485452245418,0.8087041110352753,0.032266793455560716,965023.0,-0.22770525255284468,0.18876165771730768,0.038943594835537,0.18876165771730768,0.16651237753860335,0.160573966518613,0.007432005060088305,0.19410932939492864,0.0
14,0.5536423841059545,0.42313829787234736,0.6955056179775226,0.6237191650853958,569598.0,0.1,0.5666350411132244,0.41076059456040864,-0.21295857052498718,0.5799181782368557,0.5509304988319386,0.0,0.02898767940491709,0.002248107316308961,0.41076059456040864,0.7508124948925365,0.0707086942282808,395425.0,-0.2723673201051753,0.221453732488186,0.050913587616989275,0.221453732488186,0.16962257408805334,0.12684264655467814,0.005850727387729293,0.17002595016606392,0.0
15,0.5768211920529808,0.44574468085106955,0.7260032102728701,0.6483870967741993,571716.0,0.1,0.5735926628716053,0.4093769765970941,-0.23901012017710516,0.5904518580118316,0.5549083191561124,0.0,0.03554353885571926,0.00890719362419102,0.4093769765970941,0.7448853247345695,0.07386862845961867,967141.0,-0.2802585294218005,0.17797448423432627,0.10228404518747425,0.17797448423432627,0.1707082305537965,0.14779979845482338,0.006957621758380957,0.16775417406873772,0.0
16,0.5850993377483448,0.43111702127659723,0.7099518459068989,0.6464895635673699,575496.0,0.1,0.5813409234661658,0.4173624288425086,-0.22912713472486124,0.5990730434819145,0.5586463291320821,6.136087484811739,0.04042671434983236,0.015211097769319289,0.4173624288425086,0.7568788608699225,0.07784599681509474,391645.0,-0.2788348246303016,0.21727007549760202,0.0615647491326996,0.21727007549760202,0.17378730621288696,0.1679808021940341,0.007748260594560463,0.16975821601370694,0.0
17,0.5768211920529808,0.4617021276595764,0.7067415730337089,0.6237191650853958,579239.0,0.1,0.584819734345356,0.42396426312460855,-0.19975490196078727,0.6028647544978347,0.5613023632526255,10.667823070251629,0.04156239124520922,0.020481356464497277,0.42396426312460855,0.7670060916504217,0.08092243459879545,-187594.0,-0.24503944537413247,0.18478743590779345,0.06025200946633902,0.18478743590779345,0.17466499943156086,0.07173133355069572,0.0034788108791901826,0.17152091426290655,0.0
18,0.55860927152318,0.4351063829787222,0.6778491171749564,0.616129032258064,583383.0,0.1,0.5977862112587013,0.4322264389626857,-0.18390259329537834,0.604905412614793,0.5635401864773373,15.757906215921494,0.041365226137455746,0.02465813039908897,0.4322264389626857,0.7742574411131311,0.09019543681224035,-770977.0,-0.24274273419623427,0.18861278210667365,0.05412995208956062,0.18861278210667365,0.1731571081830913,0.3378656777914937,0.01296647691334544,0.17101550107522268,0.0
19,0.5701986754966825,0.46303191489362516,0.7019261637239097,0.6920303605313108,587726.0,0.1,0.6192915876027875,0.44456040480708797,-0.24746995572422287,0.6183092507557958,0.5687846833774994,22.36180904522614,0.04952456737829636,0.029631417794930448,0.44456040480708797,0.7802905097131052,0.10883029990107074,-183251.0,-0.23889424883028454,0.15309711736443887,0.08579713146584567,0.15309711736443887,0.17459876240140085,0.5946655006558781,0.021505376344086002,0.16786505245300862,0.0
20,0.6182119205298008,0.45372340425531943,0.7725521669341887,0.678747628083498,589904.0,0.1,0.6281467425679995,0.45535262492094003,-0.22339500316255795,0.6276074626523653,0.573272966834887,27.345403244768434,0.05433449581747829,0.03457203339944002,0.45535262492094003,0.7870902796512382,0.12361497019064183,-773155.0,-0.3188287626788693,0.2383069562759914,0.08052180640287787,0.2383069562759914,0.18363112660987646,0.1856148491879388,0.008855154965212128,0.1658688273651491,0.0
21,0.6115894039735096,0.48297872340426407,0.7725521669341887,0.6958254269449767,595926.0,0.1,0.6417457305502886,0.4654332700822304,-0.23039215686274633,0.6381025340819978,0.5782751080638703,31.455190771960986,0.059827426018127516,0.03962311192317752,0.4654332700822304,0.7963626847851899,0.1345038553792709,-177229.0,-0.28957344352992465,0.1957689046792339,0.09380453885069073,0.1957689046792339,0.18328858653962735,0.3063769148556994,0.013598987982289165,0.16546470735147975,0.0
22,0.6215231788079535,0.49361702127659723,0.7693418940609987,0.7375711574952589,602508.0,0.1,0.6561353573687579,0.4762254901960823,-0.26134566729917663,0.6534053992224995,0.5847769876324983,35.369169629784565,0.06862841159000121,0.04542417185654227,0.4762254901960823,0.8081829204149791,0.14426805997718545,425279.0,-0.2757248727844015,0.2022084056683795,0.073516467116022,0.2022084056683795,0.18813314189780309,0.3056768558951932,0.014389626818469262,0.16597871510944842,0.0
23,0.6364238410596016,0.4869680851063819,0.7821829855537658,0.7242884250474461,605860.0,0.1,0.6659392789373859,0.48709677419355235,-0.2371916508538937,0.6643104801186451,0.5904713320167819,38.88449367088607,0.0738391481018632,0.05110716710560646,0.48709677419355235,0.8165990960339355,0.15759445235316916,-180581.0,-0.29521490044738385,0.250603072388877,0.04461182805850683,0.250603072388877,0.19820096020563405,0.1939318110728916,0.009803921568628008,0.1647511609201916,0.0
24,0.10412087912087956,0.1,0.12736653207716345,0.1,608323.0,0.1,0.6192915876027875,0.4848039215686313,0.3848039215686313,0.5774934831773151,0.5704520939752806,38.443488463042605,0.007041389202034454,0.04229401152489206,0.4848039215686313,0.8235825673002525,0.14602527583701008,-788904.0,-0.02736653207716344,0.6242884250474461,0.5969218929702826,0.6242884250474461,0.236927754114688,-0.8484325568018413,-0.04664769133459856,0.1693893228658106,0.0
25,0.1,0.12877397831526274,0.12736653207716345,0.10789820096533767,631846.0,0.1,0.5745671018198544,0.4831895300406716,0.3752913290753339,0.5052480551447032,0.5515723432401809,38.13893150888988,-0.04632428809547773,0.0245703516008181,0.4831895300406716,0.8284729387677143,0.13790612131362884,-157058.0,0.001407446238099297,0.028773978315262738,0.02736653207716344,0.028773978315262738,0.2235954474978509,-0.8326100915256616,-0.04472448578293298,0.1726417043635214,0.0
26,0.10641025641025728,0.12376980817347807,0.13095558546433353,0.11009214567793038,642071.0,0.1,0.5317648502025656,0.4802767596727188,0.3701846139947884,0.4444548383036612,0.5335527433396808,37.601469310272584,-0.08909790503601961,0.001836700273450561,0.4802767596727188,0.8358063593298873,0.1247471600155503,485013.0,-0.007185777290855455,0.015871607208140404,0.02305738449899586,0.02305738449899586,0.20706241849875173,-0.8234908403642571,-0.04280225161728879,0.17776479982858426,0.0
27,0.11694139194139233,0.1187656380316934,0.14262000897263186,0.11842913558578552,649044.0,0.1,0.48760168677019783,0.47425652542436764,0.3558273898385821,0.3942970378855265,0.516608922615032,36.5372707946817,-0.1223118847295055,-0.02299301672714065,0.47425652542436764,0.8443167036728604,0.10419634717587489,1134057.0,-0.023854370940938452,0.008673492353763024,0.032527863294701476,0.032527863294701476,0.194941866753783,-0.8173480993453075,-0.044163163432367813,0.18503008912424637,0.0
28,0.12106227106227188,0.12710592160133452,0.14531179901300853,0.11930671347082225,661980.0,0.1,0.44366978259548545,0.46868942540852027,0.349382711937698,0.3519908341294182,0.5003925059152683,35.605413309175276,-0.14840167178585012,-0.048074747738882546,0.46868942540852027,0.8519457572848955,0.08543309353214501,1796037.0,-0.01820587741167401,0.008676786015548998,0.026882663427223008,0.026882663427223008,0.17907624908125142,-0.8154545406541749,-0.0439319041747123,0.19162816593818763,1.0
29,0.12564102564102556,0.1262718932443704,0.14710632570659357,0.12062308029837823,670823.0,0.1,0.40174510886323406,0.4638613246541418,0.34323824435576356,0.316395795078489,0.48489171303294626,34.83490847322581,-0.16849591795445729,-0.0721589817819975,0.4638613246541418,0.8587655843241557,0.06895706498412785,2466860.0,-0.020834432462223162,0.006965179773548158,0.02779961223577132,0.02779961223577132,0.16599393044191624,-0.806606743786904,-0.04192467373225147,0.19745212983500698,1.0
30,0.130219780219781,0.1404503753127603,0.1515926424405553,0.12939885914875085,676072.0,0.1,0.36118426110412466,0.4617065649597785,0.33230770581102764,0.28762703570468307,0.4703818006295097,34.501695201865246,-0.18275476492482662,-0.09427813841056333,0.4617065649597785,0.8628401412897206,0.060572988629836455,3142932.0,-0.01114226712779498,0.019827295014382074,0.030969562142177054,0.030969562142177054,0.15285699544487485,-0.7899809092350115,-0.04056084775910943,0.20056678816497103,1.0
31,0.13891941391941423,0.13336113427856625,0.15024674742036873,0.1254497586660829,683939.0,0.1,0.31396921094868896,0.46077408641838963,0.3353243277523067,0.26267668539105227,0.4563029417738596,34.3594642869741,-0.19362625638280734,-0.11414776200501214,0.46077408641838963,0.8648729399893773,0.056675232847402,2458993.0,-0.01688561314180248,0.003962275129815396,0.020847888271617876,0.020847888271617876,0.14183622635380644,-0.8187221748916218,-0.047215050155435666,0.2020494267854938,1.0
32,0.1283882783882774,0.13002502085070802,0.15024674742036873,0.12896007020623337,693188.0,0.1,0.2681535811255836,0.45908456858943175,0.33012449838319835,0.24210489843954167,0.4429420082404871,34.104727255898254,-0.2008371098009454,-0.1314856315641988,0.45908456858943175,0.868113627835447,0.050055509343416515,3152181.0,-0.020221726569660703,0.004575262184625117,0.02479698875428582,0.02479698875428582,0.12404372906033097,-0.8100029158549501,-0.045815629823105386,0.20451452962300762,1.0
33,0.13296703296703286,0.13169307756463802,0.1489008524001786,0.12588854760860038,700164.0,0.1,0.22065884118088555,0.45551259138314343,0.329624043774543,0.22422545985016606,0.4300010506636754,33.57840508732413,-0.20577559081350932,-0.1463436234140609,0.45551259138314343,0.8732143102595846,0.03781087250670229,2452017.0,-0.01720777483554059,0.002733007358404649,0.01994078219394524,0.01994078219394524,0.10939138551989025,-0.8190802710942681,-0.04749473994469803,0.20885085943822057,1.0
34,0.12701465201465326,0.12752293577981746,0.15024674742036873,0.12369460289600767,706601.0,0.1,0.16950246163094793,0.45355524855132007,0.32986064565531237,0.20875917416491094,0.41749874667315834,33.29682745133326,-0.2087395725082474,-0.1588228132328982,0.45355524855132007,0.8766559909110139,0.030454506191626318,1745416.0,-0.02272381164055126,0.0016343881712170827,0.024358199811768344,0.024358199811768344,0.09457053503183932,-0.8322946855513358,-0.051156379549937604,0.21155037117984687,1.0
35,0.12655677655677558,0.14753961634695437,0.1529385374607454,0.13466432645897478,722031.0,0.1,0.12036712008190868,0.45091720696545184,0.31625288050647704,0.19735996682553616,0.4059544846235998,32.92471444577339,-0.20859451779806362,-0.16877715414593128,0.45091720696545184,0.8804452876830745,0.021389126247829182,2467447.0,-0.005398921113791033,0.023845013450946695,0.029243934564737728,0.029243934564737728,0.07612394021316105,-0.81407361790967,-0.04913534154903928,0.21476404035881133,1.0
36,0.14487179487179383,0.16547122602168543,0.16594885598923384,0.16932865291794777,752592.0,0.1,0.12614450782507097,0.4479339764186365,0.2786053235006888,0.1930474569935995,0.39629628741112416,32.51380607870206,-0.20324883041752467,-0.17567148940024996,0.4479339764186365,0.883337535359668,0.012530417477605083,3220039.0,-0.0004776299675484097,0.030806899562710655,0.031284529530259064,0.031284529530259064,0.02670694892006213,0.6932865291794776,0.005777387743162314,0.21770177947051572,1.0
37,0.17326007326007478,0.16547122602168543,0.17626738447734383,0.16932865291794777,768255.0,0.1,0.13126371215445518,0.4441601070356415,0.2748314541176937,0.18939841021273,0.38703230232977,32.00846126616801,-0.19763389211704,-0.18006396994360796,0.4441601070356415,0.8861055141334264,0.002214699937856557,3220039.0,-0.0107961584556584,0.0038574268962623393,0.006938731559396061,0.006938731559396061,0.024887345023739904,0.5693371289141758,0.005119204329384175,0.22097270354889248,1.0
38,0.1741758241758248,0.1817347789824865,0.2009421265141306,0.1846862659061003,790681.0,0.1,0.13747988884013598,0.44129916705036765,0.2566129011442674,0.18867346493478696,0.3787732804349263,31.635709709855405,-0.19009981550013935,-0.18207113905491423,0.44129916705036765,0.8882246892958057,-0.005626355195070376,4010720.0,-0.019207347531644103,0.012406126064538725,0.03161347359618283,0.03161347359618283,0.025600352448505486,0.677560781187712,0.006216176685680826,0.223462761122719,1.0
39,0.19249084249084306,0.19799833194328756,0.19645580978016888,0.19039052215884347,837466.0,0.1,0.1434766710545575,0.4389919170969248,0.24860139493808134,0.18893762758464183,0.3710841882603923,31.341363496494637,-0.18214656067575047,-0.1820862233790815,0.4389919170969248,0.8899981756155099,-0.012014341421660246,4848186.0,0.0015425221631186758,0.013312066037187265,0.011769543874068589,0.013312066037187265,0.0239990360103793,0.6076324564653424,0.005996782214421496,0.22550312925929253,1.0
40,0.20576923076923173,0.25512927439533006,0.22516823687752244,0.24831066257130488,895440.0,0.1,0.15422700014626436,0.4341358022635549,0.18582513969225004,0.19807194065951306,0.366073023946552,30.739399451227413,-0.16800108328703894,-0.17926919536067298,0.4341358022635549,0.8882851538107819,-0.020013549283671994,5743626.0,0.029961037517807626,0.06473875223648659,0.034777714718678965,0.06473875223648659,0.027153710077817934,1.0812798823096568,0.010750329091706886,0.22707467577361345,1.0
41,0.2616300366300365,0.24720600500417014,0.23862718707940758,0.20443176831944002,932559.0,0.1,0.16121105748135284,0.4275353730219494,0.22310360470250937,0.1990503756841172,0.3594754216760576,29.95734109353411,-0.1604250459919404,-0.17550036548692646,0.4275353730219494,0.8857038070022261,-0.03063306095832724,4811067.0,0.00857881792476256,0.001104657567134737,0.009683475491897298,0.009683475491897298,0.025644032015828433,0.6947981084030448,0.006984057335088482,0.2290842169901383,1.0
42,0.20164835164835218,0.3151793160967479,0.21843876177658075,0.21057481351470067,84444.0,0.1,0.16797572034518202,0.42039088087782556,0.2098160673631249,0.2008233661195916,0.3533978458327369,29.15446587044626,-0.15257447971314533,-0.17091518833217026,0.42039088087782556,0.8812219760899043,-0.04044021433425321,4895511.0,0.09674055432016712,0.11074754777730786,0.014006993457140737,0.11074754777730786,0.03229219748542266,0.6273312987453294,0.006764662863829152,0.23041554760603938,1.0
43,0.2185897435897445,0.2146788990825698,0.1,0.19828872312417758,127682.0,0.1,0.17404563405002324,0.41275323686637866,0.21446451374220107,0.20043342104337405,0.34706686123238756,28.342439616970523,-0.1466334401890135,-0.1660588387035389,0.41275323686637866,0.8759465916880593,-0.050440117955302066,4767829.0,0.11467889908256979,0.00410408556786912,0.11057481351470066,0.11467889908256979,0.040111448386335326,0.5806225953130328,0.006069913704841223,0.23159667741084036,1.0
44,0.21263736263736313,0.27055879899916524,0.23862718707940758,0.2522597630539728,164128.0,0.1,0.18432060845400153,0.4060818617528999,0.1538220986989271,0.20840670442962,0.34319718375571756,27.66927889039154,-0.13479047932609756,-0.15980516682805065,0.4060818617528999,0.8691013054964944,-0.05693758199069471,4931957.0,0.03193161191975766,0.07227007587498765,0.04033846395523,0.07227007587498765,0.04406753897972714,0.9561075195644524,0.010274974403978286,0.2315097218717973,1.0
45,0.256135531135531,0.3055879899916597,0.2812471960520412,0.2834137779727971,191856.0,0.1,0.1974477109843512,0.40017812444232365,0.11676434646952655,0.2199462542054934,0.34075704474416973,27.09969511501771,-0.12081079053867633,-0.1520062915701758,0.40017812444232365,0.8620516126148632,-0.061695363730215835,5123813.0,0.02434079393961852,0.05332822693768691,0.028987432998068385,0.05332822693768691,0.046849826041705615,1.2513070756361242,0.013127102530349726,0.23093674408626974,1.0
46,0.28910256410256385,0.2901584653878245,0.3032301480484513,0.28209741114523934,216457.0,0.1,0.21064794500512055,0.39428649476464894,0.1121890836194096,0.22950797065776202,0.33836277398502973,26.554187025998388,-0.10885480332726771,-0.1433759939215942,0.39428649476464894,0.8547893376957814,-0.06621634816648347,4907356.0,-0.013071682660626749,0.006744687415027428,0.019816370075654177,0.019816370075654177,0.04647134023036276,1.28059595601276,0.013200234020769306,0.2302514214655662,1.0
47,0.2840659340659343,0.368557130942451,0.30233288470165787,0.3830188679245289,290145.0,0.1,0.23134415679391673,0.3907741190292054,0.007755251104676508,0.25312503177572615,0.340185471696846,26.239300146964155,-0.08706043992111984,-0.13211288312149932,0.3907741190292054,0.8489408542743964,-0.06739261621598563,5197501.0,0.06622424624079315,0.08645971979721168,0.020235473556418526,0.08645971979721168,0.05123932233306893,1.8442489410231064,0.020696211788796177,0.2290833676225955,0.0
48,0.39258241758241785,0.4240200166805671,0.3462987886944816,0.37512066695919477,378647.0,0.1,0.24849349129735399,0.3868204738476548,0.011699806888460007,0.2718935910347213,0.3416113980340847,26.738879617887903,-0.06971780699936336,-0.11963386789707213,0.3868204738476548,0.8421154049814085,-0.06847445728609891,4818854.0,0.0777212279860855,0.04100114875603822,0.036720079230047276,0.0777212279860855,0.0551090472043878,1.2153407618553986,0.01714933450343725,0.22764746556687684,0.0
49,0.3902930402930419,0.3648040033361152,0.37366532077164505,0.35976305397104225,394573.0,0.1,0.26436302471844514,0.38274453810456244,0.02298148413352019,0.28541196994800144,0.3423522819498788,27.047499256580878,-0.05694031200187738,-0.10709515671803319,0.38274453810456244,0.835369153351025,-0.06988007714190014,4424281.0,-0.00886131743552987,0.010316663623079592,0.001455346187549722,0.010316663623079592,0.05539054154302809,1.1246436900751462,0.015869533421091205,0.2263123076232313,0.0
50,0.3742673992673996,0.4294412010008347,0.39340511440107695,0.4326020184291369,456510.0,0.1,0.2850226707620315,0.3802256127294894,-0.05237640569964752,0.3080565927912531,0.3460359446633179,27.281256669212738,-0.037979351872064804,-0.09327199574883951,0.3802256127294894,0.830306594981473,-0.06985536952249422,4880791.0,0.036036086599757766,0.06967814702979247,0.033642060430034704,0.06967814702979247,0.05856259766249556,1.3423616060821977,0.020659646043586385,0.2250404911259918,0.0
51,0.4548534798534799,0.43110925771476116,0.4360251233737088,0.4084686265906118,506560.0,0.1,0.3031958461313456,0.37696671670692655,-0.03150190988368523,0.3235045979911544,0.34858421739504414,27.55488928479457,-0.025079619403889752,-0.07963352047984958,0.37696671670692655,0.823839189873798,-0.06990575645994496,4374231.0,-0.004915865658947638,0.0014927607143757626,0.0034231049445718753,0.0034231049445718753,0.05773851757144428,1.1454252131827496,0.018173175369314027,0.22343623658343575,0.0
52,0.4324175824175821,0.39899916597164375,0.40013458950201863,0.39311101360245926,532374.0,0.1,0.3152625420506085,0.37362506206463103,-0.019485951537828228,0.3342132773159705,0.350401637648408,28.12436346896061,-0.01618836033243748,-0.06694448845036716,0.37362506206463103,0.8174932895246133,-0.07024316539535125,3841857.0,-0.0011354235303748794,0.009469460618968029,0.00833403708859315,0.009469460618968029,0.0531327432699844,0.5831418978618106,0.012066695919262864,0.22193411372999114,0.0
53,0.4049450549450547,0.3781484570475392,0.39205921938088684,0.373804300131637,553532.0,0.1,0.32937691970162486,0.3692882050978919,-0.0045160950337451156,0.3403042039029961,0.35135684836200914,28.42237502853,-0.01105264445901305,-0.05576611965209634,0.3692882050978919,0.8088877789267823,-0.07031136873099858,3288325.0,-0.013910762333347648,0.01496255655492007,0.0010517942215724219,0.01496255655492007,0.05357266669190296,0.8285039708091733,0.014114377651016417,0.21979978691444524,0.0
54,0.3884615384615383,0.3656380316930775,0.4028263795423953,0.373804300131637,563592.0,0.1,0.34297937691970287,0.36748139240692773,-0.006322907724709281,0.3454580648612485,0.3522730708832184,29.174373981944044,-0.006815006021969883,-0.04597589692607105,0.36748139240692773,0.8062611189492339,-0.0712983341353784,3288325.0,-0.03718834784931779,0.008166268438559499,0.029022079410758295,0.029022079410758295,0.0467622109946905,0.7751614919774865,0.013602457218078028,0.21938986327115306,0.0
55,0.39304029304029375,0.3656380316930775,0.399237326155227,0.37424308907415627,578712.0,0.1,0.35764224074886775,0.36623716833759185,-0.00800592073656442,0.34988653012477283,0.3531698063195832,30.11981470909869,-0.0032832761948103917,-0.03743737277981892,0.36623716833759185,0.8045852374278775,-0.07211090075269383,3867037.0,-0.03359929446214949,0.008166268438559499,0.02543302602358999,0.02543302602358999,0.03932505490644219,0.8873644611639762,0.01466286382916489,0.21917403454514284,0.0
56,0.3893772893772883,0.39816513761467964,0.4091072229699403,0.3786309784993417,594784.0,0.1,0.3681731753693152,0.36219852687922494,-0.01643245162011675,0.35430875295162956,0.3542090378371244,30.549647846605865,9.971511450518333e-05,-0.0299299552009541,0.36219852687922494,0.7963358039381445,-0.07193875017969459,4461821.0,-0.010942085355260645,0.023922048540523377,0.03486413389578402,0.03486413389578402,0.03620789307484188,0.5009566881196621,0.010530934620447407,0.21706863852945976,0.0
57,0.3889194139194142,0.37397831526271863,0.40103185284881027,0.3720491443615618,611572.0,0.1,0.3755594559017122,0.3588529346543094,-0.013196209707252382,0.357038043937773,0.3549372054503667,30.994522969114342,0.0021008384874062758,-0.023523796463282027,0.3588529346543094,0.7900900085757423,-0.0723841392671235,3850249.0,-0.027053537586091636,0.004652663236623056,0.02240087434946858,0.02240087434946858,0.03363061369249035,0.3127419105124527,0.007386280532397056,0.21561853696071645,0.0
58,0.3889194139194142,0.37397831526271863,0.40013458950201863,0.3672224659938571,625667.0,0.1,0.38265321047243034,0.35473474361931423,-0.012487722374542876,0.35860487810024744,0.3554386446562235,31.565950896905406,0.003166233444023947,-0.018185790481820834,0.35473474361931423,0.7816879287700813,-0.07221844153145285,3224582.0,-0.026156274239300004,0.0019291709011568514,0.028085445140456855,0.028085445140456855,0.03431970328122391,0.301757660600404,0.007093754570718147,0.21347659257538354,0.0
59,0.3875457875457865,0.40733944954128487,0.4050695379093753,0.41548924967090917,648493.0,0.1,0.3853590756179621,0.3507524078577933,-0.06473684181311584,0.3673563198803492,0.3578896897588637,31.87952799235076,0.00946663012148552,-0.012655306361159562,0.3507524078577933,0.7716298038357473,-0.07012498812016066,3873075.0,0.0022699116319095936,0.040116983547427765,0.03784707191551817,0.040116983547427765,0.03045780859374192,0.08477488830335722,0.0027058651455316904,0.210438697988977,0.0
60,0.43562271062270985,0.4085904920767319,0.4396141767608789,0.41329530495831646,661349.0,0.1,0.3885402954512222,0.3456174705441087,-0.06767783441420777,0.37442385604619033,0.360151143440474,32.41090050300558,0.014272712605716331,-0.007269702567784384,0.3456174705441087,0.7570003612539766,-0.06576542016575926,3211726.0,-0.031023684684146957,0.0068987575941772405,0.024124927089969717,0.024124927089969717,0.025991450185732273,0.10176628845478741,0.0031812198332601405,0.20569144535493397,0.0
61,0.4301282051282044,0.40733944954128487,0.4221175414984287,0.41548924967090917,683708.0,0.1,0.39318414509287786,0.34084449594640814,-0.07464475372450102,0.3807416089115317,0.3624098416539612,33.06092192791519,0.01833176725757052,-0.0021494086027134033,0.34084449594640814,0.7432758722962162,-0.06158688040339988,3895434.0,-0.014778091957143857,0.005955855417031586,0.008822236540112272,0.008822236540112272,0.025866914595484996,0.15489693865104992,0.004643849641655577,0.201215688174904,0.0
62,0.4324175824175821,0.40442035029191137,0.4064154329295654,0.3720491443615618,695182.0,0.1,0.38813807225391317,0.3356013705146616,-0.03644777384690018,0.3794043066730748,0.362803282580802,33.70346728272722,0.016601024092272765,0.0016006779362838304,0.3356013705146616,0.7294433858260251,-0.05824064479670188,3200252.0,-0.001995082637654022,0.011068899378997799,0.009073816741343776,0.011068899378997799,0.02098281062458544,-0.1399736281570173,-0.005046072838964595,0.19692100765568174,0.0
63,0.38617216117216235,0.3781484570475392,0.3754598474652301,0.3702939885914901,797279.0,0.1,0.38495685242065303,0.3298077640941885,-0.040486224497301604,0.3780027192759079,0.363109025683279,33.071014809390846,0.014893693592628876,0.004259281067552839,0.3298077640941885,0.7128880032551277,-0.0532724750667507,2402973.0,0.0026886095823090983,0.006099312685977409,0.003410703103668311,0.006099312685977409,0.021205827936369232,-0.09345794392523143,-0.0031812198332601405,0.1915401195804696,1.0
64,0.3852564102564088,0.3589658048373646,0.3925078510542853,0.3571303203159303,803413.0,0.1,0.38195846131344235,0.32377944652645013,-0.03335087378948015,0.37479158097437293,0.36286499689277496,29.92226764474421,0.011926584081597968,0.0057927416703618655,0.32377944652645013,0.6954385019957343,-0.047879608942834107,1599560.0,-0.033542046216920696,0.011328183754125476,0.02221386246279522,0.02221386246279522,0.022267861423354834,-0.09152807232950011,-0.002998391107210748,0.18582952773464212,1.0
65,0.371520146520146,0.34937447873227645,0.3561686855091949,0.3360684510750346,826138.0,0.1,0.3788138072253921,0.317786723317901,-0.018281727757133603,0.3688341763744747,0.3617712603287856,27.16047807285483,0.007062916045689094,0.006046776545427311,0.317786723317901,0.6788131798864309,-0.04323973325062891,773422.0,-0.006794206776918443,0.007755841583653833,0.0009616348067353897,0.007755841583653833,0.02166730184241598,-0.10095081582344978,-0.0031446540880502027,0.18051322828426494,1.0
66,0.34679487179487223,0.32894078398665483,0.35841184387617664,0.32729267222466196,839527.0,0.1,0.37493783823314414,0.3117692991505384,-0.015523373074123548,0.36244317573604196,0.3603639710184132,23.836167323044492,0.0020792047176287354,0.005253262179867596,0.3117692991505384,0.6619474156996501,-0.038408817398573325,-66105.0,-0.02947105988952181,0.007127667088379752,0.02234339280114206,0.02234339280114206,0.02111074462494796,-0.12442774973587989,-0.003875968992247921,0.17508905827455587,1.0
67,0.3431318681318686,0.3176814011676402,0.3462987886944816,0.3150065818341389,855899.0,0.1,0.37000146262980943,0.30391463709434735,-0.011091944739791526,0.3551452382126723,0.3585126490108918,18.844874551376208,-0.0033674107982195056,0.003529127584250176,0.30391463709434735,0.6356785870448026,-0.02784931285610792,-922004.0,-0.028617387526841398,0.009611271057021753,0.019006116469819645,0.019006116469819645,0.020575168828800432,-0.15828350334153984,-0.004936375603334782,0.16588197497522764,1.0
68,0.328479853479854,0.31851542952460254,0.3373261552265582,0.3303641948222914,860085.0,0.1,0.36597923065672183,0.2966566489014056,-0.03370754592088582,0.35133276999876756,0.3573637325133979,14.287306936909232,-0.006030962514630367,0.0016171095644740674,0.2966566489014056,0.6096330585003457,-0.01631976069753449,-61919.0,-0.018810725701955633,0.003508847690463668,0.0223195733924193,0.0223195733924193,0.01952978878685337,-0.1274771120639676,-0.004022231973087524,0.15648820479947004,1.0
69,0.3454212454212463,0.33603002502085066,0.3602063705697617,0.3334357174199226,867983.0,0.1,0.362761445078252,0.28910686328630025,-0.044328854133622364,0.34857937729432986,0.3563870788361132,9.8625847039483,-0.007807701541783341,-0.0002678526567774142,0.28910686328630025,0.5794101909684641,-0.0011964643958635723,806064.0,-0.024176345548911016,0.005665830198559263,0.02984217574747028,0.02984217574747028,0.020149897236686847,-0.10378582379997137,-0.0032177855784699303,0.1451516638410819,1.0
70,0.3449633699633704,0.323519599666389,0.34719605204127324,0.33431329530495935,871563.0,0.1,0.3600190141875104,0.2807056578240023,-0.05360763748095704,0.3463845954498113,0.3554861080797395,5.0037576585295795,-0.009101512629928199,-0.002034584651407571,0.2807056578240023,0.5396361595331198,0.02177515611488484,1677627.0,-0.02367645237488425,0.009916117753533626,0.013760334621350623,0.013760334621350623,0.018956138026761327,-0.08961644162982196,-0.00274243089074148,0.12946525085455873,1.0
71,0.34633699633699633,0.3318598832360301,0.3642440556303267,0.32992540587977215,879385.0,0.1,0.35288869387158234,0.27248976159134247,-0.05743564428842968,0.3438524124390361,0.3544428141123939,0.0,-0.010590401673357841,-0.0037457480557976253,0.27248976159134247,0.49660896847051894,0.048370554712166,798242.0,-0.032384172394296584,0.0024534120689292394,0.029930760325367345,0.029930760325367345,0.018107286091589625,-0.20593515682754338,-0.007130320315928085,0.11205960343958823,1.0
72,0.34633699633699633,0.3318598832360301,0.3655899506505168,0.3325581395348841,882189.0,0.1,0.34616059675296307,0.27733472283165256,-0.055223416703231554,0.34211483199224346,0.35354956208882204,2.231065042603163,-0.011434730096578583,-0.0052835444639538175,0.27733472283165256,0.49621474028715845,0.058454705376146665,1680431.0,-0.0337300674144867,0.0019344773562579576,0.035664544770744655,0.035664544770744655,0.01906892089832087,-0.19534982482216978,-0.006728097118619362,0.10944000872775295,1.0
73,0.34679487179487223,0.3422852376980824,0.3687303723642884,0.3325581395348841,886952.0,0.1,0.33924967090829433,0.28201513821851815,-0.050543001316365965,0.3406445716141882,0.35269276933151844,4.325290204198339,-0.012048197717330233,-0.006636475114629101,0.28201513821851815,0.49563915032857464,0.06839112610846163,1680431.0,-0.026445134666206016,0.009727098163198278,0.036172232829404294,0.036172232829404294,0.02134808725576187,-0.1995986904636189,-0.006910925844668754,0.10681200605502826,1.0
74,0.34725274725274813,0.4106755629691413,0.37052489905787345,0.41417288284335496,915074.0,0.1,0.3427599824484437,0.28835015357613114,-0.12582272926722382,0.3519566194955985,0.35520216171975666,7.091695539168342,-0.003245542224158182,-0.005958288536534917,0.28835015357613114,0.49916329377032076,0.07753701338194155,2595505.0,0.04015066391126787,0.0781174234342572,0.037966759522989335,0.0781174234342572,0.02693546426036682,0.11322089869089136,0.003510311540149432,0.1054065700970948,1.0
75,0.4310439560439562,0.4824020016680567,0.45262449528936555,0.494032470381747,1037595.0,0.1,0.35307152259763175,0.296175223051047,-0.19785724733070004,0.3738144427088521,0.3608687049304501,10.505756343256778,0.012945737778402022,-0.0021774832735475293,0.296175223051047,0.5090958569161141,0.08325458918597983,3633100.0,0.029777506378691143,0.06822911882470173,0.038451612446010586,0.06822911882470173,0.03211294810526052,0.33416281549945914,0.010311540149188078,0.10646031693253358,1.0
76,0.5093406593406605,0.4690575479566309,0.47505607895917235,0.4374286967968416,1074037.0,0.1,0.3597630539710411,0.30280276437033904,-0.13462593242650256,0.3836012510300813,0.36399360255764973,13.382475794626728,0.01960764847243157,0.0021795430756482914,0.30280276437033904,0.5130205368440397,0.09258499189663841,2559063.0,-0.005998531002541441,0.02497492242511612,0.01897639142257468,0.02497492242511612,0.03234303643545392,0.22484334684850205,0.006691531373409276,0.10510888623685032,1.0
77,0.4562271062271058,0.4703085904920762,0.46832660385823066,0.47121544537077786,1104689.0,0.1,0.37102530349568635,0.31010677197601405,-0.1611086733947638,0.3970803578517269,0.3683700043051243,16.427461780445896,0.02871035354660262,0.007485705169839157,0.31010677197601405,0.5188238111996745,0.10138973275235366,3663752.0,0.0019819866338455228,0.032879893695234585,0.030897907061389063,0.032879893695234585,0.03443670744475232,0.4021412717064856,0.011262249524645274,0.1043585196118302,1.0
78,0.48782051282051275,0.4953294412010013,0.49030955585464253,0.5032470381746389,1201024.0,0.1,0.38568816732485106,0.31789527570572007,-0.18535176246891882,0.41341369328602107,0.3738751893610228,19.352598082534755,0.03953850392499825,0.013896264920870977,0.31789527570572007,0.5269659699826971,0.10882458142874304,4864776.0,0.005019885346358777,0.024113995830223445,0.019094110483864668,0.024113995830223445,0.03458425769717577,0.5376055771551078,0.014662863829164744,0.10453534713848851,1.0
79,0.5313186813186807,0.5595496246872397,0.5432480933153879,0.5260640631856098,1353610.0,0.1,0.40327629077080696,0.32624140704987686,-0.19982265613573297,0.4307445194244193,0.3800869801293733,22.2081227823749,0.05065753929504602,0.021248519795705988,0.32624140704987686,0.535912763084708,0.11657005101504567,6218386.0,0.016301531371851752,0.05630258651260078,0.04000105514074903,0.05630258651260078,0.03769229686740753,0.6700097506616529,0.01758812344595591,0.1048356780174156,1.0
80,0.5491758241758248,0.5566305254378662,0.558950201884253,0.5734532689776216,1426916.0,0.1,0.42353371361708453,0.3355016820242807,-0.2379515869533409,0.4526997116633735,0.3879794817150161,25.24448001921344,0.06472022994835741,0.029942861826236275,0.3355016820242807,0.5488103806486262,0.12219298339993517,7645302.0,-0.0023196764463868647,0.030566462252256343,0.03288613869864321,0.03288613869864321,0.03857284397625952,0.735821490237742,0.020257422846277517,0.10665434931217277,1.0
81,0.5972527472527481,0.5949958298582153,0.6006729475100933,0.6050460728389669,1537682.0,0.1,0.44616790990200483,0.3454841304665801,-0.25956194237238683,0.47613761338269556,0.39683934257721815,28.51150987327611,0.07929827080547741,0.0398139436220845,0.3454841304665801,0.5635150491967498,0.12745321173641047,9182984.0,-0.00567711765187795,0.021542560880593697,0.027219678532471647,0.027219678532471647,0.0383543025416763,0.8145808659034071,0.02263419628492036,0.10901545936508482,1.0
82,0.6338827838827846,0.6396163469557962,0.6423956931359353,0.6546292233435732,1663756.0,0.1,0.4728609039052227,0.356545268392571,-0.2980839549510022,0.5035978610689844,0.40736137852686527,31.70458348422501,0.09623648254211914,0.05109845140609143,0.356545268392571,0.5823436647705665,0.1307468720145755,10846740.0,-0.002779346180139086,0.034570274116829225,0.03734962029696831,0.03734962029696831,0.040320076347977775,0.9581309883186753,0.026692994003217823,0.11289919818899775,1.0
83,0.6828754578754562,0.6487906588824032,0.6746971736204553,0.6778850372970616,1742883.0,0.19090909090909092,0.5018575398566635,0.3678623665350311,-0.3100226707620305,0.5304112727963809,0.4184031605174855,34.83293915870004,0.1120081122788954,0.06328038358065223,0.3678623665350311,0.6025107088215809,0.13321402424848133,12589623.0,-0.025906514738052167,0.005838564461170037,0.02006795027688213,0.02006795027688213,0.03949817551060401,1.0546615241388508,0.02899663595144079,0.1173241711432749,1.0
84,0.7002747252747245,0.9548790658882428,0.7164199192462973,0.9591487494515153,2220646.0,0.19090909090909092,0.5540734240163827,0.38431695187948045,-0.5748317975720348,0.5963708845894785,0.4404744090454051,38.927365653815556,0.15589647554407343,0.08180360197333647,0.38431695187948045,0.6677849826206348,0.10084892113832611,14810269.0,0.23845914664194545,0.27699402859118116,0.03853488194923571,0.27699402859118116,0.059608965828973716,1.8841535822667907,0.05221588415971926,0.14173401537057717,1.0
85,1.0006410256410256,0.9586321934945786,0.9712427097353075,0.9499341816586234,2435952.0,0.28181818181818186,0.6055214275266944,0.4005795670615779,-0.5493546145970456,0.6507652379847316,0.4612686854785977,42.73076493971859,0.18949655250613395,0.10334219207989598,0.4005795670615779,0.7208413159847187,0.08031781813843702,12374317.0,-0.012610516240728842,0.0005165559569366707,0.012093960283792171,0.012093960283792171,0.057602443116839375,1.8564454413511022,0.05144800351031161,0.16013087446157043,1.0
86,0.995604395604396,1.0120100083402854,0.9923283983849259,1.0394471259324285,2647654.0,0.3727272727272727,0.6576276144507838,0.4183870849787931,-0.6210600409536353,0.7105624515151465,0.4848678054971214,46.35977245298243,0.22569464601802514,0.12781268286752182,0.4183870849787931,0.78176249344752,0.055011676510066165,15021971.0,0.019681609955359503,0.062075826681662005,0.0423942167263025,0.062075826681662005,0.05626564338745644,1.509693823498241,0.05210618692408946,0.18168770423436348,1.0
87,1.0734432234432227,1.015763135946623,1.0152086137281278,0.9767003071522605,2815382.0,0.4636363636363636,0.6978499341816599,0.43476853883282257,-0.541931768319438,0.7515067369977795,0.5049426014830454,49.35772153378625,0.2465641355147341,0.15156297339696428,0.43476853883282257,0.8259848801164117,0.04355219754923345,12206589.0,0.0005545222184952792,0.023683989985805454,0.024238512204300733,0.024238512204300733,0.05259975950242302,0.9769961808331102,0.04022231973087612,0.19560817064179456,1.0
88,1.0148351648351643,0.9557130942452051,0.9196500672947504,0.8977182974989034,2980254.0,0.5545454545454546,0.7362074009068317,0.44829786456048093,-0.4494204329384225,0.7740008232287217,0.5209742625449171,52.09836841001683,0.2530265606838046,0.17185569085433236,0.44829786456048093,0.8576679092848365,0.03892781983612531,9226335.0,0.03606302695045471,0.020987212907055408,0.05705023985751012,0.05705023985751012,0.05527270262178919,1.0522620122379345,0.03835746672517182,0.2046850223621778,1.0
89,0.9365384615384617,0.8618849040867399,0.8622252131000433,0.8525230364194826,3139828.0,0.6454545454545454,0.7679830334942239,0.4617997659792317,-0.39072327044025085,0.7860811637196079,0.5345068655602054,54.97514653214522,0.25157429815940247,0.18779941231534641,0.4617997659792317,0.8809465077731524,0.04265302418531103,6086507.0,-0.000340309013303397,0.03583339341216352,0.03549308439886012,0.03583339341216352,0.055518827598199934,0.809200111742244,0.03177563258739206,0.20957337089696035,1.0
90,0.8815934065934069,0.8743953294412016,0.8218483624943914,0.8766564282580077,3292767.0,0.7363636363636363,0.7991004826678378,0.475676466286384,-0.4009799619716237,0.8000158198024386,0.548472153833585,57.873469489996864,0.2515436659688536,0.20054826304604786,0.475676466286384,0.9048306026232547,0.046522329949513275,9379274.0,0.05254696694681016,0.021872293021719003,0.030674673925091156,0.05254696694681016,0.057888241857915496,0.7420001743831162,0.03111744917361407,0.21457706816843536,1.0
91,0.9086080586080584,0.92443703085905,0.9178555406011654,0.9473014480035115,3396207.0,0.8272727272727273,0.8342035980693296,0.4912808980547035,-0.456020549948808,0.8226751472179883,0.5647509005343984,60.935336662036676,0.25792424668358993,0.2120234597735563,0.4912808980547035,0.9335029660780911,0.04905883003131589,12775481.0,0.006581490257884681,0.04778060260104233,0.04119911234315765,0.04778060260104233,0.05717807653195229,0.8007340061723196,0.0351031154014918,0.2211110340116938,1.0
92,0.9910256410256405,1.0078398665554649,0.9923283983849259,1.0530495831505058,3542958.0,0.9181818181818182,0.8741699575837366,0.5079640193067146,-0.5450855638437911,0.8581173681306833,0.5846814590085251,63.80268824011707,0.2734359091221582,0.2243059496432767,0.5079640193067146,0.9731729615116209,0.04275507710180837,16318439.0,0.015511468170538945,0.06053841855195341,0.045026950381414466,0.06053841855195341,0.05948243318639481,0.8363302471497462,0.03996635951440702,0.23260447110245314,1.0
93,1.1,1.024520433694747,1.038537460744728,1.0205792014041255,3691305.0,1.0090909090909093,0.9087977182974999,0.5233216322948673,-0.4972575691092582,0.8831114963265976,0.6024732035961006,66.26643663089826,0.280638292730497,0.23557241826072078,0.5233216322948673,1.0065693236556008,0.040073940934133634,12627134.0,-0.014017027049980868,0.028529149455758684,0.014512122405777816,0.028529149455758684,0.05959155576333539,0.6867793168467564,0.034627760713763216,0.24162384568036682,1.0
94,1.0711538461538468,1.024103419516266,1.0708389412292498,1.0512944273804306,3817500.0,1.1,0.9418531519672381,0.5393465701331004,-0.5119478572473302,0.9089857934118026,0.6207924372199507,68.66187488326044,0.28819335619185193,0.246096605846947,0.5393465701331004,1.0405958778548121,0.038097262411388555,16444634.0,-0.046735521712983896,0.0035242181121404315,0.05025973982512433,0.05025973982512433,0.060667399057348394,0.6059387358402011,0.033055433669738114,0.2506246538608559,1.0
95,1.091758241758241,1.1,1.0999999999999983,1.1,4102455.0,1.1,0.9770293988591496,0.5542836770513394,-0.5457163229486607,0.9383725944253714,0.64035192957832,70.4346960455758,0.29802066484705136,0.25648141764696786,0.5542836770513394,1.0786988121763057,0.029868541926373116,20547089.0,1.7763568394002505e-15,0.04870557261956954,0.04870557261956776,0.04870557261956954,0.06305386758590568,0.6226940255032654,0.03517624689191154,0.26220756756248315,1.0
96,0.18968609865470967,0.149719887955181,0.12298850574712575,0.10268576544315025,4172321.0,0.6,0.9056574835251191,0.5486079499364218,0.4459221844932716,0.809805389966568,0.6184063718585171,70.13281896636511,0.19139901810805093,0.24346493773918448,0.5486079499364218,1.0866641063283005,0.010551793544543164,16374768.0,0.026731382208055265,0.9502801120448191,0.9770114942528744,0.9770114942528744,0.12138865639104679,-0.8929407294730138,-0.07137191533403042,0.2690280781959393,1.0
97,0.1,0.1,0.1,0.1,4245750.0,0.6,0.8348296350535671,0.5431962196453585,0.4431962196453585,0.7006045607409421,0.5972469281091899,69.90043336325465,0.10335763263175224,0.21544347671769806,0.5431962196453585,1.0940839328627314,-0.007691493572014374,12129018.0,0.0,0.0026857654431502453,0.0026857654431502453,0.0026857654431502453,0.12060464015432663,-0.8947295487089474,-0.07082784847155195,0.2754438566086864,1.0
98,0.10627802690582869,0.22745098039215464,0.11253918495297768,0.2942703670546102,4375960.0,0.6,0.7727315718137491,0.5403143102417224,0.2460439431871122,0.6380916078661218,0.5848805378620641,69.83755159028478,0.05321107000405778,0.18299699537497002,0.5403143102417224,1.094999752724438,-0.01437113224099329,16504978.0,0.11491179543917696,0.12745098039215463,0.012539184952977678,0.12745098039215463,0.12605256963020103,-0.716897223809593,-0.062098063239818195,0.27734272124135784,1.0
99,0.28923766816143226,0.28487394957983125,0.3089864158829684,0.2047448522829022,4593944.0,0.6,0.7084019505746358,0.5360700649436452,0.331325212660743,0.5714228762379342,0.5693647955935268,69.66742298508665,0.0020580806444073785,0.1468092124288575,0.5360700649436452,1.0979477088777858,-0.02580757899049546,11911034.0,-0.024112466303137126,0.009396417474778929,0.014716048828358197,0.014716048828358197,0.12525903101553915,-0.7903708529795885,-0.06432962123911319,0.2809388219670703,1.0
100,0.20403587443946095,0.2400560224089631,0.3089864158829684,0.2557743957027746,4702322.0,0.6,0.6549066254249584,0.5332088854040684,0.2774344897012938,0.5228615715402173,0.5565651874347206,69.75027726768492,-0.033703615894503325,0.11070664676418535,0.5332088854040684,1.0994421766580844,-0.03302440584994748,16613356.0,-0.06893039347400529,0.03531117012606089,0.10424156360006617,0.10424156360006617,0.1291916413274188,-0.7150839005784139,-0.0534953251496774,0.28311664562700795,1.0
101,0.24080717488788964,0.36750700280112125,0.2692789968652022,0.47153088630259743,4965004.0,0.7,0.6231572795818846,0.5352448559492967,0.06371396964669929,0.5149645430421219,0.5530943996334095,70.65662949948774,-0.038129856591287536,0.08093934609309077,0.5352448559492967,1.0998371231974282,-0.02934741129883467,21578360.0,0.09822800593591907,0.11173260709834665,0.013504601162427576,0.11173260709834665,0.13551657580126739,-0.44689953683482464,-0.03174934584307376,0.2822961336240657,1.0
102,0.44887892376681504,0.59299719887955,0.5817136886102418,0.7338406445837066,5356291.0,0.7999999999999999,0.6112559642756928,0.5427456131253815,-0.19109503145832507,0.5486377894331349,0.5604717973864828,71.51024583858137,-0.01183400795334788,0.062384675283803044,0.5427456131253815,1.1081420073656534,-0.022650781114890384,26934651.0,0.011283510269308294,0.12146631257695262,0.11018280230764432,0.12146631257695262,0.14125985460377924,-0.16290964061951663,-0.011901315306191762,0.28269819712013594,1.0
103,0.7233183856502222,0.8990196078431388,0.7739811912225733,1.1000000000000036,6031809.0,0.9,0.6239808436087338,0.55786554876967,-0.5421344512303337,0.6334627449049608,0.5824933566768304,72.74397858046325,0.05096938822813035,0.06010161787266851,0.55786554876967,1.143314979627389,-0.02758388208804896,32966460.0,0.12503841662056558,0.16517896325943227,0.04014054663886668,0.16517896325943227,0.15104305132531173,0.1611932002408658,0.012724879333041015,0.29272471542885947,-1.0
104,1.0865470852017922,0.8556022408963585,0.8732497387669816,0.7759176365264139,6509688.0,1.0,0.6008865147233929,0.5661423541452341,-0.20977528238117982,0.655378882077492,0.5903882252421195,73.96458087791848,0.06499065683537242,0.0610794256652093,0.5661423541452341,1.1524730350445211,-0.02018832675405302,26456772.0,-0.01764749787062314,0.24439775910364514,0.226750261233022,0.24439775910364514,0.16636466303795275,-0.2631708431002562,-0.023094328885340992,0.29316534044964354,1.0
105,0.7816143497757849,0.6861344537815114,0.7280041797283182,0.679230080572966,6766980.0,1.0,0.5724407546541296,0.5725419569829716,-0.10668812358999435,0.6590482972306417,0.5940144234188887,74.93076270662303,0.06503387381175307,0.06187031529451806,0.5725419569829716,1.156920799080218,-0.011836885114274831,19689792.0,-0.041869725946806824,0.08978318274490249,0.047913456798095666,0.08978318274490249,0.17146916581204805,-0.334466076088487,-0.028445760069263294,0.2921894210486232,1.0
106,0.6713004484304917,0.5495798319327733,0.7489028213166179,0.6487914055505811,6906949.0,1.0,0.5388988361683088,0.57840797655707,-0.07038342899351113,0.6574703138952478,0.5962502186079373,75.98961071850228,0.06122009528731054,0.061740271293076555,0.57840797655707,1.160013612591267,-0.003197659477127024,12782843.0,-0.19932298938384463,0.1296502486401927,0.06967274074365193,0.1296502486401927,0.17808504154663707,-0.3828642208565576,-0.03354191848582078,0.2908028180170985,1.0
107,0.6650224215246631,0.7722689075630264,0.8314524555903894,0.8743957027752941,7229500.0,1.1,0.52009847806625,0.5879685276634113,-0.28642717511188276,0.6908434506460241,0.6076030955127273,77.2104863580744,0.08324035513329686,0.06604028806112062,0.5879685276634113,1.1737063918660546,0.0022306634607680564,20012343.0,-0.05918354802736303,0.12347750201244523,0.18266105003980826,0.18266105003980826,0.18924799799832362,-0.2050948156588236,-0.018800358102058833,0.29286893210132164,-1.0
108,0.8677130044843032,0.6973389355742284,0.9380355276906996,0.8215756490599858,7387790.0,0.6,0.580005968367653,0.5964743681655295,-0.22510128089445636,0.7109560965558644,0.616336669126901,78.55436566367923,0.09461942742896345,0.0717561159346892,0.5964743681655295,1.1837060793134286,0.009242657017630274,12624553.0,-0.2406965921164712,0.17705676720106567,0.06363982491540554,0.17705676720106567,0.1225851040773396,7.0008718395816345,0.059907490301402966,0.2936158555739496,1.0
109,0.8273542600896832,0.6714285714285729,0.7478578892372013,0.599552372426141,7582723.0,0.6,0.621635332736498,0.6003090165562635,0.0007566441301224414,0.6938170620743684,0.6156515957921761,79.597372445907,0.07816546628219234,0.07303798600418983,0.6003090165562635,1.1851116393000476,0.015506393812479313,5041830.0,-0.07642931780862838,0.15014707763141288,0.0737177598227845,0.15014707763141288,0.1348735467596948,4.9955237242614094,0.04162936436884509,0.29240131137189207,1.0
110,0.5977578475336308,0.6476190476190474,0.7666666666666714,0.7418979409131609,7726675.0,0.6,0.658937630558044,0.6080141998177551,-0.1338837410954058,0.7012141203572596,0.6208045078379306,80.90082916592868,0.08040961251932899,0.07451231130721767,0.6080141998177551,1.1902714264002685,0.02575697323524173,12768505.0,-0.11904761904762395,0.048066675192906416,0.16711429424053037,0.16711429424053037,0.1381788229137261,1.5211439002129654,0.03730229782154589,0.29112861329125667,1.0
111,0.7475336322869935,0.6035014005602214,0.8377220480668782,0.7096687555953473,7840116.0,0.6,0.7010146225007476,0.6150845074636688,-0.09458424813167843,0.7025148334708116,0.6244316199912946,82.26657452264266,0.07808321347951697,0.07522649174167753,0.6150845074636688,1.193780703899462,0.036388311027875764,4928389.0,-0.23422064750665683,0.13839654035293947,0.09582410715371736,0.13839654035293947,0.14848553054077454,2.4661128115434927,0.042076991942703756,0.28934809821789653,1.0
112,0.7224215246636788,0.5915966386554622,0.8565308254963483,0.7418979409131609,7942559.0,0.6,0.7415249179349465,0.6231004995594445,-0.1187974413537164,0.7085737730773268,0.6292261637023912,83.7035298789857,0.07934760937493568,0.07605071526832916,0.6231004995594445,1.197846039652606,0.048354959466282876,12870948.0,-0.2649341868408861,0.11807211693988506,0.14686206990100104,0.14686206990100104,0.15203723939918581,1.9005950297514977,0.04051029543419885,0.2873727700465808,1.0
113,0.737668161434977,0.5978991596638664,0.8408568443051244,0.7186213070725159,8073752.0,0.6,0.7621157863324397,0.6310703507260585,-0.08755095634645738,0.7101195475381252,0.632874945064437,85.11934627039014,0.07724460247368825,0.07628949270940097,0.6310703507260585,1.2001378267987994,0.06200287465331766,4797196.0,-0.242957684641258,0.14399878124929444,0.09895890339196356,0.14399878124929444,0.15472608724509812,0.5240174672489051,0.020590868397493207,0.28453373803637044,1.0
114,0.7331838565022423,0.8577030812324921,0.9045977011494294,1.0829901521933771,8470206.0,0.6,0.7912115786332458,0.6468140482254069,-0.43617610396797024,0.7674842559466255,0.6512469943350059,86.75724016214136,0.11623726161161962,0.0842790464898447,0.6468140482254069,1.223314659306743,0.07031343714407079,13267402.0,-0.04689461991693733,0.13908177415997613,0.18597639407691346,0.18597639407691346,0.16010192737009485,0.47578382335000846,0.02909579230080588,0.28825030554066805,-1.0
115,1.0982062780269062,0.8983193277310931,1.0655172413793133,0.9961504028648193,8759221.0,0.6,0.7825574455386469,0.6610045444968794,-0.33514585836793986,0.8026636631648092,0.6653246844790798,88.63863028778115,0.13733897868572942,0.09489103292902165,0.6610045444968794,1.2376729761929264,0.08433611280083231,4508181.0,-0.16719791364822012,0.184670824462284,0.01747291081406388,0.184670824462284,0.16172624913699915,-0.09440872466834915,-0.008654133094598698,0.28833421584802355,-1.0
116,0.9923766816143477,0.7862745098039227,1.040438871473358,0.9209489704565804,8844921.0,0.6,0.7946433900328275,0.6733083939892605,-0.24764057646731996,0.8208614027481587,0.675758328804692,90.31507615965018,0.14510307394346666,0.10493344113191067,0.6733083939892605,1.2463482714707004,0.10026851650782065,-4336740.0,-0.25416436166943523,0.2098758930608966,0.044288468608538634,0.2098758930608966,0.1588494269667701,0.18691588785046176,0.012085944494180545,0.2865199387407199,-1.0
117,0.7412556053811649,0.6910364145658242,0.4981191222570537,0.6102954341987491,258827.0,0.6,0.7888988361683094,0.679076304755486,0.06878087055673687,0.7884666383559418,0.6730863739228167,91.90036921162515,0.1153802644331251,0.10702280579215356,0.679076304755486,1.2436520659187251,0.1145005435922467,-4595567.0,0.19291729230877053,0.2299125558907562,0.42282984819952674,0.42282984819952674,0.18660331575465547,-0.10148938974561739,-0.005744553864518072,0.28228788058161963,1.0
118,0.6327354260089691,1.1,0.7478578892372013,1.0874664279319632,664187.0,0.6,0.8254550880334245,0.6947669950185485,-0.3926994329134147,0.834466605983022,0.6899998455150267,93.80278441259787,0.14446676046799534,0.11451159672732193,0.6947669950185485,1.2620574194263614,0.1274765706107357,-3931380.0,0.3521421107627988,0.489704565801251,0.1375624550384522,0.489704565801251,0.21660784218474363,0.6761418518007511,0.03655625186511518,0.2836452122039064,-1.0
119,1.1,0.9011204481792724,1.1,0.9209489704565804,813236.0,0.6,0.8293345270068652,0.7070799859472321,-0.21386898450934833,0.8477715851328003,0.6994263404106003,95.57939334851517,0.1483452447222,0.12127832632629755,0.7070799859472321,1.2676373175871853,0.14652265430727884,-4744616.0,-0.1988795518207277,0.18634597975269085,0.012533572068036847,0.18634597975269085,0.21691491966081722,0.053240503737070455,0.0038794389734405263,0.2802786658199766,-1.0
120,0.9080717488789233,0.8766106442577012,1.0665621734587298,0.9012533572068072,923129.0,0.6,0.8359743360191002,0.7189278029820637,-0.1823255542247435,0.8559995500672628,0.7076641778308536,95.64338785064196,0.14833537223640925,0.1266897355083199,0.7189278029820637,1.271125502849233,0.16673010311489433,-5667745.0,-0.18995152920102865,0.04433832619887923,0.14561320300214942,0.14561320300214942,0.21429462264424085,0.09698158439577109,0.0066398090122351166,0.2760988499335847,-1.0
121,0.8668161434977563,0.7736694677871142,0.9432601880877755,0.8672336615935542,1030895.0,0.6,0.8582811101163846,0.7300668763582862,-0.13716678523526804,0.8577278749174615,0.7141772179844332,95.70078848714505,0.14355065693302826,0.1300619197932616,0.7300668763582862,1.2718994125444736,0.18823434017209872,-6698640.0,-0.16959072030066125,0.127583889419693,0.04200683088096824,0.127583889419693,0.21241435695993086,0.4464685680155305,0.022306774097284432,0.2709162680930937,-1.0
122,0.8641255605381154,0.67563025210084,0.8513061650992725,0.7150402864816477,1091605.0,0.6,0.8560429722470918,0.7363349472674172,0.02129466078576947,0.8357759382350287,0.7142124452700338,95.70020128421224,0.12156349296499491,0.12836223442760827,0.7363349472674172,1.270140654846435,0.20252923968839964,-7790245.0,-0.17567591299843244,0.19160340949271415,0.015927496494281712,0.19160340949271415,0.2144551165642795,-0.036201279111862106,-0.002238137869292759,0.2669028537895088,-1.0
123,0.7161434977578466,0.5775910364145659,0.6339602925809821,0.5476275738585507,1180682.0,0.6,0.8425395404356921,0.7374515119231839,0.18982393806463327,0.7914454206386475,0.7074130627634426,95.64053294193475,0.08403235787520491,0.1194962591171276,0.7374515119231839,1.2694077897651534,0.2054952340812144,-8970927.0,-0.05636925616641619,0.13744925006708186,0.08107999390066567,0.13744925006708186,0.21437617570712472,-0.22833354358521651,-0.013503431811399716,0.26597813892098476,-1.0
124,0.5439461883408064,0.4746498599439789,0.5806687565308287,0.4688451208594472,1263906.0,0.6,0.8197851387645495,0.7381060207578215,0.2692608998983743,0.7418146052880014,0.697675595746953,95.58599511916057,0.044139009541048324,0.10442480920191176,0.7381060207578215,1.2686296921521172,0.20758234936352593,-10234833.0,-0.10601889658684982,0.07297771391457175,0.03304118267227807,0.07297771391457175,0.20821914604158895,-0.3680463376372607,-0.022754401671142805,0.2652618356971478,-1.0
125,0.4560538116591907,0.37100840336134266,0.3549634273772234,0.3121754700089546,1397224.0,0.5,0.7859146523425861,0.7347926879377834,0.4226172179288288,0.6757162767835326,0.6819408967372388,94.84898133884762,-0.006224619953706156,0.08229492337078818,0.7347926879377834,1.2740403791726056,0.19554499670296133,-11632057.0,0.016044975984119247,0.09783671749810452,0.11388169348222377,0.11388169348222377,0.2057093887276664,-0.5655911299364618,-0.03387048642196344,0.26962384561741104,1.0
126,0.3224215246636767,0.3086834733893532,0.3716823406478603,0.2763652641002693,1464551.0,0.4,0.7186959116681603,0.7300659843112342,0.45370072021096486,0.614277659447646,0.6653867892826685,93.81062807919886,-0.05110912983502247,0.05561411272962606,0.7300659843112342,1.281445666910027,0.17868630171244138,-13096608.0,-0.06299886725850712,0.003491996619601423,0.059506870638905696,0.059506870638905696,0.19517026177449906,-0.7448127634950812,-0.06721874067442565,0.2756898412993964,1.0
127,0.25964125560538276,0.2449579831932759,0.3089864158829684,0.2933751119068958,1504655.0,0.29999999999999993,0.6601313040883333,0.725218297826261,0.4318431859193652,0.564908036749069,0.6502026391856982,92.72598523826397,-0.08529460243662923,0.027432369696375,0.725218297826261,1.2879006196832035,0.16253597596931846,-11591953.0,-0.06402843268969247,0.03140728090699338,0.03262115178269909,0.03262115178269909,0.182499455717867,-0.7054911476588464,-0.058564607579826955,0.2813411609284713,1.0
128,0.274887892376681,0.2407563025210088,0.35287356321839025,0.2584601611459284,1524089.0,0.19999999999999998,0.6049239033124457,0.7186559414131007,0.46019578026717234,0.5177622097332012,0.6342131502861158,91.27002979893614,-0.1164509405529146,-0.0013442923534829204,0.7186559414131007,1.295732014591838,0.14157986823436353,-13116042.0,-0.11211726069738145,0.052618809385887005,0.05949845131149445,0.05949845131149445,0.16996800223875017,-0.7193545251288015,-0.05520740077588767,0.2885380365893686,1.0
129,0.26591928251121144,0.21344537815125833,0.16687565308255117,0.20116383169203048,1583209.0,0.1,0.5708296031035524,0.7102417280558728,0.5090778963638424,0.4690547669576364,0.6165376678945205,89.42168160885718,-0.14748290093688404,-0.030572014070163148,0.7102417280558728,1.3055739158410513,0.11490954027069422,-14699251.0,0.04656972506870716,0.04501478299467007,0.09158450806337723,0.09158450806337723,0.14236422389407102,-0.6703828663635072,-0.03409430020889322,0.2976660938925893,1.0
130,0.21479820627802795,0.22745098039215464,0.29122257053291845,0.23339301700984763,1621898.0,0.1,0.4996568188600428,0.7014659737572536,0.468072956747406,0.4327991131195151,0.6008991107155542,87.46284551469134,-0.16809999759603916,-0.05807761077533835,0.7014659737572536,1.3123624297537155,0.0905695177607917,-13077353.0,-0.0637715901407638,0.026287148700124163,0.09005873884088797,0.09005873884088797,0.10906040498070745,-0.7853791059520876,-0.07117278424350963,0.30544822799823096,1.0
131,0.23901345291479928,0.40812324929971877,0.34137931034482916,0.5252461951656237,1670661.0,0.1,0.4666815875857964,0.6982859978795153,0.17303980271389163,0.4470217411266087,0.5978112366114754,86.5340493393978,-0.1507894954848667,-0.07661998771724401,0.6982859978795153,1.3112694311614483,0.08530256459758223,-11406692.0,0.06674393895488961,0.17473023228987114,0.10798629333498153,0.17473023228987114,0.10809242602547246,-0.4296685136580136,-0.0329752312742464,0.3064917166409665,0.0
132,0.5170403587443942,0.41652661064425656,0.48871473354231865,0.3748433303491495,1697772.0,0.6,0.42281408534765824,0.6861129683148827,0.31126963796573315,0.43591737023776883,0.5887105057436254,83.68772664732941,-0.15279313550585655,-0.09185461727496652,0.6861129683148827,1.301137625716981,0.07108831091278411,-13104464.0,-0.07218812289806209,0.1087195845213671,0.036531461623305006,0.1087195845213671,0.10501795781874061,-0.5840866196483575,-0.043867502238138144,0.3075123287010493,0.0
133,0.37264573991031325,0.3226890756302495,0.4563218390804614,0.3399283795881821,1717116.0,0.6,0.37887197851387727,0.6734045141050818,0.3334761345168997,0.42114983321475546,0.5785561332474849,80.69742732796158,-0.15740630003272943,-0.1049649538265191,0.6734045141050818,1.2913620299832398,0.055446998226924005,-14821580.0,-0.1336327634502119,0.052154254718900006,0.0814785087313119,0.0814785087313119,0.10117584276137552,-0.6080313822648917,-0.043942106833781004,0.3089787579390789,1.0
134,0.3600896860986559,0.36750700280112125,0.4584117032392946,0.47332139659802974,1735486.0,0.6,0.35872873769024244,0.6616102280772819,0.18828883147925213,0.42917622758141305,0.5742608378740377,77.7421241393071,-0.14508461029262465,-0.11298888511974023,0.6616102280772819,1.2725988957135665,0.05062156044099719,-13086094.0,-0.09090470043817334,0.027578623212939135,0.11848332365111247,0.11848332365111247,0.09508250227457538,-0.33804933016151384,-0.020143240823634834,0.30549433381814234,0.0
135,0.4641255605381168,0.5068627450980386,0.5817136886102418,0.5905998209489723,1796431.0,0.6,0.36230975828111084,0.6535664679480466,0.06296664699907428,0.4540106265610376,0.5749277351424024,75.4400448648865,-0.12091710858136479,-0.11457452981206515,0.6535664679480466,1.257737365009382,0.049395570886711315,-11289663.0,-0.07485094351220312,0.033541348500008894,0.10839229201221201,0.10839229201221201,0.09266108910333622,0.07846983815596031,0.0035810205908684742,0.30208544853066766,-1.0
136,0.5762331838565004,0.4648459383753497,0.5702194357366807,0.45720680393912116,1819387.0,0.6,0.36133989853775045,0.6443891451655511,0.18718234122642996,0.4545023461576658,0.5701227991749215,73.03300145890827,-0.11562045301725565,-0.11478371445310326,0.6443891451655511,1.2467898982991878,0.0419883920319144,-13109050.0,-0.10537349736133095,0.12575388257362263,0.020380385212291685,0.12575388257362263,0.09705910315825712,-0.024823372159641255,-0.0009698597433605016,0.30120037656681836,0.0
137,0.43901345291479854,0.4095238095238102,0.5838035527690749,0.48585496866607014,1830380.0,0.6,0.37581319009250996,0.6367502270873552,0.15089525842128504,0.45932582654357423,0.5666832958888458,70.83678105600646,-0.10735746934527157,-0.11329846543153693,0.6367502270873552,1.23766660267399,0.03583385150072038,-11278670.0,-0.17427974324526474,0.047682994415310986,0.12659674882995375,0.12659674882995375,0.0981186911039013,0.5563521651849634,0.014473291554759626,0.3004581877933174,0.0
138,0.501793721973096,0.4095238095238102,0.5702194357366807,0.43751119068934796,1842450.0,0.6,0.38924201730826663,0.6276013679713414,0.1900901772819934,0.4559697287198471,0.5614109650643765,68.30051005879457,-0.1054412363445294,-0.11172701961413542,0.6276013679713414,1.2269665848836353,0.02823615105904731,-13121120.0,-0.16069562621287048,0.07633115914225996,0.08436446707061052,0.08436446707061052,0.10019015747321003,0.5830903790087476,0.013428827215756556,0.299682608456147,0.0
139,0.44887892376681504,0.38011204481792615,0.5723092998955067,0.45094001790510274,1850098.0,0.6,0.4023724261414505,0.6172605048442912,0.16632048693918844,0.4551959270560403,0.5569019468129774,65.37010621414478,-0.10170601975693716,-0.10972281964269577,0.6172605048442912,1.21119599664527,0.02332501304331236,-11271022.0,-0.19219725507758056,0.05739914587142181,0.13479810920615876,0.13479810920615876,0.108704903925165,0.5370765944461269,0.013130408833183912,0.2969677459004894,0.0
140,0.4452914798206272,0.36680672268907555,0.5179728317659368,0.43751119068934796,1866850.0,0.6,0.4172933452700687,0.6044367883346836,0.16692559764533565,0.45247519838424144,0.5520288547262986,61.88202961320015,-0.09955365634205715,-0.10768898698256806,0.6044367883346836,1.1863943640544936,0.022479212614873623,-13137872.0,-0.15116610907686123,0.08413329521602719,0.06703281386083404,0.08413329521602719,0.11075780758387606,0.692760651195006,0.014920919128618296,0.290978787859905,0.0
141,0.4210762331838559,0.3640056022408963,0.5420062695924791,0.4196060877350035,1874258.0,0.6,0.4354968666069832,0.5919165151332436,0.1723104273982401,0.44741841213051253,0.5466238438286947,58.507924579813455,-0.09920543169818213,-0.10599227592569087,0.5919165151332436,1.1630587314001544,0.020774298866332863,-15012130.0,-0.17800066735158282,0.07350558844845168,0.10449507890313114,0.10449507890313114,0.11183368848718889,1.0858923008455852,0.01820352133691442,0.2855711081334554,0.0
142,0.40134529147981934,0.3254901960784288,0.4563218390804614,0.3506714413607902,1897254.0,0.6,0.44527006863622837,0.5773202029245011,0.22664876156371094,0.43253426278132445,0.5386257865851066,54.726676558801145,-0.10609152380378217,-0.10601212550130913,0.5773202029245011,1.1361818821642278,0.01845852368477452,-16909384.0,-0.13083164300203265,0.09411589165657475,0.0367157513454579,0.09411589165657475,0.11217178455516279,0.5024932873034251,0.009773202029245214,0.2794308396198633,0.0
143,0.3484304932735419,0.3240896358543409,0.42497387669801723,0.341718889883618,1910678.0,0.6,0.4299761265293946,0.5615226797970765,0.2198037899134585,0.41856266695090805,0.5305887703932092,50.8991315381848,-0.11202610344230113,-0.10721492108950753,0.5615226797970765,1.102614544353907,0.020430815240245925,-18820062.0,-0.10088424084367631,0.026581805506449285,0.07430243533722702,0.07430243533722702,0.10380280147577577,-0.3494119652292479,-0.015293942106833809,0.2705459322784153,0.0
144,0.34215246636771324,0.3163865546218453,0.4343782654127487,0.4052820053715308,1924416.0,0.6,0.43251268278125976,0.5678267681289179,0.16254476275738705,0.4165194882463885,0.5254742085555896,52.38338275684033,-0.10895472030920106,-0.10756288093344624,0.5678267681289179,1.0939237586324593,0.04172977762537655,-16895646.0,-0.11799171079090343,0.025332335261772698,0.09265937552913073,0.09265937552913073,0.10246445072642274,0.08120372581800783,0.0025365562518651053,0.26304849525177065,0.0
145,0.39865470852018203,0.3100840336134446,0.4343782654127487,0.3399283795881821,1932542.0,0.6,0.4325126827812597,0.5728252760370048,0.23289689644882272,0.40473624076051057,0.5179009094140627,53.67815707059559,-0.11316466865355218,-0.10868323847746744,0.5728252760370048,1.0851432056485493,0.060507346425460296,-18828188.0,-0.1242942317993041,0.0951979717580862,0.029096260041217903,0.0951979717580862,0.10360773931198726,0.0,-2.3129646346357427e-18,0.25615896480577227,0.0
146,0.33766816143497846,0.26946778711484354,0.3549634273772234,0.2593554162936428,1948911.0,0.6,0.41468218442256083,0.5720978812294848,0.312742464935842,0.38236996007330015,0.5073480321438415,53.96683851122994,-0.12497807207054135,-0.11194220519608224,0.5720978812294848,1.0861277367629891,0.058068025695980574,-20777099.0,-0.08549564026237988,0.07046059247333858,0.0150350477890413,0.07046059247333858,0.09960584504717278,-0.4520522035180643,-0.017830498358698915,0.2570149277667521,0.0
147,0.24170403587444014,0.2876750700280105,0.3539184952978104,0.2817367949865698,1958803.0,0.6,0.3889435989256939,0.5737018800358111,0.29196508504924135,0.36688793467534164,0.4981394102190549,54.72790426977424,-0.13125147554371325,-0.11580405926560844,0.5737018800358111,1.0835121453687457,0.06389161470287652,-18818296.0,-0.06624342526979987,0.028319653734367733,0.0945630790041676,0.0945630790041676,0.09845341062983574,-0.5229649840836783,-0.02573858549686688,0.2549051326664673,0.0
148,0.3000000000000028,0.25546218487394723,0.3904911180773304,0.2942703670546102,1969319.0,0.6,0.37536556251865133,0.5745038794389744,0.2802335123843642,0.3557160011952291,0.4898182247837714,55.21511450342232,-0.1341022235885423,-0.11946369213019521,0.5745038794389744,1.0823884922695224,0.06661926660842643,-16848977.0,-0.13502893320338316,0.026274610112622554,0.10875432309076061,0.10875432309076061,0.09703678067293058,-0.3563736048560786,-0.013578036407042584,0.253942306415274,0.0
149,0.2820627802690602,0.24845938375350088,0.35914315569488264,0.2763652641002693,1977449.0,0.6,0.35790808713816796,0.570437928976426,0.2940726648761567,0.34350819548831224,0.48110585904158765,54.42183532810617,-0.1375976635532754,-0.12309048641481127,0.570437928976426,1.0847740495014553,0.05610180845139656,-18826426.0,-0.11068377194138176,0.045810983301109304,0.06487278864027246,0.06487278864027246,0.09189311732379046,-0.43117744610281816,-0.017457475380483405,0.2571680602625147,0.0
150,0.26591928251121144,0.2407563025210088,0.3716823406478603,0.2996418979409142,1985329.0,0.6,0.34641897940913186,0.561392121754701,0.26175022381378676,0.3367595343271741,0.4736991667517642,52.33378042308213,-0.13693963242459012,-0.12586031561676705,0.561392121754701,1.079249137435085,0.04353510607431699,-16841097.0,-0.13092603812685152,0.035608961579260495,0.09531707654759103,0.09531707654759103,0.0928058347802055,-0.3151217515858399,-0.011489107729036148,0.258928507840192,0.0
151,0.28834080717488886,0.29327731092436904,0.4082549634273803,0.3094897045658008,1994219.0,0.6,0.33463145329752325,0.5449231572664885,0.23543345270068772,0.33256417590234744,0.4669967397237657,48.385593432294016,-0.13443256382141827,-0.12757476525769731,0.5449231572664885,1.0426972825264285,0.04714903200654874,-14846878.0,-0.11497765250301129,0.006364587016545187,0.1086130654864661,0.1086130654864661,0.09062374780356446,-0.3136787770498318,-0.011787526111608495,0.2488870626299699,0.0
152,0.3206278026905828,0.263865546218485,0.3601880877742992,0.2763652641002693,2003750.0,0.6,0.32120262608176675,0.5345158161742771,0.25815055207400783,0.3239181894712585,0.45921586316770463,46.07583011500833,-0.13529767369644613,-0.12911934694544708,0.5345158161742771,1.033448299390283,0.03558333295827126,-16850628.0,-0.09632254155581421,0.04562415834731581,0.0506983832084984,0.0506983832084984,0.08783750513627038,-0.3683241252302031,-0.013428827215756558,0.24946624160800293,0.0
153,0.26950672645739926,0.22815126050420034,0.24629049111808002,0.19668755595344792,2035199.0,0.6,0.30262608176663713,0.5244628469113705,0.32777529095792257,0.3043442458531338,0.4485004220569186,44.088019934874715,-0.1441561762037848,-0.13212671279711463,0.5244628469113705,1.0308732261124551,0.01805246771028579,-18885827.0,-0.018139230613879676,0.04821400359606895,0.030074772982189274,0.04821400359606895,0.08314741552734854,-0.5312566673778498,-0.018576544315129635,0.25320518960054234,1.0
154,0.21121076233184014,0.26946778711484354,0.28808777429467225,0.33903312444046774,2048785.0,0.6,0.3016562220232769,0.5180095493882432,0.17897642494777544,0.30968099640503133,0.44403236909298177,42.5839033473312,-0.13435137268795044,-0.1325716447752818,0.5180095493882432,1.0258403494098576,0.01017874936662877,-16837042.0,-0.018619987179828712,0.07278023116139562,0.09140021834122433,0.09140021834122433,0.082921109417736,-0.0331886647944859,-0.0009698597433602079,0.2539154000108072,0.0
155,0.346636771300448,0.29747899159663616,0.44064785788923755,0.3381378692927498,2067812.0,0.6,0.3013578036407046,0.5068375111906901,0.1686996418979403,0.3140589768492957,0.4397101446113396,40.07749338252264,-0.12565116776204394,-0.13118754937263422,0.5068375111906901,1.0061633601169278,0.0075116622644523234,-18904854.0,-0.1431688662926014,0.04155413284383158,0.10161473344876981,0.10161473344876981,0.08519713426036457,-0.010479434110557406,-0.0002984183825723505,0.24966292446311888,0.0
156,0.3340807174887871,0.29747899159663616,0.4134796238244526,0.38379588182632174,2082005.0,0.6,0.2995672933452705,0.4977170993733222,0.11392121754700046,0.32478773146114587,0.43742792980378786,37.93989248834796,-0.112640198342642,-0.12747807916663578,0.4977170993733222,0.9894937724708837,0.005940426275760746,-16822849.0,-0.11600063222781642,0.04065887769611365,0.07534175453170278,0.07534175453170278,0.08375399917724557,-0.05301524188203788,-0.0017905102954340914,0.24588833654878073,0.0
157,0.36457399103139065,0.3254901960784288,0.4343782654127487,0.3909579230080581,2095021.0,0.6,0.3038197552969268,0.4933713816771121,0.10241345866905399,0.3349677609299016,0.43553119483253355,36.95719727871924,-0.10056343390263195,-0.12209515011383501,0.4933713816771121,0.9851584906681248,0.0015842726860993972,-14727828.0,-0.10888806933431994,0.058305685747892966,0.05058238358642697,0.058305685747892966,0.08067964200972948,0.15011851461680692,0.004252461951656329,0.24589355449550634,0.0
158,0.38251121076232975,0.36750700280112125,0.4594566353187076,0.3336615935541637,2111504.0,0.6,0.31001193673530353,0.4848664577737997,0.15120486421963603,0.334766812102865,0.4313732519232123,35.00935241264429,-0.09660643982034728,-0.11699740805513748,0.4848664577737997,0.9732037002786113,-0.003470784731011811,-16839332.0,-0.09194963251758637,0.023450920206936843,0.06849871231064952,0.06849871231064952,0.08051615199617206,0.28650327925440844,0.00619218143837674,0.24416862125240577,0.0
159,0.32869955156950537,0.36750700280112125,0.4552769070010484,0.4437779767233664,2123619.0,0.6,0.32351536854670326,0.4793270665473001,0.03554908982393373,0.3515377605060191,0.43187956722117776,33.412563119893264,-0.08034180671515867,-0.10966628778714171,0.4793270665473001,0.963259552652949,-0.004605419558348756,-14715713.0,-0.08776990419992714,0.03384540924695756,0.1216153134468847,0.1216153134468847,0.08277050486639848,0.5751509374007076,0.013503431811399715,0.24196624305282444,0.0
160,0.4524663677130064,0.4095238095238102,0.5649947753396048,0.47332139659802974,2137306.0,0.6,0.3384362876753215,0.47373172187406815,0.0004103252760384035,0.3702737045201746,0.43357107046104926,31.64087070606203,-0.06329736594087465,-0.1003925034178883,0.47373172187406815,0.9514327746740809,-0.003969330925944703,-12578407.0,-0.15547096581579467,0.03425416719955621,0.12121679861623846,0.12121679861623846,0.08380904449352163,0.6084575600851838,0.014920919128618294,0.23885052640000642,0.0
161,0.4739910313901333,0.39481792717086817,0.585893416927901,0.49033124440465625,2144500.0,0.6,0.3562667860340205,0.4689756789018211,-0.021355565502835128,0.38874409527163334,0.43588781225466583,29.9180600792713,-0.04714371698303249,-0.08974274613091715,0.4689756789018211,0.9412313664140369,-0.00328000861039468,-10433907.0,-0.1910754897570328,0.07850346942716158,0.11257202032987124,0.11257202032987124,0.08778398046765486,0.7742144476838342,0.01783049835869891,0.2361278437561079,0.0
162,0.49730941704036125,0.3878151260504218,0.5827586206896548,0.45541629364368885,2154025.0,0.6,0.3692479856759184,0.4559012235153692,0.00048492987168036183,0.39900135655964186,0.43668489312768716,26.19029961670425,-0.037683536568045295,-0.07933090421834278,0.4559012235153692,0.8920852322320183,0.01971721479872013,-12587932.0,-0.194943494639233,0.10251611835423446,0.09242737628499853,0.10251611835423446,0.08838390061820849,0.5198685389901363,0.012981199641897883,0.21809200435832454,0.0
163,0.45336322869955337,0.35350140056022494,0.49707419017764065,0.3775290957923033,2166031.0,0.6,0.37491793494479353,0.4430132796180252,0.06548418382572191,0.39569793182620516,0.4342703707874674,22.724594263028393,-0.03857243896126222,-0.07117921116692667,0.4430132796180252,0.8495360547852274,0.036490504450823025,-14753963.0,-0.1435727896174157,0.10191489308346391,0.0416578965339518,0.10191489308346391,0.08782571958462497,0.21984379519815844,0.005669949268875205,0.2032613875836011,0.0
164,0.36457399103139065,0.32899159663865374,0.4730407523510983,0.4196060877350035,2174424.0,0.6,0.38685467024768805,0.43256863622799235,0.012962548492988835,0.399376109658328,0.43367182862206066,19.737470007469895,-0.03429571896373268,-0.06380251272628788,0.43256863622799235,0.8139103920928596,0.051226880363125005,-12579539.0,-0.1440491557124446,0.04853749915364958,0.09551165655879501,0.09551165655879501,0.09156015903048302,0.5183025591188783,0.011936735302894517,0.19067087793243367,0.0
165,0.4273542600896846,0.36750700280112125,0.5284221525600848,0.42408236347358963,2182409.0,0.6,0.4058042375410333,0.42868919725455146,0.004606833780961828,0.40317707178375284,0.4332804218813067,18.374583280193605,-0.030103350097553883,-0.05706268020054109,0.42868919725455146,0.8064165370979853,0.050961857411117584,-10397130.0,-0.1609151497589636,0.05209908493388227,0.10881606482508133,0.10881606482508133,0.09661033079956738,1.1561219845243365,0.01894956729334514,0.18886366992171694,0.0
166,0.4004484304932724,0.35350140056022494,0.4834900731452464,0.40170098478066263,2194572.0,0.6,0.4110265592360494,0.4144024171888994,0.01270143240823679,0.40294998147558514,0.43199146526495386,14.462213273837108,-0.029041483789368716,-0.05145844091830662,0.4144024171888994,0.7383947177615444,0.09041011661625437,-12591702.0,-0.12998867258502145,0.07058096291336469,0.05940770967165676,0.07058096291336469,0.09487539284724573,0.18484288354897616,0.005222321695016238,0.16199615028632253,0.0
167,0.40493273542600716,0.3254901960784288,0.5085684430512017,0.3820053715308894,2203128.0,0.6,0.41468218442256105,0.40317442554461413,0.02116905401372471,0.39972773379178583,0.42995121654111446,11.372011401880215,-0.030223482749328623,-0.04721144928451102,0.40317442554461413,0.6907643050711008,0.11558454601812757,-14794830.0,-0.18307824697277297,0.07621078870223386,0.10686745827053912,0.10686745827053912,0.09531311991572651,0.12973259200424092,0.003655625186511633,0.14379493976324328,0.0
168,0.42833787465939677,0.3453669384729444,0.5022641509433953,0.4241650294695475,2210661.0,0.1,0.4180462800594966,0.3932350853834213,-0.030929944086126204,0.4034873177422107,0.4297150456402341,8.400929707785664,-0.026227727898023412,-0.0430147050072135,0.3932350853834213,0.640678923169018,0.14579124759782452,-12584169.0,-0.15689721247045085,0.03663843305794501,0.12025877941250585,0.12025877941250585,0.09905620532246011,0.10518389997080235,0.0033640956369354763,0.12372191889279838,0.0
169,0.43719346049046093,0.3209043736100824,0.49320754716981197,0.41892599869023994,2223595.0,0.1,0.4203769530330117,0.38389534240626894,-0.03503065628397101,0.40586249942652286,0.42927467637696903,5.5811085359444235,-0.023412176950446173,-0.03909419939586004,0.38389534240626894,0.5883630198213559,0.17942766499118198,-14807764.0,-0.17230317355972957,0.10326065585946509,0.06904251770026448,0.10326065585946509,0.10280245283175778,0.07153730372566303,0.0023306729735151515,0.10223383870754348,0.0
170,0.4269754768392374,0.38020756115641274,0.5007547169811332,0.4680419122462339,2239839.0,0.1,0.43157531292401763,0.37874954294303104,-0.08929236930320289,0.4154285629372476,0.4308570125348982,3.984011707813565,-0.015428449597650606,-0.034361049436218156,0.37874954294303104,0.5603231099200592,0.19717597596600284,-12567925.0,-0.12054715582472042,0.0387184375338272,0.08182871829089322,0.08182871829089322,0.10391328666344475,0.40274434123703284,0.01119835989100585,0.0907867834885141,-1.0
171,0.48079019073569496,0.34759080800593123,0.5233962264150968,0.45363457760314174,2247818.0,0.1,0.4323966963306655,0.3767913555210434,-0.07684322208209832,0.4213064113473852,0.4317867090682959,3.688650823437527,-0.010480297720910692,-0.029584899093156664,0.3767913555210434,0.5528689993780034,0.20071371166408353,-14815743.0,-0.17580541840916553,0.1204511042403027,0.05535431416886283,0.1204511042403027,0.10381626922956293,0.02221065802442812,0.0008213834066479441,0.08803882192847995,-1.0
172,0.484196185286104,0.34610822831727217,0.5158490566037756,0.44053700065488,2256851.0,0.1,0.42966466333540304,0.37620160301678157,-0.06433539763809842,0.42426496354853827,0.432143863826932,3.52114915165717,-0.007878900278393719,-0.025243699330204077,0.37620160301678157,0.551206070462211,0.20119713557135216,-17072594.0,-0.1697408282865034,0.10752634928586957,0.062214479000633816,0.10752634928586957,0.10267539845203218,-0.0692645550756541,-0.002732032995262481,0.0875022337227147,0.0
173,0.4521798365122599,0.32016308376575464,0.4358490566037737,0.3796332678454476,2274072.0,0.1,0.420439831955469,0.3776069738050419,-0.0020262940404057184,0.4173985488249859,0.4300005741950346,3.9012475291022213,-0.01260202537004873,-0.022715364538173008,0.3776069738050419,0.5515915047879749,0.20362244282210887,-19346666.0,-0.11568597283801907,0.12037391688912535,0.004687944051106285,0.12037391688912535,0.10332555649863669,-0.2257616209907538,-0.009224831379934057,0.0869922654914665,0.0
174,0.39836512261580237,0.2608598962194243,0.41773584905660355,0.3730844793713167,2290010.0,0.1,0.4135788474327713,0.37962195745652205,0.006537478085205328,0.41058099967826756,0.42767746828386244,4.45252487506994,-0.017096468605594883,-0.021591585351657384,0.37962195745652205,0.5510379455723505,0.20820596934069355,-21636676.0,-0.15687595283717926,0.1187733716260233,0.03810258121115595,0.1187733716260233,0.1046803276046191,-0.18078363778698558,-0.00686098452269768,0.08570799405791425,0.0
175,0.3833787465940034,0.2734618235730174,0.44792452830188834,0.38487229862475514,2299349.0,0.1,0.4141907810021423,0.3815281488464774,-0.0033441497782777385,0.40662581490080413,0.42593031850185803,4.986148067296881,-0.0193045036010539,-0.02113416900153669,0.3815281488464774,0.5510506492298914,0.2120056484630634,-19337327.0,-0.17446270472887093,0.09962265579829932,0.07484004893057161,0.09962265579829932,0.10448930783085537,0.019450693772465444,0.0006119335693709829,0.084761250191707,0.0
176,0.4065395095367833,0.26160118606375204,0.4184905660377346,0.34885396201702645,2314063.0,0.1,0.4082947705256443,0.383411353031292,0.034557391014265526,0.3977378375340691,0.42278434476778326,5.547436513733331,-0.025046507233714155,-0.021916636647972183,0.383411353031292,0.5493187127246874,0.2175039933378966,-21651390.0,-0.15688937997398256,0.1232711125610031,0.03361826741297946,0.1232711125610031,0.10680259583103939,-0.16861558443989877,-0.005896010476498091,0.08295367984669769,0.0
177,0.3547683923705719,0.291252779836919,0.41773584905660355,0.4058284217419782,2324476.0,0.1,0.40677360871467655,0.3876751986573325,-0.018153223084645675,0.3989825427968244,0.422092266276934,6.752508157189837,-0.023109723480109645,-0.02215525401439968,0.3876751986573325,0.5447325587504787,0.2306178385641864,-19326914.0,-0.12648306921968455,0.05760118218010746,0.0688818870395771,0.0688818870395771,0.10347474768224736,-0.04304338803928642,-0.0015211618109676219,0.07852868004657305,0.0
178,0.4188010899182565,0.291252779836919,0.4539622641509474,0.39993451211526077,2332681.0,0.1,0.4066264026592265,0.39114481313869537,-0.008789698976565397,0.3991289996150454,0.4211878681478861,7.793763350043463,-0.022058868532840725,-0.02213597691808789,0.39114481313869537,0.5414938773781306,0.2407957488992601,-21659595.0,-0.16270948431402843,0.1145756419050592,0.04813384240896923,0.1145756419050592,0.10714097093155524,-0.004397481540570292,-0.0001472060554501576,0.07517453211971764,0.0
179,0.4269754768392374,0.291252779836919,0.3981132075471713,0.33903077930582837,2347352.0,0.1,0.40304518664047134,0.3872653253082829,0.048234546002454526,0.3898831195674735,0.41783451758290413,7.778961636199611,-0.027951398015430617,-0.023299061137556434,0.3872653253082829,0.5330185865188484,0.2415120640977174,-24006947.0,-0.10686042771025228,0.10868173227834177,0.001821304568089488,0.10868173227834177,0.10729216043220546,-0.1124973506336836,-0.0035812160187550907,0.07287663060528275,0.0
180,0.3588555858310606,0.21267605633803158,0.32037735849056614,0.2715782580222651,2378112.0,0.1,0.3903296223531978,0.3851139696348061,0.113535711612541,0.37168237163744144,0.4118648743355311,7.9965381065566845,-0.04018250269808965,-0.026675749449663076,0.3851139696348061,0.5346164598248567,0.23561147944475547,-26385059.0,-0.10770130215253457,0.1263547229677968,0.018653420815262223,0.1263547229677968,0.10780015572847972,-0.3597344449590869,-0.012715564287273535,0.07475124509502531,1.0
181,0.28051771117166024,0.20526315789473984,0.3362264150943396,0.3364112639161746,2392835.0,0.1,0.3834533944553591,0.38504069639163935,0.04862943247546475,0.3662560473726312,0.408785135134741,8.288835552694096,-0.04252908776210984,-0.02984641711215243,0.38504069639163935,0.5346370737852112,0.23544431899806748,-23992224.0,-0.13096325719959975,0.06631510012752526,0.0646481570720745,0.06631510012752526,0.10472135941748473,-0.1969673284352016,-0.006876227897838781,0.07479818869678594,0.0
182,0.35204359673024255,0.23343217197924418,0.3573584905660375,0.3030124426980997,2405068.0,0.1,0.3697009386596812,0.38149259318539075,0.07848015048729107,0.3565262620380879,0.404467882382225,8.491405054625915,-0.04794162034413707,-0.03346545775854936,0.38149259318539075,0.5306134275671126,0.23237175880366892,-26397292.0,-0.12392631858679334,0.10297909193693042,0.020947226649862927,0.10297909193693042,0.1064838905546545,-0.3525954946131261,-0.013752455795677855,0.07456041719086091,1.0
183,0.31117166212533787,0.23343217197924418,0.36943396226415215,0.36195153896529175,2423139.0,0.1,0.3620606854398603,0.3767290873107308,0.01477754834543904,0.3573609200268885,0.4027325214264318,8.574764978758822,-0.04537160139954327,-0.035846686486748144,0.3767290873107308,0.5125800305995217,0.24087814402193986,-23974153.0,-0.13600179028490797,0.0695802707188555,0.06642151956605247,0.0695802707188555,0.10224465442786722,-0.2021076945286523,-0.007640253219820835,0.06792547164439547,0.0
184,0.37247956403269666,0.23194959229058867,0.3422641509433987,0.28074656188604974,2445274.0,0.1,0.3487448155424578,0.37305283226795843,0.0923062703819087,0.34557409569752867,0.3977535026696815,8.718297032647826,-0.05217940697215284,-0.03911323058382908,0.37305283226795843,0.5095560144519932,0.23654965008392367,-26419427.0,-0.11031455865281001,0.13000194667470308,0.01968738802189307,0.13000194667470308,0.10411762087693667,-0.3627174074624694,-0.013315869897402523,0.06825159109201738,1.0
185,0.2859673024523154,0.17190511489992702,0.3422641509433987,0.2833660772757035,2459010.0,0.1,0.3407225496616459,0.3688343136973258,0.08546823642162227,0.3360036313249402,0.39308462816380485,8.809989126176006,-0.05708099683886464,-0.0427067838348362,0.3688343136973258,0.5036010417605561,0.23406758563409547,-23960417.0,-0.17035903604347166,0.10884144698612272,0.06151758905734894,0.10884144698612272,0.10315658171835312,-0.253579437640158,-0.008022265880812009,0.06738336403161516,1.0
186,0.3070844686648492,0.20229799851742172,0.3422641509433987,0.3213490504256725,2473778.0,0.1,0.33641126391617554,0.3664142691084993,0.04506521868282676,0.33374908041736057,0.3901566453989831,8.996119463189018,-0.05640756498162253,-0.04544694006419346,0.3664142691084993,0.5003121512527269,0.2325163869642717,-21486639.0,-0.13996615242597696,0.08106807875828179,0.05889807366769517,0.08106807875828179,0.10001447397937467,-0.13866947516236372,-0.004311285745470353,0.06694894107211379,0.0
187,0.3356948228882807,0.20081541882876622,0.3573584905660375,0.30890635232482067,2492846.0,0.1,0.33008076839118095,0.36345523440891,0.05454888208408931,0.3299271222492775,0.3868403069061601,9.209574670511515,-0.05691318465688261,-0.04774018898273129,0.36345523440891,0.4959930906276815,0.23091737819013844,-23979485.0,-0.1565430717372713,0.1205336315969063,0.036009440140365,0.1205336315969063,0.10175705529592526,-0.1973796154500591,-0.006330495524994542,0.06626892810938577,1.0
188,0.32615803814713684,0.18747220163083825,0.3271698113207563,0.25782580222658635,2518447.0,0.1,0.32249508840864427,0.35971178881593585,0.1018859865893495,0.3188346114765558,0.3815744087559734,9.486453848963635,-0.06273979727941764,-0.05074011064206856,0.35971178881593585,0.49384556736810997,0.22557801026376173,-26497932.0,-0.13969760968991804,0.12143415069398242,0.018263458995935622,0.12143415069398242,0.1016039751403402,-0.26093486014642797,-0.007585679982536678,0.06706688927608706,1.0
189,0.2832425068119896,0.13113417346182601,0.25169811320754787,0.24014407334643054,2576260.0,0.1,0.30868805937568194,0.3559729968495072,0.11582892350307664,0.3067283748411519,0.3758017420045635,9.770532050146983,-0.06907336716341161,-0.05440676194633717,0.3559729968495072,0.4932543880506574,0.21869160564835693,-29074192.0,-0.12056393974572185,0.12669162876476034,0.006127689019038485,0.12669162876476034,0.10642145361743881,-0.4082620622882056,-0.013807029032962307,0.06864069560057512,1.0
190,0.26825613079018706,0.2171237954040052,0.20641509433962427,0.27878192534381296,2631505.0,0.1,0.29859201047806133,0.3544752985991535,0.07569337325534053,0.3024289210723305,0.3718417494877982,10.22736270010705,-0.0694128284154677,-0.05740797524016328,0.3544752985991535,0.4935498402455083,0.21540075695279873,-26442687.0,0.010708701064380932,0.023020277942425338,0.03372897900680627,0.03372897900680627,0.09968423170925106,-0.302931062714917,-0.010096048897620653,0.06953727082317739,1.0
191,0.28392370572206926,0.2171237954040052,0.3422641509433987,0.34885396201702645,2654010.0,0.1,0.2994106090373278,0.35462394593526625,0.005769983918239796,0.30957123506382217,0.37090347244817484,10.88865457829003,-0.06133223738435267,-0.05819282766900116,0.35462394593526625,0.49365803587049384,0.21558985600003866,-23788677.0,-0.12514035553939348,0.061658129939807765,0.06348222559958572,0.06348222559958572,0.09591760615268806,0.028974309445623847,0.0008185985592665049,0.0695170449676138,-1.0
192,0.6395095367847382,0.7523350630096374,0.49320754716981197,0.4608382449246896,172209.0,0.1,0.31518227461252984,0.35578136759262363,-0.10505687733206598,0.33284308273472485,0.37457427948803257,9.120306253502918,-0.04173119675330772,-0.05490050148586248,0.35578136759262363,0.49743844671141113,0.2141242884738361,-23616468.0,0.2591275158398254,0.4034811009926109,0.1443535851527855,0.4034811009926109,0.11901147098808922,0.6968893175789801,0.01577166557520204,0.07082853955939376,-1.0
193,0.4950953678474107,0.5277242401779126,0.3573584905660375,0.49620170268500485,239215.0,0.1,0.32849814450993237,0.3590370618238075,-0.13716464086119734,0.357975178111691,0.37953866410831716,8.505476563328216,-0.021563485996626164,-0.04823309838801522,0.3590370618238075,0.5062788892182298,0.2117952344293852,-23377253.0,0.17036574961187512,0.06688599525322303,0.10347975435865209,0.17036574961187512,0.12768235844511835,0.47498540003894196,0.01331586989740252,0.07362091369721116,-1.0
194,0.5271117166212512,0.39280948851000586,0.5083018867924544,0.434643091028159,266266.0,0.1,0.33946736520410403,0.36268888838077656,-0.07195420264738245,0.36977024163730143,0.3817878243907597,9.81167153421272,-0.012017582753458267,-0.040989995261103834,0.36268888838077656,0.5085193206279783,0.2168584561335748,-23643519.0,-0.1154923982824485,0.103392214174999,0.012100184107449508,0.103392214174999,0.12771678529829075,0.434406743030044,0.010969220694171609,0.07291521612360088,-1.0
195,0.4739782016348769,0.33943661971831174,0.43283018867924594,0.39666011787819355,292638.0,0.1,0.3423597467801791,0.365083124274352,-0.03157699360384153,0.3739071456743618,0.3823948567780019,10.084397868856811,-0.008487711103640105,-0.03448953842961109,0.365083124274352,0.509248277898701,0.22091797065000304,-23936157.0,-0.0933935689609342,0.09520647130984727,0.0018129023489130702,0.09520647130984727,0.12985230201420675,0.09589288945178387,0.0028923815760751475,0.07208257681217449,-1.0
196,0.4051771117166204,0.2623424759080798,0.3324528301886772,0.35212835625409367,339690.0,0.1,0.3483082296441828,0.36628849904934135,0.014160142795247688,0.3705565626866282,0.3811594894096791,10.222975749383451,-0.01060292672305091,-0.029712216088299055,0.36628849904934135,0.5089951134939026,0.22358188460478012,-24275847.0,-0.07011035428059742,0.13431764197011375,0.06420728768951633,0.13431764197011375,0.13021194328882432,0.25425705621647676,0.005948482864003658,0.07135330722228062,-1.0
197,0.3513623978201629,0.37353595255744876,0.4169811320754725,0.41958087753765694,391991.0,0.1,0.35965946299934565,0.36927215766262017,-0.05030871987503677,0.3780987649714018,0.38272770933327,11.410142296639847,-0.00462894436186817,-0.02469556174301288,0.36927215766262017,0.5102768873692702,0.22826742795597008,-23883856.0,-0.043445179518023735,0.021407596303355092,0.06485277582137883,0.06485277582137883,0.12654622069176233,0.4807025652877357,0.011351233355162783,0.07050236485332505,-1.0
198,0.4514986376021767,0.32461082283172826,0.38830188679245337,0.4077930582842185,410879.0,0.1,0.36686313032089113,0.3715253068364391,-0.03626775144777944,0.3826671177887583,0.3837507848006556,12.603036657175082,-0.0010836670118973268,-0.019973182796789772,0.3715253068364391,0.511436898424734,0.2316137152481441,-24294735.0,-0.0636910639607251,0.09497005470592867,0.03127899074520357,0.09497005470592867,0.12770471868739955,0.2690034644385555,0.007203667321545498,0.0699557957941475,-1.0
199,0.43310626702997224,0.291252779836919,0.3724528301886799,0.29777341191879214,423018.0,0.1,0.3659353852870553,0.371281217406293,0.07350780548750085,0.36960654765491735,0.38024150427486525,13.463551289556406,-0.0106349566199479,-0.018105537561421397,0.371281217406293,0.5116749780713514,0.23088745674123456,-24717753.0,-0.08120005035176092,0.11654027844729953,0.035340228095538606,0.11654027844729953,0.12737193925826565,-0.03603985584058833,-0.0009277450338357127,0.07019688033252922,1.0
200,0.31117166212533787,0.1896960711638286,0.28188679245283266,0.2440733464309112,455068.0,0.1,0.3647893473040824,0.3706084691215148,0.1265351226906036,0.3502937474666087,0.3746836202812345,14.038653371662477,-0.02438987281462579,-0.019362404612062276,0.3706084691215148,0.5131532360529575,0.22806370219007213,-25172821.0,-0.09219072128900405,0.10807734075496353,0.015886619465959484,0.10807734075496353,0.1262588717633474,-0.0533401066802035,-0.0011460379829729324,0.07127238346572133,1.0
201,0.25803814713896356,0.1,0.1,0.1,536654.0,0.1,0.3531106745252133,0.3685941450391513,0.26859414503915124,0.3117870170871304,0.36347204394322485,14.551953874852273,-0.05168502685609444,-0.02582692906086871,0.3685941450391513,0.5233854455149829,0.21380284456331963,-25709475.0,0.0,0.1440733464309112,0.1440733464309112,0.1440733464309112,0.12770734823552662,-0.5835833106081258,-0.011678672778869213,0.07739565023791582,1.0
202,0.1,0.11334321719792442,0.13094339622641585,0.19757694826457098,559471.0,0.1,0.3463435931019431,0.36564714136882004,0.16807019310424906,0.2942162372682751,0.35670081554817773,14.787792556955708,-0.062484578279902614,-0.033158458904675496,0.36564714136882004,0.5279419164039876,0.20335236633365247,-25150004.0,-0.017600179028491425,0.013343217197924417,0.030943396226415842,0.030943396226415842,0.12747521633716077,-0.2912849424477374,-0.0067670814232701675,0.08114738751758378,1.0
203,0.20149863760218026,0.14151223128243587,0.24188679245282999,0.2591355599214168,575003.0,0.1,0.3388670595939756,0.364001259923584,0.10486570000216722,0.28881920998414307,0.3527185602164732,15.468911399817756,-0.06389935023233012,-0.039306637170206424,0.364001259923584,0.5290152910589936,0.19898722878817449,-24575001.0,-0.10037456117039412,0.05606471698213511,0.04430984418825901,0.05606471698213511,0.12685709061903988,-0.2571804017270436,-0.007476533507967474,0.08250701556770476,1.0
204,0.26893732970027384,0.2764269829503355,0.26830188679245237,0.4012442698100841,605542.0,0.1,0.33390089500109177,0.36436476800657897,-0.03687950180350513,0.3061153730342878,0.35469920142437567,16.33635338104058,-0.048583828390087846,-0.04116207541418271,0.36436476800657897,0.5296336089873821,0.19909592702577578,-23969459.0,0.00812509615788315,0.01729142302891873,0.00916632687103558,0.01729142302891873,0.09467461745539889,-0.12931647008668823,-0.004966164592883795,0.0826344204904016,0.0
205,0.4044959128065372,0.42171979243884505,0.4124528301886826,0.4857236411263933,648314.0,0.1,0.3330277232045409,0.366339053800711,-0.1193845873256823,0.33374741427922716,0.36004713773874375,17.54317987424143,-0.02629972345951659,-0.03818960502324949,0.366339053800711,0.5351321956702657,0.19754591193115636,-23321145.0,0.009266962250162436,0.020475522628760956,0.01120856037859852,0.020475522628760956,0.08218376520680604,-0.02111653688795001,-0.000873171796550963,0.08439657093477733,0.0
206,0.5059945504087174,0.47212750185322816,0.5452830188679257,0.47982973149967234,688771.0,0.1,0.336793276577167,0.3693842233412425,-0.11044550815842985,0.3562216169285264,0.3649362231983735,19.64741543993736,-0.008714606269847103,-0.03229460527256901,0.3693842233412425,0.5410191467516753,0.19774929993080967,-24009916.0,-0.07315551701469758,0.013596139273165164,0.059559377741532415,0.059559377741532415,0.07853102883735048,0.10396263372005565,0.0037655533726261084,0.08581746170521641,0.0
207,0.5141689373297019,0.37872498146775724,0.43433962264150805,0.3678454485920092,713667.0,0.1,0.33439205413665163,0.36780229567183914,-4.315292017004202e-05,0.35800989872290834,0.36505496709199126,20.064825396521414,-0.0070450683690829186,-0.027244697891871793,0.36780229567183914,0.5380301139834847,0.19757447736019368,-24723583.0,-0.05561464117375081,0.1011047500319151,0.04549010885816429,0.1011047500319151,0.07902255206418947,-0.07264322271752255,-0.0024012224405153665,0.08511390915582273,0.0
208,0.3656675749318786,0.3186805040770956,0.43283018867924594,0.39338572364112634,724826.0,0.1,0.3378301680855709,0.3661369691519037,-0.02724875448922265,0.36345233332571114,0.36621132450216,20.49727055749534,-0.002758991176448844,-0.022347556548787204,0.3661369691519037,0.5336907981967682,0.19858314010703915,-23998757.0,-0.11414968460215036,0.0491649445149136,0.06498474008723676,0.06498474008723676,0.0732448102406164,0.11716570578389218,0.003438113948919387,0.08377691452243227,0.0
209,0.4038147138964575,0.3179392142327643,0.4539622641509474,0.4261296660117878,734611.0,0.1,0.33837590045841526,0.36479943626871886,-0.061330229743068954,0.3730949998927999,0.36865697109438966,20.888879969161337,0.00443802879841021,-0.01699043947934772,0.36479943626871886,0.52930045872508,0.20029841381235763,-23264146.0,-0.13602304991818315,0.07544650940836206,0.060576540509821086,0.07544650940836206,0.074127621372865,0.015607928827841233,0.0005457323728442371,0.08225051122818061,0.0
210,0.447411444141688,0.4068939955522616,0.5090566037735854,0.44184675834970333,754873.0,0.1,0.34121370879720564,0.3645167376167609,-0.07733002073294243,0.38367219350155424,0.3716443093497086,22.497225570407565,0.012027884151845636,-0.01118677475310905,0.3645167376167609,0.5284271773509923,0.20060629788252948,-22509273.0,-0.10216260822132384,0.019235670459526233,0.0829269377617976,0.0829269377617976,0.0731240282941874,0.08350730688934505,0.002837808338790398,0.08195521986711571,0.0
211,0.46103542234332406,0.3342475908080068,0.48566037735849077,0.44053700065488,760604.0,0.1,0.353110674525213,0.36582940230139793,-0.07470759835348206,0.3924206253712967,0.3744562559335931,25.031349255520254,0.017964369437703576,-0.005356545914946526,0.36582940230139793,0.531168507008674,0.2004902975941219,-23269877.0,-0.15141278655048396,0.10759916754169652,0.04381361900878744,0.10759916754169652,0.07237893571872049,0.4794369914229344,0.011896965728007318,0.08266955235363802,0.0
212,0.4630790190735702,0.32312824314307276,0.43283018867924594,0.37373935821873017,769658.0,0.1,0.36391617550753114,0.3648738454364755,-0.00886551278225467,0.38954658427090183,0.3744269948023742,26.668631756268823,0.01511958946852765,-0.0012613188382516907,0.3648738454364755,0.5294718177868056,0.20027587308614536,-24039535.0,-0.10970194553617318,0.11740875751180724,0.007706811975634054,0.11740875751180724,0.0731565537817908,0.5312583847598573,0.010805500982318245,0.08229898617516507,0.0
213,0.38610354223433274,0.3194217939214269,0.45547169811320953,0.42220039292730716,783054.0,0.1,0.3907662082514735,0.36483463771676133,-0.05736575521054582,0.394570247141118,0.3763769294197184,27.393775704482707,0.018193317721399593,0.0026296084736785663,0.36483463771676133,0.5293758819928017,0.20029339344072095,-23256481.0,-0.13604990419178264,0.05431756429730328,0.08173233989447937,0.08173233989447937,0.0679614699037548,3.222003929273071,0.02685003274394226,0.0822706221380202,0.0
214,0.4433242506811993,0.35055596738324935,0.5015094339622642,0.4359528487229859,789240.0,0.1,0.410630866623008,0.36554821821555966,-0.07040463050742624,0.40093680123063613,0.37880859959536195,30.865360557729716,0.02212820163527418,0.0065293271059976895,0.36554821821555966,0.5310369537007298,0.20005948273038948,-22467241.0,-0.15095346657901487,0.07164442554405781,0.07930904103495706,0.07930904103495706,0.07199194030446658,1.206496519721577,0.019864658371534574,0.08274436774258509,0.0
215,0.46239782016348696,0.3601927353595279,0.5309433962264144,0.4752455795677818,796087.0,0.1,0.4286400349268718,0.3674907225496617,-0.1077548570181201,0.41236892097481237,0.3827448028595423,34.92750352708252,0.02962411811527005,0.011148285307852161,0.3674907225496617,0.5359311740920818,0.19905027100724162,-21671154.0,-0.1707506608668865,0.075760113363458,0.0949905475034285,0.0949905475034285,0.07523575951457435,0.83396512509476,0.01800916830386375,0.08422022577121004,0.0
216,0.4978201634877365,0.42394366197183186,0.553584905660378,0.5165029469548145,818457.0,0.1,0.4382449246889326,0.3694144291639381,-0.1470885177908764,0.42838954035635113,0.38820431894506363,39.20754685239375,0.0401852214112875,0.01695567252853923,0.3694144291639381,0.542542893840667,0.19628596448720917,-20852697.0,-0.12964124368854613,0.05130191759594993,0.0783393260925962,0.0783393260925962,0.08032308476988081,0.28725314183124495,0.009604889762060862,0.08656423233836445,0.0
217,0.5427792915531334,0.420237212750186,0.5837735849056628,0.4824492468893261,828244.0,0.1,0.43797205850251036,0.37073783016808565,-0.11171141672124046,0.43670641828450113,0.39205105069789065,43.571766751924585,0.044655367586610484,0.022495611540153483,0.37073783016808565,0.5463654887338834,0.195110171602288,-21680941.0,-0.16353637215547678,0.09626573420462847,0.06727063795084831,0.09626573420462847,0.08663893573453645,-0.006741270055280579,-0.00027286618642227006,0.08781382928289883,0.0
218,0.5128065395095355,0.379466271312085,0.5279245283018866,0.4562540929927955,834749.0,0.1,0.4360074219602707,0.3704922506003057,-0.0857618423924898,0.43971375285500797,0.3946715830364582,45.7629432301403,0.04504216981854975,0.02700492319583274,0.3704922506003057,0.5455962748313028,0.1953882263693086,-22515690.0,-0.14845825698980164,0.10298297557724112,0.04547528141256052,0.10298297557724112,0.09025756888751217,-0.04913334243210177,-0.001964636542239738,0.08755201211549855,0.0
219,0.4739782016348769,0.3468495181616035,0.531698113207549,0.44053700065488,839080.0,0.1,0.44206505129884316,0.3702193844138835,-0.07031761624099647,0.4398404063626806,0.3965436408984346,46.56837809182579,0.043296765464246045,0.0302632916495154,0.3702193844138835,0.5448342733459952,0.1956044954817718,-23354770.0,-0.18484859504594553,0.10940457483119204,0.0754440202147535,0.10940457483119204,0.09094922095411857,0.19761438490298056,0.006057629338572565,0.08730744446605586,1.0
220,0.46239782016348696,0.3349888806523381,0.5098113207547165,0.42089063523248027,842624.0,0.1,0.4443571272647893,0.3698100851342503,-0.05108055009822998,0.4369250569580344,0.39753739576921193,46.656302356698255,0.039387661188822476,0.03208816555737681,0.3698100851342503,0.5438427772561572,0.19577739301234343,-24197394.0,-0.17482244010237835,0.10554812000254188,0.06927432009983647,0.10554812000254188,0.09432950261372734,0.0699184285000789,0.0022920759659461588,0.08701634606095343,1.0
221,0.4521798365122599,0.3209043736100824,0.493962264150943,0.42678454485920125,850572.0,0.1,0.44441170050207385,0.37079240340537006,-0.05599214145383119,0.43536497817359854,0.3987311569565584,46.4191338606732,0.03663382121704012,0.03299729668930947,0.37079240340537006,0.5455822388433287,0.19600256796741145,-23346822.0,-0.17305789054086063,0.09998626162239788,0.07307162891846275,0.09998626162239788,0.096374481964897,0.0015368065160601407,5.457323728445124e-05,0.08739491771897931,1.0
222,0.44196185286103284,0.35055596738324935,0.5173584905660377,0.4654223968565837,857970.0,0.1,0.44637633704431384,0.3727161100196465,-0.09270628683693721,0.4399891964325193,0.40145324838104923,46.36768595860029,0.03853594805147009,0.0341050269617416,0.3727161100196465,0.5496286183182137,0.19580360172107927,-22488852.0,-0.16680252318278832,0.07622857747595191,0.09057394570683641,0.09057394570683641,0.09701173262698355,0.05335704757671045,0.0019646365422400294,0.08845625414928361,1.0
223,0.4753405994550398,0.348332097850259,0.5090566037735854,0.42809430255402814,861794.0,0.1,0.4453394455359096,0.37361656843483976,-0.05447773411918838,0.4381592127589053,0.40254063834729326,45.794197244847034,0.035618574411612036,0.03440773645171569,0.37361656843483976,0.5512204714688108,0.1960126654008687,-23350646.0,-0.16072450592332643,0.11709029900632473,0.043634206917001706,0.11709029900632473,0.0978026602490359,-0.028244388286012723,-0.0010368915084043237,0.08880195151698553,1.0
224,0.45626702997275215,0.42394366197183186,0.5211320754716965,0.5014407334643088,874544.0,0.1,0.4559812268063744,0.37679545950665805,-0.12464527395765079,0.4478948313289674,0.40657737692349794,46.53077668012541,0.04131745440546947,0.035789680042466444,0.37679545950665805,0.5580142044027203,0.19557671461059575,-22476102.0,-0.09718841349986462,0.004150640582196274,0.09303777291766835,0.09303777291766835,0.095771744866191,0.3416856492027305,0.010641781270464888,0.09060937244803115,1.0
225,0.5359673024523154,0.4535952557449988,0.5996226415094327,0.5125736738703338,896284.0,0.1,0.46351233355162663,0.3790193189259989,-0.13355435494433493,0.4578454224891776,0.4109037563907157,45.3618233446686,0.0469416660984619,0.03802007725366554,0.3790193189259989,0.5642685858003029,0.19377005205169487,-21579818.0,-0.14602738576443386,0.047845477719310026,0.09818190804512383,0.09818190804512383,0.09714254221207803,0.21405304792927282,0.007531106745252219,0.092624633437152,1.0
226,0.5516348773841976,0.41949592290585824,0.5558490566037747,0.48310412573673955,903900.0,0.1,0.4674416066361062,0.3807520192097796,-0.10235210652695997,0.46173137683495635,0.41385071024157377,44.325486682674914,0.04788066659338258,0.03999219512160895,0.3807520192097796,0.5683414898347181,0.1931625485848411,-22483718.0,-0.13635313369791646,0.09307775096447557,0.04327538273344089,0.09307775096447557,0.09828993470620458,0.10815682739973242,0.003929273084479469,0.09379473531246924,1.0
227,0.5046321525885545,0.39280948851000586,0.5445283018867947,0.4994760969220685,908735.0,0.1,0.46946081641563,0.3840946299934513,-0.11538146692861723,0.4675382568483582,0.4173456239836348,48.25857623865873,0.05019263286472342,0.042032282670231846,0.3840946299934513,0.5743461320750227,0.19384312791187985,-21574983.0,-0.15171881337678883,0.0902946372267337,0.06142417615005513,0.0902946372267337,0.09789860884981334,0.050985255615262126,0.002019209779523891,0.09512575104078572,1.0
228,0.5230245231607625,0.39280948851000586,0.5596226415094371,0.47982973149967234,914328.0,0.1,0.4664047151277015,0.388433202357564,-0.09139652914210833,0.46942925294856036,0.41989599571898323,51.780233227709715,0.04953325722957713,0.0435324775821009,0.388433202357564,0.5776984022321,0.199168002483028,-22489311.0,-0.16681315299943122,0.10666660841206266,0.06014654458736857,0.10666660841206266,0.10025921570976888,-0.07100291619120314,-0.003056101287928513,0.09463259993726801,1.0
229,0.48896457765667234,0.38910303928836,0.5686792452830204,0.4791748526522589,917558.0,0.1,0.4661318489412793,0.39140744378956566,-0.08776740886269324,0.4709285759798986,0.42231554089993323,53.311680539245195,0.048613035079965394,0.044548589081673806,0.39140744378956566,0.5818165471992626,0.20099834037986872,-23406869.0,-0.1795762059946604,0.09072669221131235,0.08884951378334804,0.09072669221131235,0.09979762887699255,-0.006787023211621612,-0.00027286618642227006,0.09520455170484847,1.0
230,0.48896457765667234,0.4157894736842124,0.5384905660377356,0.5223968565815319,924018.0,0.1,0.47164374590700725,0.39597795241213724,-0.12641890416939466,0.4788467729955345,0.42640049256040663,57.455302383755416,0.05244628043512789,0.04612812735236462,0.39597795241213724,0.5882422795401618,0.20371362528411266,-22482851.0,-0.12270109235352322,0.06338537896804652,0.0593157133854767,0.06338537896804652,0.09649782915955966,0.14496914023252572,0.00551189696572803,0.09613216356401229,1.0
231,0.5434604904632131,0.6322461082283176,0.6298113207547175,0.6232481990831701,1009826.0,0.1,0.4868696791093648,0.40142163283125964,-0.22182656625191044,0.5010623770090169,0.4344350928266419,62.62036081557118,0.06662728418237501,0.0502279587183667,0.40142163283125964,0.6042562300853618,0.19858703557715754,-21473025.0,0.002434787473600153,0.10984925164678572,0.10741446417318556,0.10984925164678572,0.09653488556085914,0.41474654377879916,0.015225933202357505,0.10141729862705105,1.0
232,0.6388283378746585,0.7352853965900671,0.7045283018867948,0.7948264571054352,1055336.0,0.1,0.5180309975987777,0.41213163064833025,-0.38269482645710495,0.5462568508700043,0.4491449444298579,68.63345011932707,0.09711190644014639,0.05960474826272265,0.41213163064833025,0.641490794521299,0.1827724667753615,-20417689.0,0.03075709470327226,0.112037197506897,0.08128010280362474,0.112037197506897,0.09707564201955539,0.8884393962968795,0.03116131848941291,0.11467958193648438,1.0
233,0.841825613079019,1.0777613046701249,0.9603773584905667,1.0332023575638503,1303818.0,0.43333333333333335,0.5685658153241651,0.42775321982099995,-0.6054491377428504,0.6211715442075191,0.4729840225169596,75.33819101490332,0.1481875216905595,0.07732130294829002,0.42775321982099995,0.7158948445578719,0.13961159508412807,-19113871.0,0.11738394617955816,0.2829348475646897,0.1655509013851315,0.2829348475646897,0.11232135751474637,1.4208991867423642,0.05053481772538742,0.14407081236843594,1.0
234,1.0741144414168908,1.0014084507042278,0.9943396226415103,0.8845448592010484,1403781.0,0.43333333333333335,0.6034926871862039,0.43948646583715356,-0.44505839336389486,0.6616905157449852,0.48978242401426936,79.09429493991698,0.1719080917307158,0.09623866070477519,0.43948646583715356,0.754538557640523,0.1244343740337841,-20517652.0,0.007068828062717469,0.03179390685962247,0.03886273492233994,0.03886273492233994,0.10801208994937167,0.9005206134796604,0.03492687186203872,0.15752604590168473,1.0
235,0.9119891008174349,0.8138621200889545,0.9105660377358497,0.8373935821872948,1468479.0,0.43333333333333335,0.637600960488976,0.4504966164592885,-0.38689696572800625,0.6887217567361097,0.5039706345519438,82.56821564593477,0.1847511221841659,0.11394115300065333,0.4504966164592885,0.7833424468057125,0.1176507861128645,-21986131.0,-0.09670391764689512,0.07068273911209388,0.026021178534801237,0.07068273911209388,0.1041447932915191,0.956096068532962,0.03410827330277222,0.166422915173212,1.0
236,0.8636239782016325,0.7701260192735354,0.8403773584905657,0.7450556647020313,1518382.0,0.43333333333333335,0.6579022047587862,0.46064723859419354,-0.2844084261078378,0.6973885118077899,0.5138108398641922,86.0389752549886,0.18357767194359775,0.12786845678924222,0.46064723859419354,0.7991592363916887,0.12213524079669835,-23504513.0,-0.0702513392170303,0.06726756291375935,0.0029837763032709574,0.06726756291375935,0.10199727579119335,0.4858299595141733,0.020301244269810205,0.1692559988987476,1.0
237,0.7655313351498613,0.9183839881393631,0.8750943396226404,0.9113948919449925,1613442.0,0.43333333333333335,0.6911373062650078,0.4746316306483303,-0.43676326129666215,0.7303125702904365,0.530038760357286,89.47862789525408,0.20027380993315047,0.14234952741802387,0.4746316306483303,0.8309247976693594,0.11833846362730116,-21891071.0,0.04328964851672268,0.17332832343733173,0.13003867492060905,0.17332832343733173,0.10825947707387734,0.7780758911460379,0.033235101506221554,0.17814658351051457,1.0
238,0.9514986376021767,1.0621942179392136,1.0683018867924532,1.0672560576293386,1735190.0,0.7666666666666666,0.7398166339227243,0.49105817507094546,-0.5761978825583931,0.7821500298810369,0.5519659969806351,91.33590037210298,0.2301840329004018,0.15991642851449944,0.49105817507094546,0.881529395488692,0.10058695465319889,-20155881.0,-0.006107668853239545,0.1507993259942212,0.15690699484746073,0.15690699484746073,0.11357858073079279,1.2091636166463293,0.04867932765771659,0.19523561020887328,1.0
239,1.1,1.1,1.1,1.1,1862976.0,1.1,0.789860292512552,0.5067070508622573,-0.5932929491377428,0.8310500252839543,0.574334731797752,92.07905038958783,0.25671529348620237,0.17927620150884005,0.5067070508622573,0.932505910687917,0.08090819103659763,-18292905.0,0.0,0.03274394237066147,0.03274394237066147,0.03274394237066147,0.10878268949278676,1.2023075914514267,0.05004365858982763,0.21289942991282984,1.0
240,0.17491856677524567,0.15780346820809257,0.19947643979057653,0.15962676376877596,1971041.0,0.2111111111111111,0.7631767118683107,0.5004318116715092,0.34080504790273325,0.7277541388970038,0.5574078759598345,88.92030809288065,0.17034626293716926,0.17749021379450589,0.5004318116715092,0.9377155420788983,0.06314808126412003,-20263946.0,-0.04167297158248395,0.9421965317919075,0.9005235602094236,0.9421965317919075,0.17841018310777382,-0.6673262341000123,-0.026683580644241367,0.21864186520369458,1.0
241,0.13257328990228104,0.1320809248554923,0.21780104712041962,0.1564406008192986,2028116.0,0.2111111111111111,0.7362821908822307,0.49335345538264025,0.33691285456334163,0.6398597484235107,0.5410418647296086,85.41133970664123,0.0988178836939021,0.16175574777438514,0.49335345538264025,0.9417745696308817,0.04493234113439876,-22292062.0,-0.08572012226492731,0.02754583891328366,0.05817428335164365,0.05817428335164365,0.1756974823694681,-0.6735208453586591,-0.02689452098608003,0.22421055712412075,1.0
242,0.12996742671009756,0.10867052023121496,0.1,0.14460628129267264,2122835.0,0.2111111111111111,0.7047996429414923,0.4873110218464844,0.3427047405538117,0.5636669073264587,0.5248608205076928,82.44653626682465,0.03880608681876596,0.1371658155832613,0.4873110218464844,0.9466475212161584,0.027974522476810426,-24414897.0,0.008670520231214951,0.04777008058808363,0.05644060081929858,0.05644060081929858,0.17511875085707243,-0.7231869229861961,-0.03148254794073827,0.22966824968483698,1.0
243,0.13322475570032602,0.14046242774566445,0.2167539267015716,0.13641329085115964,2198051.0,0.2111111111111111,0.6642300672554915,0.4818892129500878,0.3454759220989282,0.49793558171487423,0.509005819297222,79.93955479730097,-0.011070237582347764,0.10751860495013948,0.4818892129500878,0.9516228045890812,0.012155621311094378,-26612948.0,-0.07629149895590714,0.004143853547008192,0.07214764540889895,0.07214764540889895,0.17197695033724855,-0.781125254670883,-0.04056957568600087,0.2348667958194967,1.0
244,0.12475570032573416,0.15664739884393022,0.2167539267015716,0.22653618570778314,2249928.0,0.2111111111111111,0.6168725446390205,0.47927270939703964,0.2527365236892565,0.4561818284830141,0.497476446497653,78.75194627456497,-0.041294618014638906,0.07775596035718381,0.47927270939703964,0.9533381532876097,0.0052072655064695494,-24363020.0,-0.06010652785764137,0.02023410799277059,0.08034063585041196,0.08034063585041196,0.1693355701992081,-0.7149866065948876,-0.047357522616471005,0.23703272194528505,1.0
245,0.1912052117263844,0.20809248554913432,0.297905759162305,0.31347291761492924,2370504.0,0.2111111111111111,0.5568950913099436,0.47706212689864946,0.16358920928372023,0.43422661142638563,0.4899660983799907,77.53848166414487,-0.05573948695360509,0.05105687089502603,0.47706212689864946,0.953249460461441,0.0008747933358579374,-21992516.0,-0.08981327361317068,0.018443700158648824,0.07136957345452186,0.07136957345452186,0.15170513069002747,-0.6966006558927571,-0.05997745332907675,0.23809366678139576,1.0
246,0.2491856677524428,0.25606936416184956,0.3685863874345564,0.31711424670004573,2552295.0,0.2111111111111111,0.5096092069348602,0.47517298499064586,0.15805873829060013,0.41620932454541026,0.4829109207604011,76.52954126561289,-0.06670159621499083,0.02750517747302266,0.47517298499064586,0.9531988670422236,-0.002852897060931836,-19440221.0,-0.11251702327270685,0.05740355345307968,0.05511346981962717,0.05740355345307968,0.15325019890092245,-0.6414944438358114,-0.047285884375083555,0.23901294102578885,1.0
247,0.2504885993485345,0.2734104046242777,0.40209424083769674,0.4167956304050978,2670002.0,0.3222222222222222,0.4745593776196771,0.47765261454244395,0.06085698413734614,0.41629952544690063,0.4802123374805928,76.91864094783188,-0.06391281203369215,0.009221579571679699,0.47765261454244395,0.9531474221699565,0.0021578069149313928,-16770219.0,-0.12868383621341906,0.04370384207576805,0.084979994137651,0.084979994137651,0.15444163681971887,-0.5022703310951866,-0.03504982931518308,0.23774740381375628,-1.0
248,0.32214983713354994,0.30231213872832396,0.4717277486911001,0.45411925352753746,2831165.0,0.3222222222222222,0.4503146766884692,0.4820285709402903,0.02790931741275282,0.42211794515161394,0.4791473136457742,77.6775235945129,-0.05702936849416024,-0.004028610041488289,0.4820285709402903,0.9525823695971005,0.01147477228348004,-13939054.0,-0.16941560996277616,0.11448349167677385,0.05493211828600231,0.11448349167677385,0.1583762975499701,-0.39048949623226814,-0.024244700931207824,0.23527689932840512,-1.0
249,0.354723127035831,0.30231213872832396,0.4942408376963371,0.4268092853891673,2942891.0,0.3222222222222222,0.4099325428088172,0.4888370977192313,0.06202781233006399,0.42283968980354525,0.4770110675944841,79.17429963601532,-0.054171377790938835,-0.014057163591378399,0.4888370977192313,0.9460789267952849,0.03159526864317769,-16881945.0,-0.19192869896801312,0.1518071147992135,0.04012158416879963,0.1518071147992135,0.15658286349679357,-0.5316966452617253,-0.040382133879652095,0.2286209145380268,-1.0
250,0.3283387622149835,0.29624277456647474,0.5047120418848191,0.3976786527082389,3027622.0,0.3222222222222222,0.3541344257320589,0.49300588322847433,0.09532723052023545,0.41896876101965197,0.47377300984402504,80.71866504680801,-0.05480424882437307,-0.022206580637977334,0.49300588322847433,0.9429909200357931,0.0430208464211555,-19909567.0,-0.20846926731834436,0.13056651082269255,0.07790275649565181,0.13056651082269255,0.1543878231613962,-0.6273821545772347,-0.05579811707675831,0.22499251840365941,-1.0
251,0.29967426710097766,0.26358381502890216,0.4193717277486918,0.3253072371415552,3135561.0,0.3222222222222222,0.2895766954938551,0.4943844598372272,0.169077222695672,0.40455929580763705,0.46771318238678133,81.48876180623846,-0.06315388657914428,-0.030396041826210723,0.4943844598372272,0.9418409169526105,0.046928002721843776,-23045128.0,-0.15578791271978965,0.13409483767933672,0.021693075040452925,0.13409483767933672,0.16283373110378582,-0.7042661480531317,-0.06455773023820374,0.2237282285576917,-1.0
252,0.25700325732898965,0.21878612716762938,0.3544502617801054,0.26340464269458363,3226834.0,0.1,0.29822485207100574,0.4915128009389877,0.22810815824440406,0.38284319532870575,0.45937405831771205,80.33987606633997,-0.0765308629890063,-0.03962300605876984,0.4915128009389877,0.9431607342878183,0.03986486759015706,-26271962.0,-0.13566413461247603,0.1065211099739258,0.02914302463855023,0.1065211099739258,0.09319411261895401,0.6501283147989705,0.008648156577150639,0.22582396667441532,-1.0
253,0.20553745928338643,0.20404624277456698,0.2445026178010469,0.18101957214383227,3322661.0,0.1,0.30027309968138355,0.48516479950185093,0.30414522735801863,0.3517934071464175,0.44801265071877816,77.77429161033851,-0.09621924357236067,-0.05094225356148801,0.48516479950185093,0.9456245210607971,0.024705077942904774,-29594623.0,-0.04045637502647992,0.05935839992001665,0.018902024893536734,0.05935839992001665,0.09329278899965177,0.15711376200174754,0.002048247610377807,0.23022986077947308,0.0
254,0.15211726384364824,0.19104046242774544,0.26230366492146684,0.19421939007737912,3393601.0,0.1,0.30440752541344246,0.4792145840555531,0.28499519397817397,0.3275512506742578,0.43765374212117003,75.32774996135318,-0.11010249144691225,-0.06277430113857287,0.4792145840555531,0.9472747182711512,0.011154449839955005,-26201022.0,-0.0712632024937214,0.010020890283913175,0.08128409277763457,0.08128409277763457,0.09536307999617977,0.3430909663204267,0.004134425732058873,0.23403006710779906,0.0
255,0.15993485342019512,0.13526011560693654,0.15759162303665022,0.1,3501754.0,0.1,0.30137308450917916,0.47363447054321967,0.37363447054321963,0.2925433659551412,0.42387195672846917,73.96383715665549,-0.13132859077332798,-0.07648515906552389,0.47363447054321967,0.9533595165286481,-0.006090575442208868,-29702776.0,-0.022331507429713682,0.05895927447044258,0.0366277670407289,0.05895927447044258,0.09426404908464174,-0.26693360026692803,-0.0030344409042633025,0.23986252299271427,1.0
256,0.1,0.1245664739884397,0.16806282722513224,0.16281292671825334,3556094.0,0.1,0.2960628129267183,0.4688308706073265,0.3060179438890731,0.2725848368417738,0.4132164861158073,72.9273831320458,-0.1406316492740335,-0.08931445710722581,0.4688308706073265,0.9563920613783417,-0.01873032016368864,-26146682.0,-0.04349635323669254,0.024566473988439697,0.06806282722513224,0.06806282722513224,0.09324089836586842,-0.2812939521800223,-0.005310271582460817,0.24378059538550756,1.0
257,0.13420195439739438,0.1638728323699418,0.23298429319371863,0.22790168411470227,3619042.0,0.1,0.2889318768016994,0.46470112098447053,0.23679943686976826,0.2657105056529936,0.4056526166463744,72.02933755634963,-0.13994211099338083,-0.09943998788445682,0.46470112098447053,0.9570741715945117,-0.027671929625570635,-22527640.0,-0.06911146082377684,0.001059905651688453,0.07017136647546529,0.07017136647546529,0.09314104778428038,-0.27297807463336543,-0.007130936125018914,0.24618652530502058,1.0
258,0.186644951140066,0.15317919075144495,0.2518324607329848,0.22016385980883016,3651134.0,0.1,0.2808526778940981,0.46008272726486904,0.23991886745603888,0.25870332936927615,0.39808164697953585,70.67788471755186,-0.1393783176102597,-0.1074276538296174,0.46008272726486904,0.9574647395899285,-0.037299285060190424,-26178774.0,-0.09865326998153987,0.07472249336325731,0.02393077661828255,0.07472249336325731,0.09458429277679518,-0.3057269987081964,-0.008079198907601297,0.24869100616252973,1.0
259,0.17524429967426727,0.20982658959537695,0.30890052356021014,0.2561219845243524,3727783.0,0.1,0.267463207404036,0.4562407477621497,0.20011876323779726,0.25830619939313404,0.39228737504258954,69.35075599566949,-0.1339811756494555,-0.11273835819358502,0.4562407477621497,0.9570765265216965,-0.04459503099739709,-22450991.0,-0.09907393396483319,0.010337270213453209,0.08873666375137998,0.08873666375137998,0.09489734857793924,-0.3854974336573088,-0.013389470490062116,0.2504178893797734,1.0
260,0.20684039087947817,0.2124277456647409,0.31308900523560224,0.23928083750569087,3786034.0,0.1,0.2495600060688821,0.453439528580628,0.21415869107493715,0.2553792206412197,0.38604221024516505,68.8071418321831,-0.13066298960394535,-0.1163232844756571,0.453439528580628,0.957653016268204,-0.050773959106947986,-26237025.0,-0.10066125957086133,0.04369423885961152,0.056967020711249816,0.056967020711249816,0.09010430933081225,-0.47308810263605994,-0.01790320133515388,0.252106743843788,1.0
261,0.1892508143322477,0.1647398843930649,0.1790575916230374,0.19148839326354264,3953988.0,0.1,0.22994993172508005,0.44863302858763293,0.25714463532409026,0.24554986258311556,0.3781012381234662,67.44165561700237,-0.13255137554035062,-0.11956890268859581,0.44863302858763293,0.9584307089554758,-0.061164651780209855,-30191013.0,-0.014317707229972498,0.07454095311262598,0.06022324588265349,0.07454095311262598,0.08366546252359662,-0.551349045536949,-0.019610074343802054,0.2548988401839214,1.0
262,0.15830618892508178,0.1320809248554923,0.20471204188481665,0.13732362312243965,4069416.0,0.1,0.20825367925959679,0.4424115863876216,0.30508796326518195,0.22889967189685773,0.3682735803683222,65.63962725261939,-0.13937390847146447,-0.12352990384516954,0.4424115863876216,0.9600696132147042,-0.07524644043946088,-34260429.0,-0.07263111702932434,0.059407468408050335,0.013223648621274009,0.059407468408050335,0.07773554232237644,-0.6546869634886121,-0.021696252465483273,0.25882901341354125,1.0
263,0.12442996742671078,0.11994219653179208,0.18219895287958146,0.17601274465179842,4169198.0,0.1,0.1958124715521171,0.43617756899353854,0.26016482434174015,0.220763221551464,0.36042619931866815,63.736036896375055,-0.13966297776720416,-0.12675651862957646,0.43617756899353854,0.9593975816036492,-0.0870424436165721,-30091231.0,-0.06225675634778938,0.017381426590647564,0.04487532975714181,0.04487532975714181,0.0703005833288602,-0.4589338183853324,-0.01244120770747973,0.2616100063050553,1.0
264,0.14755700325732982,0.1335260115606939,0.1890052356020945,0.12457897132453369,4322170.0,0.1,0.18424366560461292,0.42801248616790777,0.3034335148433741,0.20596564459347472,0.3507997818495198,61.433070030404615,-0.1448341372560451,-0.13037204235487018,0.42801248616790777,0.9582963773578008,-0.10227140502198528,-34413401.0,-0.0554792240414006,0.04248673309110451,0.012992490950296087,0.04248673309110451,0.06496438525529176,-0.527043373077587,-0.011568805947504162,0.2651419455949465,1.0
265,0.11530944625407216,0.12283236994219707,0.19319371727748838,0.14460628129267264,4442232.0,0.1,0.1812092247003496,0.42097409105131073,0.27636780975863806,0.19652574254719746,0.34238372060230154,59.587781881008475,-0.1458579780551041,-0.13346922949491696,0.42097409105131073,0.9572409074233967,-0.11529272532077522,-29971169.0,-0.07036134733529131,0.001746601382336621,0.06861474595295469,0.06861474595295469,0.06573574742470327,-0.2011566507417596,-0.0030344409042633025,0.268133408186043,1.0
266,0.12605863192182412,0.1,0.19162303664921546,0.14460628129267264,4519798.0,0.1,0.17707479896829073,0.4144814283075582,0.2698751470148856,0.1885381331234244,0.33431117205905136,58.1999691200385,-0.14577303893562696,-0.13592999138305897,0.4144814283075582,0.9565186193935312,-0.12755576277841485,-29971169.0,-0.09162303664921545,0.044606281292672634,0.047016755356542816,0.047016755356542816,0.06288013597294562,-0.25544879306304114,-0.004134425732058873,0.2710185955429865,1.0
267,1.1,1.1,0.9811518324607341,1.1,441993.0,0.2111111111111111,0.2604081323016241,0.4282202407939149,-0.6717797592060852,0.3287630357198207,0.3655637772811309,60.295023766631346,-0.03680074156131019,-0.11610414141870921,0.4282202407939149,1.0052557535407713,-0.14881527195294147,-29529176.0,0.11884816753926597,0.9553937187073275,0.8365455511680615,0.9553937187073275,0.13758300632601936,10.0,0.08333333333333333,0.2885177563734282,-1.0
268,0.8146579804560264,0.7115606936416178,0.9790575916230381,0.8819754210286742,672929.0,0.3222222222222222,0.3203383401608258,0.4378261738313356,-0.4441492471973386,0.4138726334596443,0.38664180355654076,61.6910210748184,0.02723082990310355,-0.08743714715434667,0.4378261738313356,1.0295282402360808,-0.1538758925734095,-30202105.0,-0.2674968979814203,0.3884393063583823,0.12094240837696202,0.3884393063583823,0.1642810462537902,4.417109309477168,0.059930207859201744,0.29585103320237255,0.0
269,0.642671009771988,0.5913294797687868,0.9905759162303663,0.8792444242148377,761485.0,0.43333333333333335,0.3746169018358371,0.4472524213179114,-0.43199200289692635,0.4854682935758279,0.4067480329711651,62.77168039346602,0.0787202606046628,-0.05420566560254478,0.4472524213179114,1.0524969715903738,-0.15799212895455111,-30963590.0,-0.39924643646157953,0.2906459412598874,0.10860049520169213,0.2906459412598874,0.18265392748582535,2.8579988016776414,0.05427856167501129,0.30262227513623124,0.0
270,0.6377850162866462,0.6202312138728331,0.9643979057591622,0.9183887118798356,888287.0,0.5444444444444444,0.4328023061750876,0.4566892195475624,-0.4616994923322732,0.5520714348533675,0.42763132598784553,63.68320795764205,0.12444010886552198,-0.01847651070893143,0.4566892195475624,1.0770279088345658,-0.1636494697394409,-30075303.0,-0.3441666918863291,0.25901321034200464,0.08515348154432445,0.25901321034200464,0.1980114872340543,3.17138722348563,0.05818540433925046,0.31016934464350165,-1.0
271,0.6719869706840388,0.5855491329479768,1.0204188481675414,0.8687756030951291,940226.0,0.6555555555555556,0.4838567743893189,0.465870079975502,-0.40290552311962713,0.6007951530444078,0.4456372148493673,64.6374802474816,0.15515793819504048,0.016250379071862952,0.465870079975502,1.097422556558858,-0.1656823966078539,-31015529.0,-0.4348697152195645,0.3328395789318588,0.10203013628770574,0.3328395789318588,0.21835339683242752,2.3920383863515036,0.051054468214231395,0.31577623829167795,-1.0
272,0.6504885993485349,0.5913294797687868,0.9952879581151833,0.880154756486116,1026586.0,0.7666666666666666,0.5372629343043543,0.47375995545512306,-0.4063948010309929,0.6437735535739013,0.46337262471209173,65.15834368268247,0.18040092886180958,0.04908048902985228,0.47375995545512306,1.1164912451132678,-0.16897133420302157,-29988943.0,-0.40395847834639653,0.27744612332634233,0.1265123550200542,0.27744612332634233,0.23672665538368523,2.678333650370908,0.053406159915035424,0.3213656448290723,-1.0
273,0.6583061889250817,0.5913294797687868,1.0371727748691115,0.9179335457441965,1075799.0,0.8777777777777777,0.5978000303444089,0.4822049527858285,-0.435728592958368,0.6859520139077928,0.481926131692994,65.82311354991697,0.20402588221479884,0.08006956766684159,0.4822049527858285,1.1375480762522598,-0.17313817068060294,-28913144.0,-0.4458432951003247,0.28882527671732916,0.15701801838299556,0.28882527671732916,0.25458368235074386,3.7936772046588647,0.06053709604005449,0.3276715617332157,-1.0
274,0.6794788273615623,0.6317919075144512,1.1,0.9183887118798356,1173173.0,0.9888888888888888,0.6628887877408586,0.4912733816638097,-0.42711533021602593,0.7217115059034916,0.4997409308842936,66.57511026293753,0.22197057501919804,0.10844976913731288,0.4912733816638097,1.1586043485283617,-0.17605758520074227,-27739971.0,-0.46820809248554884,0.28614163822974525,0.1820664542558036,0.28614163822974525,0.27347819650255173,5.687769307258865,0.06508875739644966,0.333665483432276,-1.0
275,0.6745928338762205,0.597109826589595,1.0612565445026179,0.9183887118798356,1253954.0,1.1,0.7247534516765283,0.5000007278087631,-0.41838798407107247,0.7519695375921599,0.5168285954147238,67.1063813835901,0.23514094217743609,0.13378800374533753,0.5000007278087631,1.1786313265742947,-0.1786298709567684,-27739971.0,-0.46414671791302287,0.3212788852902406,0.14286783262278224,0.3212788852902406,0.29651182613030996,4.2177398500129115,0.06186466393566977,0.3393152993827658,-1.0
276,0.6635179153094469,0.5794797687861276,0.9958115183246082,0.8537551206190258,1311033.0,0.2111111111111111,0.7855181307844027,0.507790840082083,-0.34596428053694284,0.7676288580578317,0.5305806984842871,67.4381262028094,0.23704815957354453,0.15444003491097893,0.507790840082083,1.1940177353271335,-0.17843605516296757,-29051004.0,-0.4163317495384806,0.338908943093708,0.07742280644477262,0.338908943093708,0.3212136769638603,5.853123858238934,0.06076467910787434,0.34311344762252527,-1.0
277,0.6286644951140058,0.5618497109826602,1.0246073298429317,0.8583067819754205,1329750.0,0.3222222222222222,0.844993172507965,0.5156894219429823,-0.34261736003243826,0.7815793078913068,0.5439572733206599,67.90000982773486,0.2376220345706469,0.17107643484291254,0.5156894219429823,1.2092592395246087,-0.1778803956386441,-27721254.0,-0.46275761886027145,0.2919054096363656,0.17085220922390587,0.2919054096363656,0.3398212322708112,4.935473717343369,0.05947504172356233,0.3467849087908132,-1.0
278,0.6355048859934843,0.5566473988439306,1.0188481675392684,0.8564861174328623,1344526.0,0.3222222222222222,0.904316492186314,0.5226496148773849,-0.33383650255547737,0.7931034324361614,0.5567135526721784,68.11946270159865,0.23638987976398307,0.18413912382712666,0.5226496148773849,1.2231650118635187,-0.17786578210874882,-29065780.0,-0.4622007686953379,0.30165938313149,0.1605413855638479,0.30165938313149,0.3610414512520568,4.922883223166471,0.05932331967834914,0.35025769849306687,-1.0
279,0.6348534201954393,0.5520231213872847,0.9848167539267013,0.8228038233955391,1376703.0,0.3222222222222222,0.8812168108026089,0.526807023717226,-0.29599679967831316,0.7976727233529888,0.567574380048642,68.00171424399889,0.23009834330434675,0.1933309677225707,0.526807023717226,1.232113611108289,-0.17849956367383712,-30442483.0,-0.4327936325394166,0.3044629960455776,0.12833063649383902,0.3044629960455776,0.30679722436357765,-0.2519965241858736,-0.02309968138370508,0.35265329369553156,-1.0
280,0.6094462540716602,0.5393063583815024,0.9795811518324612,0.795493855257169,1417738.0,0.3222222222222222,0.8740100136549835,0.526820927845387,-0.26867292741178195,0.7973375128767088,0.576877215771439,66.98781116963718,0.22046029710526982,0.19875683359911053,0.526820927845387,1.2321491253952224,-0.1785072697044483,-31860221.0,-0.44027479345095877,0.2834974650140367,0.15677732843692205,0.2834974650140367,0.2980520709182155,-0.09805439438509433,-0.007206797147625436,0.35266409877491767,-1.0
281,0.5951140065146582,0.5335260115606942,0.9795811518324612,0.8182521620391444,1440033.0,0.3222222222222222,0.8689273251403425,0.5223427987719557,-0.29590936326718875,0.8005551512093912,0.5867292543946107,64.48893598843584,0.2138258968147806,0.20177064624224456,0.5223427987719557,1.2171888625888874,-0.17250326504497604,-30420188.0,-0.44605514027176696,0.26196784369647474,0.18408729657529221,0.26196784369647474,0.2956622294545978,-0.06936894962985884,-0.005082688514641109,0.34742303190846585,-1.0
282,0.600651465798045,0.5265895953757219,0.927748691099476,0.781838871187983,1475526.0,0.3222222222222222,0.8575481717493547,0.5202030906883501,-0.2616357804996329,0.79767572351379,0.5946929122229115,62.73830099249717,0.20298281129087847,0.20201307925197137,0.5202030906883501,1.21111417490265,-0.17070799352594979,-31895714.0,-0.4011590957237541,0.2916625666634225,0.10949652906033158,0.2916625666634225,0.29838300914804927,-0.14868414531397156,-0.011379153390987717,0.34545554210714996,-1.0
283,0.5801302931596094,0.504624277456648,0.8801047120418847,0.7181156121984514,1526012.0,0.3222222222222222,0.8449931725079649,0.5177181329802493,-0.20039747921820217,0.7854357063883532,0.5997305734464029,60.90191904659378,0.18570513294195035,0.1987514899899672,0.5177181329802493,1.2048163260602283,-0.16938006009972983,-33421726.0,-0.3754804345852367,0.27721459373133506,0.09826584085390166,0.27721459373133506,0.2937475937146723,-0.17341646146591982,-0.012554999241389808,0.34354909653998955,0.0
284,0.5361563517915297,0.48150289017341164,0.8617801047120416,0.7281292671825209,1558852.0,0.3222222222222222,0.8323243817326653,0.5173654996985928,-0.2107637674839281,0.7766193311259175,0.6049713364560403,59.50044083033376,0.17164799466987724,0.1933307909259492,0.5173654996985928,1.204004285764464,-0.16927328636727834,-31862874.0,-0.38027721453862995,0.2366127220250398,0.14366449251359015,0.2366127220250398,0.2903448102728971,-0.17272586233645282,-0.012668790775299588,0.34331939303293557,0.0
285,0.5491856677524417,0.4751445086705214,0.8643979057591625,0.695357305416476,1575931.0,0.3222222222222222,0.8137763617053553,0.5128647166459154,-0.18249258877056063,0.7641174810167727,0.6086605596789152,56.61426981869959,0.1554569213378575,0.18575601700833086,0.5128647166459154,1.1917408371642704,-0.16601140387243962,-33438805.0,-0.38925339708864115,0.25298475851199953,0.13626863857664162,0.25298475851199953,0.28735810042245297,-0.24247533098626572,-0.01854802002731004,0.3394380602591775,0.0
286,0.5270358306188928,0.45780346820809326,0.8382198952879584,0.6830678197542109,1605441.0,0.3222222222222222,0.7941662873615534,0.5048607950235168,-0.17820702473069416,0.751648302360994,0.6116975907023967,52.45950883254929,0.1399507116585973,0.17659495593838415,0.5048607950235168,1.1658593672802686,-0.15613777723323496,-35044246.0,-0.3804164270798651,0.23755383720838275,0.14286258987148237,0.23755383720838275,0.2833091170040061,-0.25623234375774284,-0.019610074343802058,0.33049928612837587,0.0
287,0.5117263843648207,0.4416184971098257,0.7439790575916237,0.63664087391898,1639008.0,0.3222222222222222,0.7706873008648153,0.49520747989682895,-0.1414333940221511,0.7339548518314535,0.6127156838949104,47.90613486470188,0.1212391679365431,0.16552379833801595,0.49520747989682895,1.1338564486003926,-0.14344148880673463,-36683254.0,-0.30236056048179805,0.24144932264438523,0.06091123783741281,0.24144932264438523,0.2766566534501848,-0.3067849531644943,-0.023478986496737964,0.3193244843517818,0.0
288,0.4840390879478814,0.4468208092485554,0.7916230366492151,0.6894401456531621,1666300.0,0.1,0.7569943862843266,0.5062452586860869,-0.1831948869670752,0.7271064354963317,0.6158472945789206,51.04047869086361,0.11125914091741107,0.15467086685389497,0.5062452586860869,1.1394919340875915,-0.12700141671541765,-35016954.0,-0.3448022274006597,0.18982006467042467,0.15498216273023502,0.18982006467042467,0.26423258024824453,-0.19246148104707717,-0.013692914580488639,0.3166233377007523,0.0
289,0.5123778501628674,0.4468208092485554,0.8340314136125645,0.6908056440600813,1687865.0,0.1,0.743035958124715,0.5173778637536033,-0.17342778030647799,0.7215216983522931,0.6189068190475394,54.238330355412245,0.10261487930475366,0.14425966934406673,0.5173778637536033,1.1442591173706576,-0.10950338986345087,-33329089.0,-0.3872106043640091,0.24261933640460676,0.14459126795940236,0.24261933640460676,0.26012540747893126,-0.19515299358328508,-0.013958428159611605,0.3134406268085271,0.0
290,0.5143322475570041,0.44797687861271773,0.8366492146596854,0.6817023213472918,1707472.0,0.1,0.7284706417842508,0.5285673645880745,-0.1531349567592173,0.7153956403515237,0.62146990077406,57.14852616725277,0.09392573957746375,0.13419288339074614,0.5285673645880745,1.1473891885432967,-0.09025445936714771,-35036561.0,-0.3886723360469677,0.24282876544736354,0.14584357059960418,0.24282876544736354,0.2552228560052541,-0.20407078705425874,-0.014565316340464207,0.3094109119776111,0.0
291,0.502605863192182,0.4468208092485554,0.818848167539269,0.6908056440600813,1726861.0,0.1,0.7174707935062962,0.540117205279927,-0.15068843878015425,0.7116125639989941,0.6242999311122649,59.87941889879108,0.08731263288672919,0.12481683328994277,0.540117205279927,1.1496642002116277,-0.06942978965177382,-33309700.0,-0.37202735829071365,0.23488151209873642,0.13714584619197723,0.23488151209873642,0.24942439900968397,-0.16042484925596123,-0.010999848277954824,0.3047734974658504,0.0
292,0.5136807817589591,0.4468208092485554,0.8282722513089013,0.6689576695493841,1738225.0,0.1,0.7069261113639805,0.549334319526627,-0.11962335002275704,0.7050502725452079,0.626122695946433,61.62678413235427,0.07892757659877492,0.1156389819517092,0.549334319526627,1.1528610147102334,-0.05419237565697932,-35047925.0,-0.38145144206034587,0.24398483481152589,0.13746660724881998,0.24398483481152589,0.2461316798261414,-0.1590662012931301,-0.010544682142315409,0.3017633475918032,0.0
293,0.5055374592833889,0.4468208092485554,0.8314136125654453,0.6908056440600813,1746727.0,0.1,0.6963055681990586,0.5571954179942344,-0.13361022606584683,0.7028587912398038,0.6287628162776022,63.053382981896284,0.07409597496220155,0.10733038055380767,0.5571954179942344,1.1579955815121457,-0.04360474552367677,-33301198.0,-0.38459280331688994,0.2221368603008287,0.16245594301606125,0.2221368603008287,0.24281243120983756,-0.15575457529065007,-0.010620543164921928,0.3004000817589556,0.0
294,0.5149837133550491,0.4468208092485554,0.8445026178010465,0.6880746472462448,1755885.0,0.1,0.6884918828705805,0.5649237596722803,-0.12315088757396453,0.700584307548487,0.6311837073375468,64.34709753568609,0.06940060021094019,0.09974442448523418,0.5649237596722803,1.162643776943027,-0.032796257598466494,-35057083.0,-0.39768180855249113,0.24398483481152589,0.15369697374096525,0.24398483481152589,0.23883928688884618,-0.11992781044419809,-0.007813685328478185,0.2988600086353734,0.0
295,0.5159609120521175,0.4468208092485554,0.8382198952879584,0.6908056440600813,1766050.0,0.1,0.6862160521923829,0.5706323016234257,-0.12017334243665556,0.69907989778104,0.6336172557752012,64.71138706739714,0.06546264200583873,0.0928880679893551,0.5706323016234257,1.167806742959261,-0.026542139712409485,-33291033.0,-0.391399086039403,0.2412538379976894,0.15014524804171359,0.2412538379976894,0.23584255724437572,-0.03803004373454988,-0.0022758306781975137,0.2985872206679176,0.0
296,0.5130293159609124,0.4468208092485554,0.8471204188481675,0.6821574874829309,1773425.0,0.1,0.6823850705507505,0.5753830981641631,-0.10677438931876782,0.6964764500428693,0.6355984897224555,64.75319525922475,0.060877960320413815,0.08648604645556685,0.5753830981641631,1.172399270704108,-0.02163307437578177,-35064458.0,-0.4002996095996121,0.24398483481152589,0.1563147747880862,0.24398483481152589,0.2364568999765829,-0.06313683815715398,-0.003830981641632499,0.29850808626997244,0.0
297,0.5146579804560257,0.44508670520231275,0.8434554973822003,0.6817023213472918,1781629.0,0.1,0.6812471552116518,0.580693369746624,-0.1010089516006678,0.6942035071666266,0.6374802787683671,64.58548959270453,0.056723228398259495,0.08053348284410539,0.580693369746624,1.1768447637592616,-0.015458024266013615,-36846087.0,-0.3983687921798875,0.23707078228061818,0.16129800989926935,0.23707078228061818,0.23513073529063444,-0.01963736335667854,-0.001137915339098683,0.2980756970063188,0.0
298,0.5153094462540725,0.45260115606936535,0.8408376963350793,0.6903504779244422,1804121.0,0.1,0.6818540433925043,0.5867906994386283,-0.10355977848581388,0.6936107334370598,0.63963824608086,64.8010660324905,0.05397248735619986,0.07522128374652429,0.5867906994386283,1.1812798935113933,-0.007698494634136854,-35041966.0,-0.38823654026571397,0.22910116527792646,0.15913537498778751,0.22910116527792646,0.23442634596309642,0.010661691210766877,0.0006068881808526013,0.29724459703638256,0.0
299,0.513355048859934,0.4468208092485554,0.8497382198952884,0.688984979517523,1814833.0,0.1,0.6862160521923831,0.594367319071461,-0.09461766044606201,0.6928990789879004,0.6416523984660298,65.47646486699455,0.051246680521870536,0.07042636310159354,0.594367319071461,1.1844967022068542,0.004237935936067805,-36856799.0,-0.40291741064673303,0.24352966867588677,0.15938774197084626,0.24352966867588677,0.2345997081323882,0.08221920354614931,0.004362008799878581,0.2950646915676966,0.0
300,0.5149837133550491,0.4468208092485554,0.8445026178010465,0.6817023213472918,1824092.0,0.1,0.6855712335002271,0.6030818540433923,-0.07862046730389949,0.6911765008893452,0.6432870891958773,66.96306879676273,0.04788941169346794,0.06591897281996842,0.6030818540433923,1.1855501845557557,0.020613523531028854,-38680891.0,-0.39768180855249113,0.24216417026896764,0.1555176382835235,0.24216417026896764,0.23896171693226678,-0.011223344556676063,-0.0006448186921558611,0.29123416525618173,0.0
301,0.513355048859934,0.44971098265896037,0.8486910994764404,0.688984979517523,1834798.0,0.1,0.6854195114550139,0.6136644666970109,-0.07532051282051211,0.6908393437552187,0.6451523092090057,69.28883965555157,0.045687034546213035,0.06187258516521734,0.6136644666970109,1.1831197577223713,0.0442091756716505,-36846093.0,-0.39898011681748,0.23199133868833144,0.16698877812914859,0.23199133868833144,0.23807605045591052,-0.0026355669763461487,-0.00015172204521318733,0.2847276455126802,0.0
302,0.5175895765472308,0.44942196531791934,0.8486910994764404,0.6862539827036865,1843728.0,0.1,0.6857988165680468,0.6239151873767256,-0.06233879532696096,0.6901339035934445,0.6468299285353192,71.44387340936018,0.04330397505812533,0.05815886314379894,0.6239151873767256,1.1800854862587036,0.06774488849474769,-38689821.0,-0.39926913415852106,0.23956301419960369,0.15970611995891737,0.23956301419960369,0.2378039045185972,0.006676904587032961,0.0003793051130328943,0.27808514944098894,0.0
303,0.5114006514657973,0.4468208092485554,0.8324607329842951,0.6903504779244422,1857032.0,0.1,0.6857608860567436,0.6362141556668182,-0.05413632225762399,0.6901672227212903,0.6486062774899772,73.62303126668269,0.04156094523131304,0.05483927956130177,0.6362141556668182,1.1707443163046456,0.10168399502899084,-36832789.0,-0.38563992373573974,0.23943317345513115,0.1462067502806086,0.23943317345513115,0.2381832096316301,-0.0006588917440858433,-3.793051130325983e-05,0.26726508031891366,0.0
304,0.5169381107491858,0.4468208092485554,0.8486910994764404,0.6908056440600813,1864613.0,0.1,0.6875815505993016,0.6472140039447729,-0.04359164011530836,0.6902654413887965,0.6503287006152876,75.46083275259247,0.03993674077350895,0.05185877180374321,0.6472140039447729,1.163362008091736,0.13106599979780986,-34968176.0,-0.401870290227885,0.24352966867588677,0.15834062155199824,0.24352966867588677,0.23814527912032682,0.032659726474792095,0.0018206645425580998,0.2580740020734815,0.0
305,0.5172638436482092,0.4468208092485554,0.8486910994764404,0.6848884842967674,1877845.0,0.1,0.6870884539523588,0.6567345622818993,-0.028153922014868105,0.689438217220792,0.6517393040308581,76.9937575325653,0.0376989131899339,0.049026800080981356,0.6567345622818993,1.1579287728316225,0.15554035173217606,-36846021.0,-0.401870290227885,0.24398483481152589,0.15788545541635912,0.24398483481152589,0.23996594366288493,-0.008565592673124178,-0.0004930966469428218,0.2505971052748616,0.0
306,0.5175895765472308,0.48063583815028854,0.8486910994764404,0.7354119253527539,1908916.0,0.1,0.6910332271279013,0.667468896980731,-0.06794302837202293,0.69651109539494,0.6551545130644049,78.65909227006728,0.041356582330535185,0.047492756530892126,0.667468896980731,1.152268836864168,0.18266895709729403,-34937105.0,-0.36805526132615185,0.20425264614647887,0.16380261517967298,0.20425264614647887,0.23665492794079768,0.06879671892571304,0.0039447731755424265,0.24239996994171847,0.0
307,0.5442996742670999,0.48063583815028854,0.8905759162303667,0.7304050978607183,1924313.0,0.1,0.6943331816112878,0.6773497951752386,-0.053055302685479644,0.7017255573127521,0.6582259655050707,80.05386613360436,0.04349959180768137,0.046694123586249976,0.6773497951752386,1.1469972297054605,0.20770236064501685,-36861418.0,-0.40994007808007815,0.25477608720246536,0.1551639908776128,0.25477608720246536,0.23778178204119568,0.05732358173552066,0.003299954483386417,0.2348237172651109,0.0
308,0.5387622149837131,0.4803468208092493,0.8931937172774876,0.7299499317250792,1933484.0,0.1,0.6983158852981334,0.6875720679714759,-0.042377863753603306,0.7060677687608025,0.6611534743303772,81.19474288151626,0.04491429443042527,0.04633815775508504,0.6875720679714759,1.1392854947590663,0.2358586411838854,-38794902.0,-0.41284689646823836,0.250058277051469,0.16278861941676936,0.250058277051469,0.2382879022278576,0.07006071929005109,0.003982703686845686,0.22585671339379523,0.0
309,0.5501628664495118,0.47572254335260167,0.8910994764397898,0.7354119253527539,1944164.0,0.1,0.7027916856319218,0.6989038082233345,-0.03650811712941937,0.7105822543903335,0.664184431514964,82.77503998900744,0.04639782287536953,0.04635009077914194,0.6989038082233345,1.1264206386753817,0.27138697777128734,-36850738.0,-0.41537693308718815,0.2542273883724775,0.16114954471471066,0.2542273883724775,0.2397176194021792,0.07878747412699494,0.004475800333788508,0.2137584152260236,0.0
310,0.5501628664495118,0.48150289017341164,0.8926701570680645,0.7290395994538009,1963873.0,0.1,0.7060157790927017,0.7112312243969044,-0.017808375056896475,0.7134218459385593,0.6668315812267532,84.65002460812184,0.04659026471180605,0.04639812556567476,0.7112312243969044,1.1054227272982526,0.31703972149555637,-38814611.0,-0.4111672668946529,0.25390903517934227,0.15725823171531061,0.25390903517934227,0.24178494189396385,0.056042724335729766,0.0032240934607798977,0.19709575145067404,0.0
311,0.5482084690553751,0.47572254335260167,0.8905759162303667,0.7363222576240321,1970728.0,0.1,0.7099605522682442,0.7229043392504927,-0.01341791837353945,0.7169449861978627,0.6696679353654176,86.44714939359824,0.047277050832445155,0.04657391061902884,0.7229043392504927,1.0841582710249984,0.36165040747598703,-36843883.0,-0.414853372877765,0.25331705610119926,0.16153631677656577,0.25331705610119926,0.2426005575127399,0.06870582017572868,0.0039447731755424265,0.18062696588725283,0.0
312,1.0480066445182725,1.0050632911392405,1.061382799325464,1.0150400000000004,1979029.0,0.9,0.73773869215597,0.7414556106812317,-0.2735843893187687,0.7628057575520377,0.6837647543300944,88.81820351445992,0.0790410032219433,0.053067329139611735,0.7414556106812317,1.0668695927790863,0.416041628583377,-34864854.0,-0.056319508186223555,0.2687410335152084,0.32506054170143195,0.32506054170143195,0.2495085884654453,0.48897835347532936,0.027778139887725716,0.16270699104892733,0.0
313,1.0470099667774084,1.0050632911392405,1.057841483979764,1.0143999999999997,1987241.0,0.9,0.7648566105295097,0.7595763131543009,-0.2548236868456989,0.8015125640824934,0.6972600704798865,90.81369723485804,0.10425249360260691,0.06330436203221078,0.7595763131543009,1.043435102812878,0.4757175234957236,-36852095.0,-0.05277819284052354,0.009976708860759853,0.04280148397976369,0.04280148397976369,0.23374276723973128,0.4723107617097193,0.027117918373539728,0.14192939482928862,0.0
314,1.0460132890365452,1.004430379746835,1.0595278246205733,1.0134400000000006,1992452.0,0.9,0.792122111970869,0.7776770156273702,-0.23576298437263032,0.834116784992879,0.7101653737256054,92.58635527140443,0.1239514112672736,0.07543377187922334,0.7776770156273702,1.0068843318469212,0.5484696994078194,-38844547.0,-0.055097444873738244,0.009969620253164724,0.04512782462057352,0.04512782462057352,0.2175398347748121,0.4767710287192428,0.027265501441359502,0.11460365810977542,0.0
315,1.0460132890365452,1.0041139240506327,1.0588532883642494,1.012,1998196.0,0.9,0.8189262388104989,0.7758436822940369,-0.23615631770596313,0.861483433455513,0.7224851543898664,91.93114372776489,0.13899827906564666,0.08814667331650801,0.7758436822940369,0.995737611978671,0.5559497526094028,-40842743.0,-0.0547393643136167,0.009326075949367851,0.04541328836424885,0.04541328836424885,0.20137151101723857,0.4659220676468654,0.02680412683962982,0.10994696484231703,0.0
316,1.0451827242524923,1.0177215189873419,1.0595278246205733,1.0193600000000003,2019733.0,0.9,0.8463057684721589,0.7787058610226062,-0.24065413897739407,0.8857721360008188,0.7346024950270147,91.79770097671127,0.15116964097380414,0.10075126684796723,0.7787058610226062,1.0076339423560596,0.5497777796891528,-38823010.0,-0.0418063056332314,0.005721518987341856,0.047527824620573256,0.047527824620573256,0.18503802401262912,0.47561041048955843,0.027379529661659917,0.11446404066672669,0.0
317,1.0553156146179399,1.013449367088608,1.0623946037099494,1.01552,2033764.0,0.9,0.8738583947807617,0.7815449355181304,-0.23397506448186955,0.9057333458468467,0.746068515638157,91.66302540913787,0.1596648302086897,0.11253397952011174,0.7815449355181304,1.0187952867614571,0.5442945842748037,-40856774.0,-0.048945236621341426,0.005910632911392266,0.04303460370994916,0.04303460370994916,0.16829217142083105,0.4827523360138253,0.027552626308602713,0.11862517562166336,0.0
318,1.050166112956811,1.0096518987341776,1.0622259696458687,1.0174400000000001,2044199.0,0.9,0.8973607343346988,0.7836085040206339,-0.23383149597936626,0.9229189849473318,0.7571449027549669,91.50693494802078,0.1657740821923649,0.12318200005456237,0.7836085040206339,1.0273552649836217,0.539861743057646,-38812575.0,-0.052574070911691084,0.0058681012658223786,0.046705969645868706,0.046705969645868706,0.15516328171244687,0.3834967382558643,0.023502339553937185,0.12187338048149392,0.0
319,1.0513289036544853,1.0096518987341776,1.0637436762225971,1.0193600000000003,2050449.0,0.9,0.9214403095129723,0.786745678956152,-0.23261432104384827,0.9377560641862039,0.7678475597853764,91.37456389036267,0.1699085044008275,0.1325273009238154,0.786745678956152,1.0387081220179266,0.5347832358943773,-36762126.0,-0.054091777488419535,0.007788101265822522,0.04630367622259701,0.04630367622259701,0.13779058079745785,0.39560909827382273,0.0240795751782735,0.12598122153088737,0.0
320,1.0506644518272434,1.0208860759493668,1.0640809443507586,1.0286400000000007,2065736.0,0.9,0.9463311485358824,0.789839121529358,-0.23880087847064269,0.9517382081575573,0.7784921491818917,91.2665370714934,0.17324605897566558,0.14067105253418544,0.789839121529358,1.0499991182253305,0.5296791248333854,-34696390.0,-0.04319486840139186,0.00152607594936649,0.04472094435075835,0.04472094435075835,0.12067913640573195,0.40919254224605783,0.024890839022910127,0.13007999834798625,0.0
321,1.0667774086378738,1.0318037974683545,1.078077571669478,1.03328,2083408.0,0.9,0.9711534880898195,0.7922421726596872,-0.24103782734031276,0.9642830992102408,0.7888916532969165,91.12654555152317,0.17539144591332434,0.14761513121001324,0.7922421726596872,1.059275675533162,0.5252086697862124,-32612982.0,-0.04627377420112344,0.003163797468353824,0.049437571669477265,0.049437571669477265,0.1036133183471486,0.40503568731818995,0.024822339553937173,0.13351675143673739,0.0
322,1.0667774086378738,1.0240506329113925,1.0797639123102871,1.03328,2091268.0,0.9,0.996506854802003,0.7946357411621906,-0.23864425883780938,0.9748980070240499,0.7988666878562259,90.96657763213955,0.176031319167824,0.15329836880157538,0.7946357411621906,1.0682665316486817,0.5210049506756995,-32612982.0,-0.05571327939889459,0.009229367088607443,0.046483912310287145,0.046483912310287145,0.08632789144139401,0.4173167010051815,0.025353366712183256,0.13681539524324557,0.0
323,1.0662790697674414,1.0231012658227847,1.0784148397976394,1.03072,2102219.0,0.9,1.0210400000000002,0.7969759763313607,-0.23374402366863933,0.9834860059434268,0.8083300883518901,90.80801094712365,0.1751559175915367,0.15766987855956766,0.7969759763313607,1.076782194918451,0.5171697577442704,-34715201.0,-0.0553135739748547,0.010178734177215265,0.04513483979763944,0.04513483979763944,0.06897937341609736,0.39982187055696494,0.02453314519799733,0.13990310929354516,0.0
324,1.0639534883720936,1.0208860759493668,1.0731871838111302,1.0278399999999999,2111696.0,0.9,1.0221066666666667,0.8006027446517976,-0.22723725534820227,0.9903096973367458,0.8172896765824252,90.70161998136149,0.17302002075432055,0.16073990699851826,0.8006027446517976,1.0878298873570618,0.5133756019465333,-36826897.0,-0.05230110786176345,0.009833924050633325,0.04246718381113013,0.04246718381113013,0.045429926925238874,0.012610340479192406,0.0010666666666666231,0.14361357135263214,0.0
325,1.0604651162790697,1.0208860759493668,1.0747048903878587,1.0294400000000006,2117056.0,0.9,1.02336,0.8041680200273097,-0.22527197997269088,0.9963297439003235,0.8259488734566119,90.58823819488481,0.17038087044371153,0.1626680996875569,0.8041680200273097,1.098482212637224,0.5098538274173954,-34709841.0,-0.0538188144384919,0.006953924050633109,0.04686489038785879,0.04686489038785879,0.04576854412591347,0.014826498422713774,0.0012533333333334025,0.14715709630495719,0.0
326,1.0636212624584722,1.0208860759493668,1.0777403035413156,1.0303999999999998,2126006.0,0.9,1.0247733333333333,0.8077912259141251,-0.22260877408587465,1.001571321761812,0.8342938173971582,90.49902288461503,0.16727750436465383,0.1635899806229763,0.8077912259141251,1.1089391737644196,0.5066432780638306,-32583835.0,-0.0568542275919488,0.008553924050633821,0.04830030354131498,0.04830030354131498,0.04603291736930859,0.01673508051783945,0.0014133333333332665,0.15057397392514724,0.0
327,1.065116279069768,1.0208860759493668,1.076897133220911,1.0310400000000004,2133181.0,0.9,1.0263600000000002,0.8121294795933847,-0.21891052040661574,1.0061049645676872,0.8423242738299273,90.50390114849515,0.16378069073775992,0.16362812264593304,0.8121294795933847,1.1200835756473826,0.5041753835393867,-30450654.0,-0.05601105727154421,0.009513924050633005,0.0464971332209112,0.0464971332209112,0.046123237774030455,0.018814229249012326,0.001586666666666699,0.15397704802699896,0.0
328,1.0644518272425252,1.025632911392405,1.078077571669478,1.036,2141201.0,0.9,1.0277466666666668,0.817140024275527,-0.21885997572447302,1.010704200788043,0.8502294055103383,90.63673124684519,0.16047479527770458,0.16299745717228736,0.817140024275527,1.1317429108894932,0.5025371376615608,-28309453.0,-0.05244466027707295,0.005407088607595423,0.04703757166947753,0.04703757166947753,0.04608238336143914,0.01632396797990876,0.0013866666666666472,0.15730144330698306,0.0
329,1.0715946843853823,1.0276898734177218,1.0789207419898825,1.0334400000000001,2151900.0,0.9,1.0292400000000002,0.8216231042330447,-0.2118168957669554,1.014202016051421,0.8577073889588959,91.89047476736857,0.15649462709252504,0.1616968911563349,0.8216231042330447,1.1423636979642988,0.5008825105017907,-30461353.0,-0.05123086857216075,0.008310126582278254,0.042920741989882494,0.042920741989882494,0.04607289488476692,0.017646132030880946,0.0014933333333333465,0.160370296865627,1.0
330,1.0659468438538209,1.0240506329113925,1.0728499156829687,1.0340800000000008,2168891.0,0.9,1.0306266666666668,0.8268781277499618,-0.20720187225003894,1.0172601674281256,0.8649062710422062,92.55440115507767,0.15235389638591945,0.1598282922022518,0.8268781277499618,1.1531732981009886,0.5005829573989351,-28292462.0,-0.04879928277157619,0.009389367088607603,0.03940991568296859,0.03940991568296859,0.04546489038785858,0.01635477276301378,0.0013866666666667211,0.16314758517551334,1.0
331,1.0667774086378738,1.0238924050632914,1.0802698145025302,1.0312000000000006,2185847.0,0.9,1.0316133333333337,0.833400719162494,-0.19779928083750653,1.019404757054568,0.8716937701833406,93.31889313930513,0.1477109868712273,0.15740483113604692,0.833400719162494,1.1633112608649974,0.5034901774599906,-30478309.0,-0.05637740943923886,0.010187594936709399,0.04618981450252946,0.04618981450252946,0.04545540191118628,0.011615131062627793,0.0009866666666666912,0.16495527085125172,1.0
332,1.0687707641196011,1.0262658227848105,1.0807757166947725,1.0348800000000007,2200257.0,0.9,1.0321333333333336,0.8397913594295249,-0.1950886405704758,1.0217855636615576,0.8783544326248369,93.52300261462523,0.14343113103672067,0.15461009111618168,0.8397913594295249,1.1732366668661773,0.5063460519928724,-28278052.0,-0.05450989390996197,0.004934177215190072,0.0495757166947719,0.0495757166947719,0.04585996627318741,0.006066262249183385,0.0005200000000000019,0.16672265371832626,1.0
333,1.0707641196013293,1.0544303797468348,1.0807757166947725,1.0651199999999998,2265048.0,0.9,1.034786666666667,0.847494748900015,-0.21762525109998487,1.028452400021318,0.8859775170074966,94.78319399384435,0.14247488301382139,0.15218304949570963,0.847494748900015,1.1843760914310866,0.5106134063689434,-26013004.0,-0.026345336947937614,0.019550379746834157,0.04589571669477177,0.04589571669477177,0.04556481169196195,0.03081449365128508,0.0026533333333333222,0.16844067126553583,-1.0
334,1.1000000000000005,1.0544303797468348,1.0915682967959532,1.0476800000000002,2291850.0,0.9,1.0359866666666668,0.8550908359884689,-0.19258916401153126,1.0314104923257306,0.8925776183541293,96.92214744779133,0.13883287397160127,0.14951301439088796,0.8550908359884689,1.1932667314850254,0.5169149404919126,-28304854.0,-0.037137917049118396,0.010689620253165,0.026448296795953397,0.026448296795953397,0.043895177065767475,0.013936203158873006,0.001200000000000016,0.16908794774827818,1.0
335,1.086378737541529,1.045727848101265,1.0962900505902202,1.0473599999999998,2374960.0,0.9,1.0373733333333337,0.8636474844484904,-0.18371251555150947,1.0338642627371566,0.898895266584573,99.50730973800314,0.13496899615258362,0.1466042107432271,0.8636474844484904,1.2000233086852659,0.5272716602117149,-30679814.0,-0.050562202488955155,0.0019521518987350994,0.048610050590220055,0.048610050590220055,0.04418477796514919,0.01614405464141555,0.0013866666666666472,0.16818791211838777,1.0
336,1.0833887043189367,1.0398734177215188,1.0951096121416524,1.04576,2402046.0,0.9,1.0388666666666668,0.8710708147473828,-0.17468918525261723,1.0356943761622095,0.9048897454994883,99.50247706186006,0.1308046306627212,0.14344429472712594,0.8710708147473828,1.2074683580946473,0.5346732714001183,-33081860.0,-0.05523619442013361,0.007486582278481091,0.04774961214165252,0.04774961214165252,0.044624980326026055,0.01743462017434627,0.0014933333333333465,0.16819877167363223,1.0
337,1.0813953488372094,1.0406645569620254,1.086340640809444,1.03872,2453023.0,0.9,1.0396400000000001,0.8783190304961309,-0.16040096950386917,1.0361598567526387,0.9103522048668561,99.49717664697681,0.12580765188578258,0.1399169661588573,0.8783190304961309,1.2138412108185173,0.5427968501737447,-35534883.0,-0.045676083847418614,0.005095443037974601,0.04058064080944401,0.04058064080944401,0.04410129286115816,0.00901460988498548,0.0007733333333332926,0.16776109016119312,1.0
338,1.0747508305647848,1.042405063291139,1.0893760539629,1.05104,2486882.0,0.9,1.0413600000000003,0.8860135654680624,-0.16502643453193755,1.038449109559925,0.9160945638518823,99.49231016169855,0.12235454570804283,0.1364044820686944,0.8860135654680624,1.220052719727072,0.5519744112090528,-33048001.0,-0.046970990671761026,0.0036850632911389347,0.05065605396289996,0.05065605396289996,0.04429760539629024,0.020031055900621375,0.0017200000000000177,0.1670195771295048,1.0
339,1.0852159468438538,1.0414556962025312,1.0924114671163578,1.0471999999999997,2538308.0,0.9,1.042706666666667,0.8934384478834773,-0.15376155211652243,1.0397954003968597,0.921445806143642,99.48644385825806,0.11834959425321767,0.13279350450559907,0.8934384478834773,1.2255905647526235,0.561286331014331,-35586309.0,-0.05095577091382664,0.009584303797468774,0.04137146711635786,0.04137146711635786,0.04387046655424413,0.01567349472377333,0.0013466666666666072,0.16607605843457315,1.0
340,1.0820598006644513,1.0398734177215188,1.0967959527824624,1.05024,2577933.0,0.9,1.0438933333333333,0.9013818297678653,-0.14885817023213477,1.041402261874266,0.92670271201533,99.48460492936496,0.11469954985893593,0.12917471357626645,0.9013818297678653,1.2298192033701913,0.5729444561655392,-33008376.0,-0.05692253506094369,0.007326582278480931,0.04959595278246276,0.04959595278246276,0.04408366498032623,0.0137451737451737,0.0011866666666666692,0.164218686801163,1.0
341,1.0867109634551495,1.0999999999999996,1.1,1.1,2649544.0,0.9,1.0494400000000002,0.9099067121832802,-0.19009328781671986,1.0504172985089943,0.9337760707085818,99.48556489606393,0.11664122780041253,0.12666801642109565,0.9099067121832802,1.2372563576748368,0.5825570666917237,-30358832.0,-4.440892098500626e-16,0.04975999999999958,0.049760000000000026,0.049760000000000026,0.04465360314783603,0.06440625483821028,0.005546666666666662,0.16367482274577824,-1.0
342,1.0702657807308968,1.0242088607594937,0.8932546374367621,0.8911999999999999,219908.0,0.8,1.0375333333333334,0.9141384903656501,0.02293849036565021,1.0259223295076105,0.9320382719041498,99.48046756019195,0.09388405760346075,0.12011122465756867,0.9141384903656501,1.2349599004660385,0.5933170802652615,-30578740.0,0.13095422332273154,0.0757911392405064,0.20674536256323794,0.20674536256323794,0.058598223721191806,-0.13817112795915287,-0.01190666666666674,0.16041070505019428,1.0
343,0.9280730897009971,0.8943037974683542,0.8693086003372684,0.8358400000000005,312179.0,0.7000000000000001,1.0212533333333333,0.9171600394477317,0.08132003944773125,0.9966788941987474,0.9281118118264293,99.4764812601737,0.06856708237231812,0.10980239620051857,0.9171600394477317,1.2320662797027127,0.6022537991927507,-30890919.0,0.024995197131085778,0.003103797468354319,0.02189139966273146,0.024995197131085778,0.05683200560690483,-0.1894491854150504,-0.016280000000000006,0.15745312012749052,1.0
344,0.8624584717607976,0.8428797468354431,0.7989881956155148,0.7646400000000003,407260.0,0.6,0.9987333333333334,0.9188784251251706,0.15423842512517028,0.9609806027835557,0.921439492976371,99.47190839810087,0.03954110980718473,0.09575013892185182,0.9188784251251706,1.2294159444282877,0.6083409058220535,-31298179.0,0.04389155121992827,0.007039746835442617,0.036851804384485654,0.04389155121992827,0.05635832515066786,-0.2611317254174399,-0.02252000000000003,0.15526875965155854,1.0
345,0.7847176079734214,0.8783227848101268,0.794772344013491,0.8712000000000003,523708.0,0.5,0.9825733333333334,0.9228262934304353,0.05162629343043501,0.9471682023553164,0.919388901426315,99.46982778913208,0.027779300929001383,0.08215597132328173,0.9228262934304353,1.2257716700327106,0.61988091682816,-30774471.0,0.08355044079663587,0.1136827848101265,0.03013234401349063,0.1136827848101265,0.06200724749361409,-0.18206399278954444,-0.016159999999999963,0.15147268830113764,1.0
346,0.9061461794019942,0.9530063291139238,0.9183811129848237,0.9476800000000004,627671.0,0.6,0.9742400000000001,0.928187325140343,-0.019492674859657444,0.9472469404544985,0.9205436401436082,99.46869650470497,0.0267033003108903,0.07106543712080345,0.928187325140343,1.2233338793407635,0.6330407709399224,-30146800.0,0.03462521612910008,0.08180632911392349,0.047181112984823415,0.08180632911392349,0.06662041685344493,-0.09544899205864366,-0.008333333333333312,0.1475732771002103,-1.0
347,0.9802325581395354,0.9449367088607595,0.8359190556492416,0.8342399999999998,739083.0,0.5,0.95648,0.9312134714003945,0.0969734714003947,0.9298612573076526,0.9170210425867262,99.4615963831432,0.012840214720926335,0.059420392640828025,0.9312134714003945,1.2192336781641924,0.6431932646365965,-30885883.0,0.1090176532115179,0.0027432911392408776,0.11176094435075878,0.11176094435075878,0.07188299133348983,-0.20348304307974352,-0.01776000000000001,0.14401010338189896,-1.0
348,0.8631229235880403,0.8465189873417723,0.8330522765598646,0.8039999999999997,830817.0,0.8,0.9363333333333334,0.9337613397056592,0.1297613397056595,0.9104979869526291,0.9124079388076762,99.45166608900297,-0.001909951855047165,0.047154323741652994,0.9337613397056592,1.2148450508833515,0.652677628527967,-31716700.0,0.013466710781907754,0.012278987341772574,0.00118772344013518,0.013466710781907754,0.06902608288684443,-0.2311811505507959,-0.02014666666666669,0.14054185558884616,-1.0
349,0.8277408637873752,0.8053797468354434,0.8116357504215855,0.7814400000000002,950928.0,0.7000000000000001,0.9148933333333334,0.9356874859657109,0.1542474859657107,0.89064291203684,0.9070623086522609,99.43709198893785,-0.01641939661542091,0.03443957967023822,0.9356874859657109,1.2111295463258782,0.6602454256055437,-32667628.0,-0.006256003586142089,0.0013797468354437292,0.0076357504215858185,0.0076357504215858185,0.06628067535452291,-0.2476894639556375,-0.021439999999999987,0.13772103018008366,1.0
350,0.8098006644518277,0.8325949367088609,0.8205733558178755,0.8236799999999999,1093822.0,0.6,0.8959466666666667,0.9385505279927173,0.11487052799271746,0.8803409255696337,0.9036589491154339,99.42402709018882,-0.02331802354580015,0.022888059027030543,0.9385505279927173,1.2061462868134247,0.6709547691720099,-31573806.0,0.012021580890985373,0.05115493670886062,0.03913335581787525,0.05115493670886062,0.0663222489166863,-0.2163190744405542,-0.018946666666666678,0.13379787941035368,-1.0
351,0.8508305647840534,0.821518987341772,0.8217537942664425,0.8031999999999998,1186857.0,0.5,0.8756133333333334,0.9409015597026249,0.1377015597026251,0.8684730908666132,0.8995585838454161,99.40544539296765,-0.03108549297880292,0.01209334862586385,0.9409015597026249,1.20148016252113,0.6803229568841198,-32760663.0,-0.00023480692467048314,0.002161012658227879,0.0019262057335573957,0.002161012658227879,0.06305471104517547,-0.23300229182582122,-0.020333333333333325,0.13028930140925257,-1.0
352,0.8279069767441855,0.8069620253164559,0.8251264755480608,0.8012800000000005,1267201.0,0.4,0.8548666666666667,0.9432031087847065,0.14192310878470593,0.8581356922717497,0.8955472130762154,99.38818687719053,-0.03741152080446575,0.0021923747397979317,0.9432031087847065,1.1966107188168063,0.6897954987526067,-34027864.0,-0.018164450231604956,0.0037620253164560857,0.021926475548061042,0.021926475548061042,0.06074892127564199,-0.23705057891529513,-0.020746666666666625,0.1267038050160499,-1.0
353,0.827574750830565,0.8373417721518982,0.8335581787521077,0.8425600000000001,1345600.0,0.4,0.8334133333333335,0.9464879320285239,0.1039279320285238,0.8557394319222498,0.8933844696853495,99.37518468208796,-0.03764503776309969,-0.005775107760781592,0.9464879320285239,1.1901157987088116,0.7028600653482362,-32682264.0,0.003783593399790508,0.03606177215189765,0.032278178752107145,0.03606177215189765,0.05960740228830013,-0.2340363636363636,-0.021453333333333335,0.12181393334014384,-1.0
354,0.871594684385382,0.8436708860759489,0.8516020236087692,0.81312,1404903.0,0.4,0.8269066666666668,0.9481068502503414,0.1349868502503414,0.8491825962419036,0.8901083688818658,99.35515176160547,-0.04092577263996222,-0.012805240736617719,0.9481068502503414,1.1869914812502937,0.7092222192503889,-34087167.0,-0.007931137532820376,0.0011108860759487804,0.009042023608769156,0.009042023608769156,0.0431321240420944,-0.08761220825852778,-0.006506666666666661,0.11944231549997625,-1.0
355,0.8370431893687708,0.8278481012658226,0.8352445193929178,0.82912,1435097.0,0.4,0.8263466666666667,0.9501634107115765,0.12104341071157654,0.8460960429739184,0.887619047703014,99.33690268299596,-0.04152300472909565,-0.018548793535113305,0.9501634107115765,1.1830152475919478,0.7173115738312053,-32652070.0,-0.007396418127095128,0.01472810126582269,0.02212451939291782,0.02212451939291782,0.042892900897247066,-0.00803981623277239,-0.0005600000000000419,0.11642591844018566,-1.0
356,0.8526578073089705,0.8169303797468349,0.8318718381112985,0.79536,1490015.0,0.29999999999999993,0.8289066666666667,0.9515261204673041,0.15616612046730416,0.8382904979010078,0.8838533722865644,99.31495089802065,-0.04556287438555651,-0.023951609705201948,0.9515261204673041,1.1798345578805758,0.7232176830540324,-34142085.0,-0.014941458364463589,0.012189620253165057,0.0027518381112985324,0.012189620253165057,0.04025107331668346,0.04017576898932784,0.00255999999999997,0.11415421870663585,-1.0
357,0.8224252491694352,0.821518987341772,0.8286677908937609,0.8017600000000001,1545023.0,0.19999999999999998,0.82312,0.9529083720224549,0.1511483720224548,0.8326704213008529,0.8805026223973168,99.28849901868391,-0.04783220109646391,-0.02872772798345434,0.9529083720224549,1.1766290491712508,0.7291876948736591,-32597062.0,-0.00714880355198888,0.026158987341772022,0.0333077908937609,0.0333077908937609,0.033553157156986334,-0.07970615243342527,-0.00578666666666668,0.11186033857439791,-1.0
358,0.8287375415282393,0.8082278481012651,0.819055649241147,0.7897599999999997,1599623.0,0.19999999999999998,0.8099599999999999,0.9541733803671675,0.1644133803671678,0.8260688180237986,0.8767988418913037,99.25658242323614,-0.050730023867505136,-0.0331281871602645,0.9541733803671675,1.1733637500519158,0.734983010682419,-34196685.0,-0.01082780113988191,0.006467848101264995,0.017295649241146904,0.017295649241146904,0.028177267167588282,-0.16663852777308863,-0.01316000000000006,0.10959518484237424,-1.0
359,0.8144518272425251,0.7878164556962018,0.7986509274873533,0.7688,1648009.0,0.19999999999999998,0.8045066666666667,0.9548500000000001,0.18605000000000005,0.8172582306355218,0.8723907258957403,99.2218856485828,-0.05513249526021846,-0.03752904878025529,0.9548500000000001,1.1714787375682754,0.7382212624317247,-35844694.0,-0.01083447179115149,0.0019435443037978395,0.00889092748735365,0.00889092748735365,0.01960476576230452,-0.07844265439202114,-0.00545333333333331,0.1083143687841377,-1.0
360,0.7926910299003324,0.775791139240506,0.7617200674536256,0.7286399999999998,1704530.0,0.9,0.7982266666666668,0.9488833333333333,0.22024333333333346,0.8036246566915953,0.8665233493285671,96.50267692856859,-0.06289869263697179,-0.04260297755159859,0.9488833333333333,1.1743367094572517,0.723429957209415,-37549224.0,0.014071071786880385,0.0069911392405059836,0.007079932546374401,0.014071071786880385,0.019655129179385573,-0.09373134328358201,-0.00627999999999999,0.11272668806195914,-1.0
361,0.7451827242524923,0.7145569620253162,0.6841483979763913,0.6774400000000002,1795862.0,0.8,0.7895600000000002,0.9418633333333335,0.26442333333333334,0.7842116325851961,0.8588056616008705,93.00702667008657,-0.07459402901567436,-0.04900118784441375,0.9418633333333335,1.1796307830796444,0.7040958835870227,-39345086.0,0.03040856404892489,0.014083037974683688,0.04449160202360858,0.04449160202360858,0.022726450146220805,-0.13308763308763316,-0.008666666666666675,0.11888372487315542,-1.0
362,0.699003322259136,0.6818037974683538,0.6807757166947729,0.6552000000000001,1834906.0,0.7000000000000001,0.7755200000000001,0.9344000000000001,0.2792,0.7643636891105505,0.850495226433488,88.92971734101566,-0.08613153732293743,-0.05642725774011849,0.9344000000000001,1.1851259188156595,0.6836740811843407,-41179992.0,0.0010280807735809638,0.004363797468353692,0.003335716694772728,0.004363797468353692,0.018827188542845225,-0.20454545454545425,-0.014039999999999978,0.1253629594078297,-1.0
363,0.675249169435216,0.6658227848101265,0.6430016863406406,0.6247999999999999,1873815.0,0.6,0.7606533333333334,0.9263333333333335,0.30153333333333354,0.7428923523243119,0.8412831763749783,86.25855022619474,-0.09839082405066635,-0.06481997100222806,0.9263333333333335,1.1913669243744334,0.6612997422922334,-43053807.0,0.02282109846948588,0.010622784810126351,0.012198313659359528,0.02282109846948588,0.02054886236045006,-0.22211155378486047,-0.014866666666666658,0.13251679552055,-1.0
364,0.6403654485049833,0.6213607594936706,0.10337268128161928,0.13520000000000013,2147818.0,0.5,0.7051466666666667,0.9079133333333335,0.7727133333333334,0.6494012211974948,0.8124634548902853,78.95979148400734,-0.1630622336927905,-0.08446842354034054,0.9079133333333335,1.2563206169695678,0.5595060496970992,-45201625.0,0.5179880782120514,0.0034392405063292664,0.5214273187183807,0.5214273187183807,0.06217393262464336,-0.8312699680511182,-0.055506666666666704,0.17420364181811712,1.0
365,0.11993355481727566,0.3069620253164559,0.11838111298482304,0.27168000000000025,2306641.0,0.6,0.6575733333333333,0.8924166666666667,0.6207366666666665,0.5912902640901878,0.7903906608131307,73.51584047742818,-0.19910039672294289,-0.107394818176861,0.8924166666666667,1.284681376884485,0.5001519564488487,-42894984.0,0.18858091233163285,0.17176202531645576,0.016818887015177086,0.18858091233163285,0.07488386097295463,-0.6775541207747813,-0.04757333333333332,0.19613235510890903,-1.0
366,0.2792358803986711,0.293037974683544,0.258516020236088,0.26959999999999995,2390061.0,0.7000000000000001,0.61228,0.8768366666666667,0.6072366666666668,0.541799454230159,0.7691338991472886,68.7013753962365,-0.22733444491712962,-0.13138274352491475,0.8768366666666667,1.3064440830084774,0.4472292503248561,-45285045.0,0.03452195444745598,0.021357974683543723,0.013163979763912259,0.03452195444745598,0.0770071885428452,-0.6684376229830775,-0.04529333333333333,0.2148037081709053,1.0
367,0.27441860465116263,0.274050632911392,0.13288364249578458,0.16255999999999995,2543069.0,0.6,0.5567333333333333,0.8589866666666667,0.6964266666666667,0.4834549228101345,0.7443757808147461,63.68368179066556,-0.26092085800461157,-0.15729036642085412,0.8589866666666667,1.3332784458864424,0.38469488744689107,-47828114.0,0.1411669904156074,0.004450632911392027,0.13671635750421537,0.1411669904156074,0.08692739446140267,-0.8039367039752991,-0.05554666666666667,0.2371458896098878,1.0
368,0.16611295681063157,0.2053797468354425,0.162900505902193,0.18144000000000018,2639686.0,0.5,0.5055733333333333,0.8413366666666667,0.6598966666666666,0.4369910885316523,0.7213988101692461,59.244716070420594,-0.2844077216375938,-0.18271383746420206,0.8413366666666667,1.3515329810787915,0.33114035225454197,-45188428.0,0.04247924093324951,0.04281974683544254,0.00034050590219303345,0.04281974683544254,0.0894799050099258,-0.7718768859384427,-0.05115999999999998,0.2550981572060624,1.0
369,0.18920265780730885,0.25142405063291073,0.16239460370994988,0.24064000000000033,2742494.0,0.4,0.45881333333333335,0.8248233333333334,0.584183333333333,0.40678322875755196,0.7017760015909095,55.566869480682136,-0.2949927728333575,-0.20516962453803314,0.8248233333333334,1.3603233696618109,0.2893232970048558,-42445934.0,0.08902944692296086,0.06998405063291055,0.01904539629005031,0.08902944692296086,0.09412337634569246,-0.6998603073238872,-0.04675999999999999,0.26775001816423877,1.0
370,0.25282392026578104,0.2550632911392404,0.22681281618887042,0.25328000000000006,2816256.0,0.5,0.4141066666666668,0.8085733333333335,0.5552933333333334,0.3831673474102363,0.6834700423423008,52.27373651409123,-0.3003026949320645,-0.2241962386168394,0.8085733333333335,1.3651560674992709,0.25199059916739597,-39629678.0,0.028250474950370003,0.014423291139240096,0.013827183811129906,0.028250474950370003,0.09503627848812772,-0.6792949756888167,-0.04470666666666664,0.27829136708296875,1.0
371,0.2561461794019938,0.2541139240506326,0.22175379426644196,0.23328000000000007,2882485.0,0.4,0.3694800000000001,0.7919600000000001,0.5586800000000001,0.3601077555009692,0.6650949385732273,49.218120493378294,-0.30498718307225814,-0.24035442750792319,0.7919600000000001,1.3686955775986815,0.21522442240131878,-42512163.0,0.032360129784190644,0.0008339240506325396,0.031526205733558105,0.032360129784190644,0.09699204534619744,-0.6965660770031217,-0.04462666666666667,0.28836778879934066,1.0
372,0.2322259136212627,0.2645569620253164,0.231871838111298,0.26624000000000014,2928806.0,1.0,0.3309466666666668,0.7760933333333334,0.5098533333333333,0.3456665623469739,0.6488151451620752,46.31995155339795,-0.30314858281510126,-0.2529132585693588,0.7760933333333334,1.368024124764199,0.1841625419024676,-39583357.0,0.03268512391401843,0.03127696202531635,0.0014081618887020753,0.03268512391401843,0.0985432163567923,-0.6346069389547648,-0.03853333333333331,0.2959653957154329,1.0
373,0.2710963455149499,0.340506329113924,0.2720067453625633,0.3103999999999999,3034727.0,1.1,0.30036000000000007,0.7611133333333334,0.4507133333333335,0.34024093737051636,0.6350022820942354,43.74965799411855,-0.294761344723719,-0.26128287580023085,0.7611133333333334,1.3631597551433,0.15906691152336705,-36548630.0,0.06849958375136067,0.07426632911392383,0.005766745362563164,0.07426632911392383,0.10102444361431856,-0.5418044402456308,-0.03058666666666669,0.3010232109049832,-1.0
374,0.3220930232558138,0.3136075949367084,0.20522765598650974,0.20511999999999989,3112384.0,1.0,0.2628533333333334,0.7439200000000001,0.5388000000000003,0.3194531008519753,0.6174560664985522,41.07915798795364,-0.2980029656465769,-0.26862689376950005,0.7439200000000001,1.3614874805681716,0.12635251943182868,-39661014.0,0.10837993895019868,0.0032075949367085244,0.10517234401349015,0.10837993895019868,0.10969245540447231,-0.6869352869352872,-0.03750666666666669,0.30878374028408573,-1.0
375,0.20996677740863748,0.2134493670886072,0.174198988195616,0.1769599999999997,3156455.0,0.9,0.2255333333333334,0.7261266666666669,0.5491666666666672,0.29753108533628675,0.599476635212897,38.423174584693854,-0.3019455498766102,-0.2752906249909221,0.7261266666666669,1.3589277032924056,0.09332563004092809,-42817469.0,0.03925037889299121,0.00832936708860732,0.03092101180438389,0.03925037889299121,0.11106156210643109,-0.7167733674775933,-0.03732000000000002,0.3164005183128694,-1.0
376,0.17707641196013305,0.1791139240506329,0.13709949409780844,0.13568000000000016,3216582.0,0.8,0.2255733333333334,0.70737,0.5716899999999999,0.2726309183614734,0.5805461603062481,35.75118367643536,-0.30791524194477465,-0.28181554838169265,0.70737,1.3558284218236683,0.05891157817633197,-46034051.0,0.04201442995282445,0.0021539240506331936,0.03986050590219126,0.04201442995282445,0.07111048804263474,0.0035502958579884947,4.0000000000003e-05,0.32422921091183404,1.0
377,0.1425249169435218,0.1506329113924049,0.1,0.1,3359688.0,0.7000000000000001,0.2112666666666667,0.6879233333333334,0.5879233333333335,0.24607231553663134,0.5609320313141564,33.29394219476808,-0.31485971577752503,-0.28842438186085917,0.6879233333333334,1.3522277811145025,0.023618885552164515,-49393739.0,0.05063291139240489,0.014952911392404733,0.035680000000000156,0.05063291139240489,0.05961482129769907,-0.6319199057714961,-0.014306666666666688,0.33215222389058446,1.0
378,0.103488372093023,0.13797468354430356,0.1,0.10848000000000049,3412630.0,0.6,0.19784000000000004,0.66864,0.5601599999999995,0.22490426699253427,0.542464601464599,30.897506825886055,-0.31756033447206466,-0.2942515723831003,0.66864,1.3455139898190924,-0.008233989819092402,-45981109.0,0.037974683544303556,0.037974683544303556,0.0,0.037974683544303556,0.05990254872243637,-0.5976261127596421,-0.013426666666666622,0.3384369949095462,1.0
379,0.1,0.11107594936708845,0.1,0.1,3443617.0,0.5,0.19262666666666672,0.64924,0.5492400000000001,0.20568822591675975,0.5244048218129826,28.43850638237666,-0.3187165958962229,-0.29914457708572484,0.64924,1.3369557746404843,-0.03847577464048435,-49424726.0,0.011075949367088445,0.0025959493670879574,0.008480000000000487,0.011075949367088445,0.049061628635059785,-0.38484251968503913,-0.005213333333333329,0.3438578873202422,1.0
380,0.1,0.1,0.1,0.1,3453394.0,0.4,0.1858400000000001,0.6297633333333333,0.5297633333333334,0.18942849885264287,0.5070821760246976,26.141058118446267,-0.3176536771720547,-0.3028463971029908,0.6297633333333333,1.3257662445198757,-0.06623957785320889,-49424726.0,0.0,0.0,0.0,0.0,0.04549331639877291,-0.4488536155202827,-0.006786666666666681,0.3480014555932711,1.0
381,0.1,0.12468354430379716,0.1,0.1046400000000002,3495523.0,0.29999999999999993,0.17450666666666673,0.6097533333333334,0.5051133333333332,0.17638411441377477,0.49065596475838347,23.72743862594315,-0.3142718503446087,-0.30513148775131443,0.6097533333333334,1.3098405922513132,-0.09033392558464659,-45929203.0,0.024683544303797156,0.024683544303797156,0.0,0.024683544303797156,0.04013115784717594,-0.5651595744680848,-0.011333333333333343,0.35004362945899,1.0
382,0.1,0.12974683544303814,0.1,0.1,3540158.0,0.19999999999999998,0.16173333333333337,0.59001,0.49001000000000006,0.16463271219627096,0.4747108233396739,21.472092878982266,-0.31007811114340295,-0.30612081242973216,0.59001,1.293090990582983,-0.11307099058298309,-49469361.0,0.029746835443038133,0.025106835443037934,0.0046400000000001995,0.029746835443038133,0.04025585455489828,-0.6051800379027165,-0.012773333333333338,0.35154049529149156,1.0
383,0.11993355481727566,0.11898734177215156,0.1,0.1092800000000004,3626445.0,0.1,0.15140000000000006,0.5704666666666668,0.4611866666666664,0.15611691031992164,0.4597952795298913,19.176877479715202,-0.30367836920996966,-0.30563232378577965,0.5704666666666668,1.2737654550381685,-0.13283212170483505,-45842916.0,0.018987341772151556,0.018987341772151556,0.0,0.018987341772151556,0.039141455553895026,-0.531550068587104,-0.010333333333333306,0.3516493941857509,1.0
384,0.7909741850386286,0.8179984484096193,0.8196092619392185,0.841171979385379,3816270.0,0.711111111111111,0.199310998282115,0.5662044162371954,-0.2749675631481836,0.2615099978684535,0.4753616754423602,17.733868066913857,-0.21385167757390666,-0.2872761945434051,0.5662044162371954,1.2601538619715194,-0.12774502949712851,-42026646.0,-0.001610813529599131,0.708718448409619,0.7103292619392181,0.7103292619392181,0.09561180038932833,2.1594500427635914,0.047910998282114904,0.34697472286716197,1.0
385,0.8395892217825519,0.8218774243599686,0.8281114327062226,0.8520519183050198,3937333.0,0.711111111111111,0.2444486581408666,0.56231549786855,-0.28973642043646985,0.3523626010125407,0.4907367873959381,16.315626310556723,-0.13837418638339744,-0.25749579291140356,0.56231549786855,1.2474842406266204,-0.12285324488952043,-38089313.0,-0.006234008346253983,0.019294555025410443,0.01306054667915646,0.019294555025410443,0.09103081921528555,1.7450126234053482,0.04513765985875166,0.3425843713790352,1.0
386,0.8622008667797253,0.8379751745539176,0.8310057887120114,0.8138766940255769,4034627.0,0.711111111111111,0.29517838264299806,0.5573745956607495,-0.2565020983648274,0.42336476916839244,0.5039261713400051,14.761888674877227,-0.08056140217161262,-0.22210891476344538,0.5573745956607495,1.231477310029069,-0.11672811870757005,-42123940.0,0.006969385841906206,0.014076743751102239,0.021046129593008445,0.021046129593008445,0.08375300176885303,2.967807595678517,0.050729724502131424,0.3370513571841598,1.0
387,0.8218767665347654,0.8567882079131109,0.8592257597684511,0.8785836991792325,4081927.0,0.711111111111111,0.3536470242412675,0.553861756060317,-0.32472194311891556,0.49339845070852173,0.5192183153334429,13.281050865571316,-0.02581986462492114,-0.18285110473574054,0.553861756060317,1.219237929061526,-0.11151441694089226,-38042013.0,-0.0024375518553401143,0.042911513887534,0.04534906574287412,0.04534906574287412,0.08426122567300993,3.9648717177850026,0.0584686415982694,0.3326880865006046,1.0
388,0.8853778029018272,0.8567882079131109,0.9013748191027487,0.8749570528726859,4118244.0,0.711111111111111,0.4152534453139913,0.5502100279951645,-0.3247470248775214,0.5520997741183932,0.5337382638044323,11.671517116252616,0.018361510313960827,-0.14260858172580027,0.5502100279951645,1.2063168433255096,-0.10589678733518071,-42160257.0,-0.044586611189637804,0.02179549126612157,0.022791119923516234,0.022791119923516234,0.08265928317056759,5.448681109026274,0.061606421072723815,0.3280534076651726,1.0
389,0.8804786131524404,0.9033359193173002,0.915484804630969,0.9093147547241837,4183523.0,0.7666666666666666,0.4826963415410066,0.5462374187185851,-0.36307733600559855,0.6070559249808225,0.5490679164950344,9.909096294153699,0.05798800848578811,-0.1024892636834826,0.5462374187185851,1.1909556961451235,-0.09848085870795342,-37976734.0,-0.012148885313668867,0.028378866444614292,0.04052775175828316,0.04052775175828316,0.08181718653439078,8.093147547241836,0.06744289622701531,0.32235913871326927,1.0
390,0.9160919540229887,0.914972847168347,0.9116859623733723,0.9360374117197939,4241876.0,0.8222222222222222,0.5516594591843228,0.5471715314627473,-0.3888658802570466,0.6576684614022027,0.5648625897695143,9.249275646727952,0.09280587163268839,-0.06343023662024841,0.5471715314627473,1.1940578506231732,-0.09971478769767839,-33734858.0,0.0032868847949747426,0.005658092444163376,0.0023712076491886336,0.005658092444163376,0.07912413727604577,7.628663456119005,0.06896311764331613,0.32344315958021286,1.0
391,0.9445449406444316,0.9745151280062053,0.9690303907380605,0.9917732391677799,4300842.0,0.8777777777777777,0.6259738957816376,0.5504201406120761,-0.4413530985557038,0.7090691964430608,0.5822875142347497,9.295017133150594,0.1267816822083111,-0.025387852854536506,0.5504201406120761,1.204751832746363,-0.10391155152221088,-29434016.0,0.0054847372681448014,0.03847771628641139,0.03299297901826659,0.03847771628641139,0.081407617852656,8.917732391677799,0.074314436597315,0.3271658460671435,1.0
392,1.0097418503862818,0.9925523661753294,0.9650506512301015,0.978030158427181,4353391.0,0.9333333333333332,0.6991430756505695,0.5548657689126424,-0.4231643895145386,0.7504478059790792,0.5984402752221959,9.840841645798307,0.15200753075688334,0.010091223867747464,0.5548657689126424,1.2179837164453755,-0.10825217862009073,-33787407.0,0.027501714945227906,0.0007791270075494516,0.026722587937678455,0.027501714945227906,0.083699427431425,8.78030158427181,0.07316917986893175,0.33155897376636656,1.0
393,0.999755040512531,1.0078743211792083,0.9925470332850937,1.029948463447222,4399276.0,0.9888888888888888,0.7762521142711712,0.5581730285677928,-0.4717754348794292,0.7934479071280243,0.6160528543334214,9.713222725970923,0.17739505279460288,0.043551989653118545,0.5581730285677928,1.229271511589848,-0.11292545445426239,-29388131.0,0.015327287894114527,0.02984416275202728,0.014516874857912754,0.02984416275202728,0.0841294789687775,8.84277965832588,0.07710903862060182,0.3355492415110276,1.0
394,1.0368758243828906,1.059658650116369,1.058393632416787,1.0715594579118148,4466400.0,1.0444444444444445,0.8572154024304891,0.5607538506076223,-0.5108056073041926,0.8362342995562997,0.6346449606019272,9.1551506718679,0.20158933895437248,0.07515945951336933,0.5607538506076223,1.2388873984729862,-0.11737969725774156,-24921731.0,0.0012650176995818718,0.029710186669146932,0.02844516896956506,0.029710186669146932,0.08412642490428657,9.715594579118148,0.0809632881593179,0.3390667739326819,-1.0
395,1.0779536461277561,1.0546159813809148,1.0053907380607807,1.0402557740026719,4546823.0,1.1,0.9347967169307118,0.5650458458993447,-0.4752099281033272,0.8676222187018954,0.6512005040060391,9.410097890582776,0.21642171469585625,0.10341191054986672,0.5650458458993447,1.2527901223226858,-0.12269843052399643,-29468554.0,0.049225243320134116,0.016943476530900003,0.06616871985103412,0.06616871985103412,0.08805820641086011,8.519178019790154,0.07758131450022263,0.34387213821167056,1.0
396,1.0481816468814773,1.039294026377036,1.0460926193921845,1.066024050391296,4610327.0,0.8222222222222222,0.9535343895145382,0.5705046802824967,-0.49551937010879943,0.8981455774233416,0.6681320773278864,9.990984296172257,0.23001350009545518,0.1287322284589844,0.5705046802824967,1.2700551716585156,-0.1290458110935221,-24858227.0,-0.006798593015148402,0.0009617476256358337,0.005836845389512568,0.005836845389512568,0.029350505031718,0.2673080850484466,0.018737672583826425,0.3497752456880094,-1.0
397,1.0736197475032978,1.1,1.0999999999999996,1.1000000000000005,4685151.0,0.8777777777777777,0.9741967296557866,0.5771413469491634,-0.5228586530508371,0.9292001039735968,0.6857593394777686,10.91535468044259,0.2434407644958282,0.15167393566635318,0.5771413469491634,1.2907694976486852,-0.13648680375035838,-20173076.0,4.440892098500626e-16,0.03397594960870398,0.03397594960870354,0.03397594960870398,0.03057395458032579,0.2910011424987129,0.020662340141248393,0.3568140753497609,-1.0
398,1.1,1.074010861132661,1.0629160636758321,1.0770948654323345,4747898.0,0.9333333333333332,0.9961315772730165,0.582420823312337,-0.49467404211999744,0.951953144198018,0.701732218088159,11.38221504979876,0.250220926109859,0.17138333375505435,0.582420823312337,1.3071628716675376,-0.1423212250428637,-24920974.0,0.011094797456828953,0.025989138867339445,0.0370839363241684,0.0370839363241684,0.031910438474589124,0.32341283801214926,0.021934847617229792,0.36237102417760036,-1.0
399,1.0794610891275673,1.0546159813809148,1.0705137481910274,1.0391105172742892,4797191.0,0.9888888888888888,1.009508812114271,0.5873356257555513,-0.45177489151873784,0.9653619708251366,0.7155027609120826,11.87222078997155,0.249859209913054,0.1870785089866543,0.5873356257555513,1.3213344232970954,-0.14666317178599264,-29718165.0,-0.015897766810112568,0.022478884051419623,0.006581117241307055,0.022478884051419623,0.030004590000301246,0.18271089965022091,0.01337723484125472,0.366999398770772,-1.0
400,1.0432824571320896,1.0119472459270749,0.9574529667149053,1.0228860469555254,4868248.0,0.9888888888888888,1.021836228287841,0.5919524184004581,-0.43093362855506734,0.9742118286913504,0.7280490174852844,12.310093003374462,0.24616281120606598,0.19889536943053662,0.5919524184004581,1.3341900430096776,-0.1502852062087614,-34586413.0,0.05449427921216954,0.0271632713472143,0.08165755055938384,0.08165755055938384,0.034910125886623546,0.16907000589017995,0.012327416173569963,0.37111881230460975,-1.0
401,1.0285848878839272,1.00089216446858,1.0077424023154844,0.9703951135712917,4903247.0,0.9888888888888888,1.0269262581917669,0.5946156499331934,-0.37577946363809833,0.9736246417498029,0.7379406948765499,12.19296185060304,0.235683946873253,0.2062530849190799,0.5946156499331934,1.3414298985549482,-0.15219859868856145,-39489660.0,-0.006850237846904417,0.02199388248694545,0.015143644640041032,0.02199388248694545,0.03336563678067874,0.0671718549927578,0.005090029903925671,0.3734071243108774,-1.0
402,0.9778971170152623,0.9537626066718387,0.94985528219971,0.9375644206909718,4946613.0,0.9333333333333332,1.0270535089393649,0.5972082420309218,-0.34035617866004997,0.9680769154330597,0.7460886020526487,12.376299939268307,0.22198831338041103,0.20940013061134616,0.5972082420309218,1.3479747982404593,-0.15355831417861565,-44436273.0,0.003907324472128604,0.01663250689945306,0.020539831371581663,0.020539831371581663,0.03460578169129693,0.001631354636106197,0.00012725074759815472,0.37538327810476874,-1.0
403,0.9464292443941961,0.930488750969744,0.939363241678726,0.9385188012979578,4977390.0,0.8777777777777777,1.0226156391168797,0.5994873837246294,-0.33903141757332844,0.9635295132584286,0.7539428958993959,12.418103448622674,0.20958661735903272,0.2094374279608835,0.5994873837246294,1.353785871773506,-0.15481110432424716,-39458883.0,-0.008874490708981941,0.007075669721227751,0.0017988209877541905,0.007075669721227751,0.031988944477531624,-0.05369618352932082,-0.004437869822485174,0.3771492440244383,-1.0
404,0.9507631430186553,0.9188518231186963,0.94985528219971,0.9196220652796335,5001438.0,0.8222222222222222,1.0177482980212507,0.6020761767512884,-0.3175458885283451,0.9567745212616908,0.7607053109761402,12.64766391670993,0.19606921028555058,0.20676378442581692,0.6020761767512884,1.3599652608928137,-0.1558129073902368,-44460321.0,-0.031003459081013762,0.01966697817926155,0.01133648090175221,0.01966697817926155,0.03133604974703443,-0.05972013505337748,-0.004867341095628956,0.3789445420707626,-1.0
405,0.9292820802713398,0.9382467028704417,0.9534732272069463,0.9301202519564801,5024580.0,0.7666666666666666,1.0094292803970222,0.6047503486670484,-0.3253699032894317,0.9526738644455046,0.7676202065263581,12.888252634400658,0.18505365791914652,0.20242175912448285,0.6047503486670484,1.3664141170613675,-0.1569134197272708,-39435741.0,-0.015226524336504621,0.018624637590808124,0.033851161927312745,0.033851161927312745,0.03166996634497488,-0.09692544339220477,-0.008319017624228495,0.3808318841971596,-1.0
406,0.9390804597701145,0.9136152055857257,0.9317655571635307,0.9169497995800721,5064651.0,0.711111111111111,0.9965451422027103,0.6074001361582999,-0.30954966342177215,0.9471778544662073,0.7737152919571219,13.144666789523086,0.17346256250908543,0.19662991980140337,0.6074001361582999,1.3725701397477441,-0.1577698674311444,-44500392.0,-0.01815035157780498,0.01650504637075434,0.0016453052070506402,0.01650504637075434,0.030569537986775502,-0.14428472185111962,-0.012884138194311898,0.38258500179472216,-1.0
407,0.9273977765215754,0.9008145849495722,0.9449710564399422,0.928211490742508,5080642.0,0.6555555555555556,0.9872081185976967,0.6107212088821021,-0.31749028186040584,0.9442599523548689,0.7800212592544845,13.630159531042395,0.16423869310038441,0.1901516744611996,0.6107212088821021,1.3801250079727034,-0.15868259020849929,-39419750.0,-0.04415647149036994,0.016135214630499828,0.028021256859870114,0.028021256859870114,0.027390582737511836,-0.10770839831923507,-0.009337023605013659,0.3847018995453007,-1.0
408,0.9339928396457514,0.9188518231186963,0.9390014471780023,0.8978621874403511,5112458.0,0.711111111111111,0.9731946300184514,0.6142466711204428,-0.2836155163199082,0.9371218346757124,0.7848310930579893,14.449910925860138,0.15229074161772316,0.1825794878925043,0.6142466711204428,1.3873993457562452,-0.15890600351535955,-44532208.0,-0.02014962405930598,0.009359667623811685,0.010789956435494297,0.010789956435494297,0.027803341991343645,-0.15774678150011656,-0.01401348857924542,0.3865763373179012,-1.0
409,0.9012059543998493,0.8709464701318849,0.8778581765557155,0.836781828593243,5154000.0,0.6555555555555556,0.9512597824012214,0.6175662925494687,-0.2192155360437743,0.9216849106630248,0.7869515312431016,15.275327632535578,0.13473337941992325,0.1730102661979881,0.6175662925494687,1.3931917219950827,-0.15805913689614515,-49686208.0,-0.006911706423830655,0.026915717308466203,0.020004010884635548,0.026915717308466203,0.027214989299657166,-0.23928924673341578,-0.021934847617229792,0.38781271472280693,-1.0
410,0.840908234407386,0.8061675717610551,0.8376989869753978,0.7909715594579118,5213569.0,0.6,0.9274161735700196,0.6203948667048419,-0.17057669275306986,0.9015751643237766,0.7871156140273795,16.040284498104995,0.1144595502963971,0.1613001230176699,0.6203948667048419,1.3975696755224272,-0.15677994211274338,-54899777.0,-0.03153141521434266,0.03061425683218788,0.0009171583821547813,0.03061425683218788,0.02667584934199212,-0.26564355207428814,-0.02384360883120189,0.38858740440879264,-1.0
411,0.8060486150367442,0.7753297129557793,0.8232272069464538,0.7829547623592291,5257729.0,0.5444444444444444,0.9060698606604313,0.6236897575873258,-0.1592650047719033,0.8833258717138462,0.7869457833470468,16.92768757810059,0.09638008836679945,0.14831611608749584,0.6236897575873258,1.4022805873617625,-0.1549010721871109,-60157506.0,-0.047897493990674445,0.015641846502132406,0.03225564748854204,0.03225564748854204,0.027490579628418988,-0.24651444736310357,-0.021346312909588338,0.38929541488721836,-1.0
412,0.7892783116638403,0.7636927851047316,0.8234081041968161,0.7818095056308455,5286587.0,0.4888888888888888,0.8859801488833746,0.6371607889546351,-0.14464871667621038,0.8677079692395385,0.7867361393586304,20.08915464062727,0.08097182988090812,0.13484725884617832,0.6371607889546351,1.4035039906086069,-0.12918241269933672,-65444093.0,-0.059715319092084496,0.01926197725449752,0.040453341837586976,0.040453341837586976,0.02405689556826925,-0.23568269607568693,-0.020089711777056662,0.3831716008269859,-1.0
413,0.7985114000376864,0.768347556245151,0.82684515195369,0.7886810460011454,5320754.0,0.43333333333333335,0.8708373099191956,0.647931644079659,-0.14074940192148644,0.8555499810490166,0.7868155233032228,22.706016636729217,0.06873445774579379,0.12162469862610142,0.647931644079659,1.4077959093836045,-0.11193262122428649,-60123339.0,-0.05849759570853896,0.01346194938569445,0.045035646322844514,0.045035646322844514,0.02597704255459417,-0.18725781388304197,-0.015142838964178859,0.37993213265197273,-1.0
414,0.7960618051629916,0.7636927851047316,0.82684515195369,0.7848635235732012,5362218.0,0.37777777777777777,0.8581122351593815,0.6586663008207673,-0.12619722275243395,0.8446751414373527,0.7867358498448545,25.37736872135558,0.05793929159249822,0.1088876172193808,0.6586663008207673,1.4112199858761274,-0.09388738423459286,-65485557.0,-0.06315236684895842,0.024988260896413816,0.0381641059525446,0.0381641059525446,0.027445732103007752,-0.1628697652639508,-0.012725074759814214,0.37627684252768007,-1.0
415,0.7945543621631804,0.775717610550814,0.8196092619392185,0.7892536743653363,5440599.0,0.37777777777777777,0.8456734745816631,0.6717224190367118,-0.11753125532862452,0.8361487618878117,0.7868386181926292,28.63422948219693,0.049310143695182496,0.09697212251454115,0.6717224190367118,1.410739001822455,-0.06729416374903152,-60044958.0,-0.04389165138840445,0.009145913022387209,0.03474573836601724,0.03474573836601724,0.02975157115674021,-0.15904329964001784,-0.012438760577718458,0.36950829139287167,-1.0
416,0.7975692481628037,0.7636927851047316,0.8266642547033286,0.7934529490360757,5490784.0,0.37777777777777777,0.8351593815613666,0.6844726888082967,-0.10898026022777896,0.829580175295237,0.7871085908801169,31.900359730321654,0.04247158441512011,0.08607201489465695,0.6844726888082967,1.4099276673661114,-0.04098228974951801,-54554174.0,-0.06297146959859701,0.025560889260604736,0.03741058033799227,0.03741058033799227,0.03123020466996777,-0.13719670395815597,-0.010514093020296489,0.36272748927890736,-1.0
417,0.8597512719050314,0.8715283165244369,0.5055716353111429,0.5581026913533113,302068.0,0.3222222222222222,0.8041579181777693,0.6910864948781574,0.13298380352484618,0.7878144085349407,0.7777614113075941,34.20810261681301,0.010052997227346538,0.07086821136119487,0.6910864948781574,1.4057195751648293,-0.023546585408514398,-54856242.0,0.36595668121329394,0.07807536748836119,0.28788131372493275,0.36595668121329394,0.0589056646104662,-0.3999671653430199,-0.0310014633835974,0.3573165401433359,-1.0
418,0.5684379121914457,0.5268813033359189,0.1,0.40062989120061043,624971.0,0.2666666666666666,0.7611312591461474,0.69415628427817,0.29352639307755957,0.7282475597142745,0.7623682880379213,36.055366739841155,-0.034120728323646876,0.049870423424226526,0.69415628427817,1.4023435621866067,-0.014030993630266608,-55481213.0,0.4268813033359189,0.031221388017392382,0.4581026913533113,0.4581026913533113,0.09570546835901261,-0.5630841607860282,-0.043026659031621804,0.3540936389542183,-1.0
419,0.4094026757113246,0.3676493405740885,0.33390014471780016,0.39853025386524166,835610.0,0.21111111111111105,0.7169911560730418,0.6975989979003625,0.29906874403512085,0.6775218203528848,0.7475177560308732,38.11826163129162,-0.06999593567798845,0.025897151603783537,0.6975989979003625,1.3981997876847276,-0.0030017918840025137,-56316823.0,0.03374919585628833,0.03298055062652194,0.06672974648281027,0.06672974648281027,0.09893117582759096,-0.57064714470789,-0.04414010307310553,0.3503003948921825,-1.0
420,0.4161861692104768,0.4107059736229631,0.36465267727930495,0.31053636190112666,982918.0,0.711111111111111,0.6680473372781065,0.6985218387733028,0.3879854768721761,0.6210625190526143,0.7296817807602713,39.85039165950298,-0.10861926170765701,-0.0010061310585045696,0.6985218387733028,1.3969147205653942,0.0001289569812112923,-57299741.0,0.04605329634365818,0.01217571975772147,0.03387757658593671,0.04605329634365818,0.10186978748660462,-0.6541380556559444,-0.04894381879493537,0.34919644089604573,-1.0
421,0.32121726022234787,0.2716446858029474,0.31056439942112835,0.257091047909907,1146540.0,0.6555555555555556,0.6197397722211618,0.6974112356047591,0.44032018769485215,0.5650669081075824,0.7103923630929095,41.3511913127673,-0.14532545498532712,-0.029869995843869082,0.6974112356047591,1.3984898350176553,-0.0036673638081370363,-58446281.0,-0.03891971361818092,0.03889167609817923,2.803752000168913e-05,0.03889167609817923,0.10286778405241404,-0.6927621524213594,-0.04830756505694467,0.3505392997064481,-1.0
422,0.27184850197851895,0.220636152055857,0.21993487698986938,0.1778774575300636,1315597.0,0.6,0.5686485970605079,0.6968436826366354,0.5189662251065719,0.5054993003264256,0.6886570608250382,43.30627532287203,-0.18315776049861254,-0.06052754877481778,0.6968436826366354,1.3995924410066647,-0.0059050757333939385,-59761878.0,0.0007012750659876055,0.03645489585405001,0.03715617092003762,0.03715617092003762,0.10341294355973485,-0.7751152296146134,-0.051091175160654013,0.3513743791850147,-1.0
423,0.2000565291124933,0.14848719937936342,0.1946092619392185,0.16451612903225846,1469079.0,0.5444444444444444,0.5171120442832603,0.6965844353248074,0.532068306292549,0.45304035089655376,0.6672635534049247,45.57898048491252,-0.21422320250837096,-0.09126667952152842,0.6965844353248074,1.4001254008277322,-0.0069565301781173705,-61230957.0,-0.04612206255985507,0.029390258150700177,0.016731804409154893,0.029390258150700177,0.10317416111491469,-0.7898778614788264,-0.05153655277724756,0.3517704827514624,1.0
424,0.181401921989825,0.14111714507370046,0.154992764109985,0.1,1580852.0,0.4888888888888888,0.46029458548068974,0.6958411019914742,0.5958411019914742,0.3987264507586224,0.6441099389802339,48.17637132154619,-0.24538348822161155,-0.12209004126154505,0.6958411019914742,1.401874003998938,-0.010191800015989405,-62811809.0,-0.013875619036284537,0.023398983958557995,0.009523364922273458,0.023398983958557995,0.10175296462499561,-0.8720916037989208,-0.05681745880257046,0.3530164510037318,1.0
425,0.1,0.1,0.1647612156295221,0.14046573773620877,1675850.0,0.43333333333333335,0.4062766431252784,0.6966841381943119,0.5562184004581031,0.35899403337055874,0.6235530328070084,51.47243334163173,-0.2645589994364496,-0.15058383289652597,0.6966841381943119,1.3999016646771216,-0.006533388288498032,-61135959.0,-0.06476121562952208,0.0,0.06476121562952208,0.06476121562952208,0.10339676206721875,-0.8218979162128809,-0.05401794235541139,0.35160876324140494,1.0
426,0.15313736574335782,0.16148176881303247,0.21685962373371917,0.1648978812750527,1784103.0,0.37777777777777777,0.35461283960043266,0.6978595107208755,0.5329616294458228,0.329133086894327,0.6048324143771326,55.22923399219914,-0.2756993274828056,-0.1756069318137819,0.6978595107208755,1.3972389411203772,-0.0015199196786261915,-59351856.0,-0.0553778549206867,0.021016031076823705,0.0763938859975104,0.0763938859975104,0.1065825770709659,-0.7899024781731071,-0.05166380352484571,0.34968971519975084,1.0
427,0.1810250612398722,0.17389449185415043,0.22988422575976833,0.198492078640962,1848168.0,0.3222222222222222,0.3053827066234015,0.6999114290258955,0.5014193503849336,0.30903447023996317,0.5882470945511664,59.668715306004984,-0.27921262431120325,-0.19632807031326616,0.6999114290258955,1.3926719197079704,0.007150938343820634,-57503688.0,-0.0559897339056179,0.00899661057909773,0.06498634448471563,0.06498634448471563,0.10910262758085743,-0.748506614428402,-0.049230132977031195,0.34638024534103745,1.0
428,0.21588468061051494,0.1771916214119468,0.266063675832127,0.20307310555449512,1926923.0,0.2666666666666666,0.25618438633326984,0.7020587853916141,0.49898567983711906,0.2927327218268142,0.5725257072451798,64.7717338724093,-0.2797929854183656,-0.21302105333428606,0.7020587853916141,1.38782651217162,0.01629105861160829,-55576765.0,-0.08887205442018017,0.02130045722901519,0.06757159719116498,0.06757159719116498,0.11161604565195515,-0.7440640862180953,-0.049198320290131714,0.34288386339000293,1.0
429,0.22285660448464287,0.17777346780449968,0.2696816208393632,0.21471654895972483,1974749.0,0.21111111111111105,0.2275688744671376,0.7043520468282751,0.4896354978685503,0.2807302336934158,0.5579212518049571,70.83745389857195,-0.2771910181115413,-0.2258550462897371,0.7043520468282751,1.3826540553390627,0.026050038317487534,-53602016.0,-0.09190815303486352,0.02529963774999544,0.06660851528486808,0.06660851528486808,0.08667036515791966,-0.6152741201819489,-0.028615511866132204,0.3391510042553938,1.0
430,0.23340870548332396,0.17757951900698235,0.2107091172214183,0.14294712731437312,2072588.0,0.15555555555555559,0.20609531080995117,0.7052467786473245,0.5622996513329515,0.25953283271202465,0.5409835324379945,77.68206209467441,-0.2814506997259698,-0.23697417697698367,0.7052467786473245,1.3803981806934718,0.030095376601177226,-55674604.0,-0.03312959821443595,0.037137029952742484,0.004007431738306533,0.037137029952742484,0.051589893374538925,-0.6431940540282999,-0.021473563657186445,0.33757570102307366,1.0
431,0.16086301111739224,0.11163692785104687,0.20835745296671462,0.14542851689253702,2135116.0,0.1,0.18500349939555907,0.7059998727492522,0.5605713558567152,0.24197832258594965,0.5248384297626696,85.7884692702797,-0.28286010717671994,-0.24615136301693094,0.7059998727492522,1.3785111078689019,0.033488637629602636,-53539488.0,-0.09672052511566775,0.03131019946332625,0.0654103256523415,0.0654103256523415,0.05147994163866653,-0.6350878873509263,-0.021091811414392054,0.3362556175598248,1.0
432,0.16237045411720388,0.10426687354538347,0.2145079594790155,0.13340332124451218,2186912.0,0.711111111111111,0.1702424126741746,0.6912546923713175,0.5578513711268054,0.2252744762257285,0.5088614865578469,81.28820886169532,-0.2835870103321184,-0.25363849247996845,0.6912546923713175,1.3824360819859443,7.330275669081843e-05,-55726400.0,-0.11024108593363202,0.041161643347153554,0.06907944258647847,0.06907944258647847,0.053398787158901555,-0.5704099821746891,-0.01476108672138454,0.34559069480731336,1.0
433,0.15200678349349941,0.10678820791311097,0.19406657018813292,0.1408474899790039,2248097.0,0.711111111111111,0.16055544951326597,0.676437933447859,0.5355904434688551,0.2122857091108478,0.49384050710564925,77.07351938518295,-0.28155479799480143,-0.2592217535829351,0.676437933447859,1.383839665763391,-0.030963798867672976,-53478303.0,-0.08727836227502195,0.026615113331401208,0.06066324894362074,0.06066324894362074,0.055213084896021676,-0.45214938005791083,-0.009686963160908592,0.35370086615776597,1.0
434,0.16142830224232166,0.10562451512800522,0.21685962373371917,0.14523764077113901,2292931.0,0.711111111111111,0.1578354647833556,0.6625079531717248,0.5172703124005859,0.20197062167396954,0.47961181868383246,73.92079880011752,-0.2776411970098629,-0.2629056422683207,0.6625079531717248,1.3850255631806252,-0.06000965683717552,-51185372.0,-0.11123510860571395,0.03522297485099868,0.07601213375471527,0.07601213375471527,0.05845108179891148,-0.18349608327074285,-0.0027199847299103816,0.3612588050044502,1.0
435,0.16255888449218006,0.15857253685027076,0.21993487698986938,0.19162053827066253,2383234.0,0.711111111111111,0.1600941655532226,0.6481962206527964,0.45657568238213386,0.20037830115038385,0.46785707254451936,70.45839952377762,-0.2674787713941355,-0.2638202680934837,0.6481962206527964,1.3803796085383353,-0.08398716723274269,-48802138.0,-0.061362340139598626,0.013334896079131742,0.07469723621873037,0.07469723621873037,0.06222666330458066,0.1647522914491224,0.002258700769867006,0.3660916939427695,1.0
436,0.20834746561145714,0.21753297129557794,0.27022431259044877,0.21452567283832816,2523218.0,0.711111111111111,0.16963797162308328,0.6344372335687473,0.41991156073041913,0.20255481987160606,0.45751701541365436,67.4992715747498,-0.2549621955420483,-0.2620486535831966,0.6344372335687473,1.3739971852914785,-0.105122718153984,-46278920.0,-0.052691341294870825,0.025912433024915416,0.07860377431978624,0.07860377431978624,0.06682706250134969,1.1452567283832815,0.00954380606986068,0.36977997586136563,1.0
437,0.2337855662332772,0.24895267649340483,0.28795224312590395,0.2679709868295478,2662911.0,0.7666666666666666,0.18026340904752822,0.6210759050709422,0.35310491824139445,0.21261884555744326,0.4497804428183847,64.9648302919644,-0.23716159726094144,-0.25707124231874556,0.6210759050709422,1.3635169903104898,-0.12136518016860542,-43616009.0,-0.03899956663249912,0.03442700365507667,0.0734265702875758,0.0734265702875758,0.06754917538952084,0.9077320288082691,0.010625437424444918,0.37122054261977383,1.0
438,0.28541548897682245,0.27261442979053496,0.31671490593342966,0.31129986638671425,2778202.0,0.8222222222222222,0.19246357447350002,0.6080605395431699,0.2967606731564556,0.2278005410696388,0.4441281743926022,61.61431464831937,-0.21632763332296343,-0.24892252051958916,0.6080605395431699,1.3498496215299138,-0.13372854244357413,-40837807.0,-0.044100476142894696,0.004643442960987176,0.04874391910388187,0.04874391910388187,0.06524501148171845,0.8878342400740755,0.012200165425971797,0.370894540993372,1.0
439,0.32573958922178237,0.3641582622187739,0.348733719247467,0.4013933956861998,2960991.0,0.8777777777777777,0.2093720175606031,0.5957609594706369,0.1943675637844371,0.25450713408757125,0.4423838977107082,58.35990835707186,-0.18787676362313693,-0.23671336914029872,0.5957609594706369,1.331109433449852,-0.1395875145085782,-37876816.0,0.01542454297130691,0.052858395832059646,0.03743385286075274,0.052858395832059646,0.06423434909399713,1.0222136743917694,0.01690844308710315,0.36767423698960755,1.0
440,0.41957791596005334,0.49992242048099234,0.4507597684515193,0.3914678373735442,3219368.0,0.9333333333333332,0.22507157854552393,0.5835409111153528,0.1920730737418086,0.2755780115161825,0.4403056911663341,55.13975185741614,-0.16472767965015161,-0.22231623124226932,0.5835409111153528,1.3124049245240048,-0.14532310229329926,-41096184.0,0.04916265202947301,0.09852902479479253,0.04936637276531952,0.09852902479479253,0.06681413472763276,0.9277187705611412,0.015699560984920754,0.364432006704326,1.0
441,0.4035613340870551,0.5484096198603566,0.403545586107091,0.5695552586371447,3475786.0,0.9888888888888888,0.25464147101864226,0.5739493860151428,0.004394127377998047,0.32080528030402283,0.44558118371616307,52.76546479644549,-0.12477590341214023,-0.20280816567624352,0.5739493860151428,1.2908340371545775,-0.1429352651242919,-37620398.0,0.14486403375326562,0.15694178248681245,0.012077748733546834,0.15694178248681245,0.07434190699446146,1.6525913414525784,0.029569892473118326,0.35844232556971733,-1.0
442,0.5774825701903147,0.5503491078355308,0.502677279305355,0.5122924222179809,3665658.0,1.0444444444444445,0.2854202455939429,0.562297989438188,0.0500055672202071,0.3502648405984779,0.4483040914101148,50.26233258955704,-0.09803925081163689,-0.18185438270332221,0.562297989438188,1.26416612830688,-0.13957014943050394,-41286056.0,0.04767182853017582,0.01920615080161392,0.06687797933178974,0.06687797933178974,0.07682031944271539,2.583789558018426,0.03077877457530065,0.35093406943434596,-1.0
443,0.5241567740719807,0.47684251357641505,0.5012301013024602,0.4620920022905127,3768619.0,1.1,0.3118088693771075,0.5502529108608513,0.08816090857033854,0.3674690193203294,0.4488668632827841,47.55134502219194,-0.0813978439624547,-0.16176307495514872,0.5502529108608513,1.2383217754989881,-0.13781595377728573,-45054675.0,-0.0243875877260451,0.03544990864156583,0.01106232091552073,0.03544990864156583,0.07432361802515075,2.1774511090694206,0.026388623783164644,0.3440344323190685,-1.0
444,0.4745995854531747,0.42564003103180637,0.38798842257597677,0.41933575109753807,3954648.0,0.8222222222222222,0.3356365718648597,0.5367802379588981,0.11744448686136,0.375448516516823,0.4476615117650189,44.56191230443433,-0.07221299524819591,-0.14385305901375817,0.5367802379588981,1.2087295948154315,-0.13516911889763528,-49009323.0,0.0376516084558296,0.03645197125870636,0.07410357971453596,0.07410357971453596,0.07474229611915555,2.1433681499499273,0.02382770248775216,0.33597467842826667,-1.0
445,0.43371019408328626,0.4141970519782777,0.4096960926193923,0.3844054208818476,4121452.0,0.8777777777777777,0.3559330661067633,0.5218720175606032,0.1374665966787556,0.3768265018037498,0.4450796305044813,41.319349479161694,-0.06825312870073147,-0.12873307295115283,0.5218720175606032,1.174242204627323,-0.1304981695061167,-53130775.0,0.0045009593588853924,0.005138699119260348,0.00963965847814574,0.00963965847814574,0.07049033024703262,1.7292316031982593,0.02029649424190364,0.32618509353335995,-1.0
446,0.39621254946297346,0.39131109387121776,0.4433429811866859,0.41380034357701845,4236524.0,0.9333333333333332,0.3783132913405866,0.5080533816886174,0.09425303811159891,0.38251478515348347,0.44380292491560525,38.624901200603404,-0.061288139762121774,-0.11524408631334662,0.5080533816886174,1.1401647957089458,-0.1240580323317112,-48894251.0,-0.05203188731546815,0.006905672989370171,0.05893756030483832,0.05893756030483832,0.06906744912620955,1.8491260349586112,0.022380225233823287,0.3160557070101643,-1.0
447,0.433333333333333,0.395190069821567,0.45419681620839325,0.38650505821721726,4317767.0,0.9888888888888888,0.3945536680027995,0.4944574346249284,0.10795237640771116,0.3831286733171348,0.44146423647893634,36.161054210938026,-0.05833556316180155,-0.10386238168303762,0.4944574346249284,1.1076990059414293,-0.11878413669157262,-53212018.0,-0.059006746386826237,0.018610273755451434,0.0403964726313748,0.0403964726313748,0.06620905216059658,1.017033569080585,0.016240376662212893,0.3066207856582505,-1.0
448,0.39621254946297346,0.37075252133436754,0.41150506512301,0.3464210727238023,4400292.0,0.9333333333333332,0.40554495132658896,0.4803644143284342,0.1339433416046319,0.3774813501489298,0.4375849236726043,33.829905877059545,-0.060103573523674514,-0.095110620051165,0.4803644143284342,1.0748003832005297,-0.11407155454366141,-57612310.0,-0.04075254378864246,0.01575253688284972,0.025000006905792738,0.025000006905792738,0.06174207154276379,0.6148233828632426,0.010991283323789512,0.2972179844360478,-1.0
449,0.3585264744676845,0.3368114817688127,0.40734442836468865,0.35749188776484064,4456309.0,0.8777777777777777,0.41300502640453,0.46759559712413307,0.11010370935929242,0.37440604824368534,0.434315820166165,32.11740633231264,-0.05990977192247965,-0.08807045042542794,0.46759559712413307,1.0451216816505662,-0.1099304874023001,-53156001.0,-0.07053294659587594,0.009609590954989589,0.060923355640886356,0.060923355640886356,0.060700136988873,0.33406937816083704,0.007460075077941071,0.2887630422632166,-1.0
450,0.3732240437158477,0.3641582622187739,0.42054992764109966,0.3721893491124256,4502386.0,0.8222222222222222,0.418079149965006,0.45581694979958004,0.08362760068715441,0.3740650176081069,0.4317800458374409,30.596032005717703,-0.057715028229334,-0.08199936598620915,0.45581694979958004,1.0170181500064177,-0.10538425040725757,-48653615.0,-0.056391665422325765,0.006666374453933255,0.06305803987625902,0.06305803987625902,0.061892980386571095,0.1955975228401512,0.005074123560475948,0.2806006001034188,-1.0
451,0.3882984737139633,0.33700543056633003,0.4143994211287988,0.359782401221607,4545042.0,0.7666666666666666,0.4146115670929566,0.4437599414646561,0.0839775402430491,0.3718676920101838,0.428841366465366,29.187161341715708,-0.0569736744551822,-0.07699422768000376,0.4437599414646561,0.9871823880104946,-0.0996625050811824,-53198657.0,-0.07739399056246876,0.035183918546095594,0.04221007201637317,0.04221007201637317,0.06100562006859722,-0.1036663654952692,-0.0034675828720494017,0.27171122327291924,-1.0
452,0.37529677784058835,0.32924747866563153,0.4143994211287988,0.3489024623019662,4581752.0,0.711111111111111,0.4110644525036585,0.43186994973595466,0.08296748743398846,0.36833457974738115,0.42557855405053335,27.80392187064524,-0.0572439743031522,-0.07304417700463345,0.43186994973595466,0.9574404244060777,-0.09370052493416842,-57780409.0,-0.08515194246316726,0.030534922555975452,0.05461701990719181,0.05461701990719181,0.057346286327963826,-0.10873275147496086,-0.003547114589298165,0.26278523733506154,-1.0
453,0.3628603730921428,0.3249806051202485,0.4145803183791602,0.35310173697270464,4617540.0,0.6555555555555556,0.3930266590316218,0.41984873067379275,0.06674699370108811,0.365991065474354,0.42262031661878524,26.461374545360925,-0.056629251144431236,-0.06976119183259301,0.41984873067379275,0.9248577179025246,-0.08516025655493914,-53162869.0,-0.0895997132589117,0.023921857181717687,0.06567785607719401,0.06567785607719401,0.04974095912716229,-0.3800395455611787,-0.018037793472036674,0.25250449361436594,-1.0
454,0.37020915771622354,0.3179984484096193,0.40734442836468865,0.3448940637526253,4656851.0,0.6555555555555556,0.37907679582617554,0.40793090284405426,0.06303683909142893,0.3627453729017804,0.4194478165017991,25.19225630217963,-0.05670244360001869,-0.06714944218607816,0.40793090284405426,0.8915644439527688,-0.07570263826466034,-57819720.0,-0.08934597995506932,0.03510328856308531,0.05424269139198401,0.05424269139198401,0.048688018465511816,-0.32676329222400136,-0.013949863205446297,0.2418167705543573,-1.0
455,0.3585264744676845,0.31761055081458467,0.41078147612156257,0.34279442641725477,4687612.0,0.6555555555555556,0.3691353311700707,0.39573471400394483,0.05294028758669006,0.3596759965195457,0.4163191067024299,23.839897309815427,-0.056643110182884204,-0.06504817578543937,0.39573471400394483,0.8546652457936814,-0.06319581778579181,-62507332.0,-0.0931709253069779,0.027283512938040655,0.06588741236893725,0.06588741236893725,0.05122447710945943,-0.2581684497500927,-0.009941464656104829,0.22946526589486832,-1.0
456,0.22403598971722385,0.20774193548387157,0.2570894253655215,0.215569823434992,4721230.0,0.1,0.3521548371981918,0.38152028975383306,0.16595046631884106,0.33750581604499896,0.4081252584057997,22.399246805812297,-0.07061944236080075,-0.06616242910051165,0.38152028975383306,0.8186659135689226,-0.05562533406125647,-67228562.0,-0.049347489881649914,0.1350524909333832,0.08570500105173329,0.1350524909333832,0.05630355304436337,-0.4859254836469925,-0.016980493971878837,0.21857281190754477,-1.0
457,0.2179305912596398,0.20806451612903257,0.15508330499829928,0.13210272873194243,4799814.0,0.1,0.33112961285236636,0.3668394751733894,0.23473674644144696,0.3059053410737595,0.3968590327048259,21.0447325931015,-0.09095369163106642,-0.0711206816066226,0.3668394751733894,0.7885868302952088,-0.054907879948429994,-72028376.0,0.052981211130733286,0.007505307305959441,0.06048651843669273,0.06048651843669273,0.060540791374242287,-0.6563453022361356,-0.021025224345825433,0.2108736775609097,1.0
458,0.13823907455012777,0.132258064516129,0.12108126487589246,0.13788121990369043,4866153.0,0.1,0.30813635254625577,0.3532334264326764,0.21535220652898598,0.28005547627836425,0.386288509733351,19.8961442048211,-0.10623303345498675,-0.07814315197629543,0.3532334264326764,0.7609911923927157,-0.054524339527362964,-67162223.0,0.011176799640236545,0.00015533578418658323,0.011021463856049962,0.011176799640236545,0.05656072798552547,-0.6667928820169591,-0.02299326030611067,0.2038788829800197,1.0
459,0.13598971722365008,0.1690322580645164,0.13604216252975157,0.1,4934547.0,0.1,0.2842609310281543,0.3390052022168592,0.2390052022168592,0.2523546337740005,0.37460326443811215,18.693019376995707,-0.12224863066411162,-0.08696424771385868,0.3390052022168592,0.7329357131759446,-0.05492530874222623,-72096770.0,0.03299009553476484,0.031151038160825983,0.0018390573739388572,0.03299009553476484,0.05594352989414131,-0.7412711738851303,-0.02387542151810144,0.19696525547954272,1.0
460,0.1,0.1,0.1,0.11797752808988751,5009941.0,0.1,0.265223968975328,0.32517536935142255,0.20719784126153504,0.23168123289952158,0.3641287445871642,15.717776172064688,-0.13244751168764263,-0.09606090050861547,0.32517536935142255,0.7018321693996974,-0.05148143069685224,-67086829.0,0.0,0.0,0.0,0.0,0.053860195985325245,-0.6594389389702349,-0.01903696205282623,0.1883284000241374,1.0
461,0.11574550128534558,0.19677419354838702,0.1370622237334235,0.2052969502407697,5089983.0,0.1,0.2525410575149888,0.31302153402308136,0.10772458378231167,0.22762211249048284,0.3576458142056787,13.310231196567173,-0.13002370171519587,-0.10285346074993157,0.31302153402308136,0.6654501322377188,-0.03940706419155604,-61996846.0,0.05971196981496352,0.0787966654584995,0.019084695643535987,0.0787966654584995,0.05534963847012634,-0.4257297654378812,-0.012682911460339246,0.1762142991073187,1.0
462,0.20796915167095112,0.25354838709677396,0.2366882012920776,0.2643659711075438,5157740.0,0.1,0.243555776014582,0.3021778350133802,0.03781186390583641,0.23327501381618454,0.3538384736710609,10.955626973839486,-0.12056345985487638,-0.10639546057092054,0.3021778350133802,0.6261830759442412,-0.02182740591748078,-56839106.0,0.016860185804696365,0.048251436856004276,0.03139125105130791,0.048251436856004276,0.05411575488510511,-0.28970033200039824,-0.00898528150040682,0.16200262046543049,1.0
463,0.26259640102827786,0.2658064516129034,0.23736824209452437,0.21460674157303342,5240155.0,0.1,0.23145780437720087,0.2902060239135405,0.07559928234050708,0.23040297193262282,0.34815554583032504,8.114960633682557,-0.11775257389770222,-0.10866688323627688,0.2902060239135405,0.5815059955546418,-0.001093947727560829,-62079261.0,0.028438209518379026,0.0014404805053596093,0.026997729013019417,0.028438209518379026,0.05296809967693893,-0.4035096190242864,-0.012097971637381131,0.14564998582055066,1.0
464,0.21471722365038506,0.23193548387096766,0.2570894253655215,0.22520064205457438,5297393.0,0.1,0.22114931935658486,0.27836743418475923,0.05316679213018485,0.22960261348984615,0.343136978329274,5.3260279736506675,-0.11353436483942783,-0.10964037955690707,0.27836743418475923,0.5295425599128789,0.027192308456639558,-56781868.0,-0.025153941494553828,0.01732874229793424,0.04248268379248807,0.04248268379248807,0.05195690500071362,-0.3545455639127334,-0.010308485020615986,0.12558756286405984,1.0
465,0.22917737789203,0.25806451612903236,0.2434886093165586,0.27495987158908475,5360403.0,0.1,0.2146374972412832,0.27246862543967115,-0.002491246149413595,0.2365806531974213,0.340354239278654,3.877011503725015,-0.10377358608123269,-0.1084670208617722,0.27246862543967115,0.5097196696956803,0.03521758118366197,-51421465.0,0.014575906812473755,0.03286387407445798,0.018287967261984228,0.03286387407445798,0.049222406500485615,-0.22130127722838244,-0.0065118221153016576,0.11862552212800459,1.0
466,0.2709511568123387,0.2741935483870964,0.281570894253654,0.2585874799357949,5438352.0,0.1,0.20744528192321401,0.2695094085383209,0.010921928602525999,0.23996631884947878,0.33701682052996584,3.201337551881906,-0.09705050168048707,-0.10618371702551518,0.2695094085383209,0.5037545471579812,0.03526426991866058,-56859817.0,-0.007377345866557583,0.0007663232019883282,0.006611022664569255,0.006611022664569255,0.04525310077320105,-0.25024085041583577,-0.007192215318069202,0.11712256930983016,1.0
467,0.2564910025706938,0.260967741935484,0.29313158789527305,0.27174959871589033,5471978.0,0.1,0.20152487961476698,0.26686814488937605,-0.0048814538265142815,0.2448560542135421,0.3343528522926566,2.446844021879542,-0.08949679807911451,-0.10284633323623504,0.26686814488937605,0.49800879510669777,0.03572749467205433,-51387839.0,-0.03216384595978905,0.002380261999689104,0.034544107959478154,0.034544107959478154,0.042641158739079456,-0.20725199194133792,-0.005920402308447037,0.11557032510866086,1.0
468,0.28733933161953684,0.2712903225806448,0.2652499149948996,0.2223113964686995,5531242.0,0.1,0.20208667736757593,0.2650301247762005,0.042718728307501036,0.24138764532972018,0.32977973164678076,2.2385552155171524,-0.08839208631706058,-0.09995548385240015,0.2650301247762005,0.4961553526065756,0.033904896945825436,-56919081.0,0.0060404075857452,0.00045927613524554545,0.006499683720990745,0.006499683720990745,0.031928424804713425,0.031273268801189635,0.0005617977528089568,0.11556261391518755,1.0
469,0.22757069408740307,0.2709677419354838,0.2570894253655215,0.27495987158908475,5580734.0,0.1,0.21399143927233777,0.26540239193618337,-0.00955747965290138,0.24655260321577627,0.32754218633830334,2.3243685402028404,-0.08098958312252708,-0.09616230370642553,0.26540239193618337,0.49653294406467263,0.034271839807694104,-51338347.0,0.013878316569962301,0.048656345466784295,0.034778028896821994,0.048656345466784295,0.03094257705722106,1.081409477521258,0.01190476190476186,0.11556527606424463,1.0
470,0.2735218508997427,0.2709677419354838,0.31081264875892545,0.26789727126805685,5627559.0,0.1,0.2248261102193683,0.26727780472239154,-0.0006194665456653037,0.24983639830074253,0.32510770000890554,2.730420360404281,-0.07527130170816301,-0.09198410330677304,0.26727780472239154,0.49696351755166546,0.03759209189311763,-56965906.0,-0.03984490682344166,0.003992129653600962,0.0358527771698407,0.0358527771698407,0.032998908518021404,0.9429569266589184,0.010834670947030535,0.11484285641463696,1.0
471,0.2709511568123387,0.3125806451612906,0.2992519551173073,0.3253611556982333,5704274.0,0.19090909090909092,0.2436062065275544,0.27062874277793275,-0.054732412920300566,0.26145559174651034,0.32511804513908216,3.4444603074031477,-0.06366245339257182,-0.0863197733239328,0.27062874277793275,0.4988787308535804,0.04237875470228508,-51261632.0,0.013328690043983293,0.044683373893233735,0.03135468384925044,0.044683373893233735,0.03397334838122715,2.253611556982333,0.018780096308186108,0.11412499403782383,1.0
472,0.3310411311053979,0.3948387096774194,0.37881672900374086,0.40048154093097865,5852533.0,0.19090909090909092,0.2671482075976454,0.2768887748806614,-0.12359276605031727,0.2828441993133516,0.3281941061918126,4.75551426568191,-0.04534990687846102,-0.07812580003483845,0.2768887748806614,0.5024884443477421,0.05128910541358067,-45409099.0,0.01602198067367855,0.06947755397918609,0.05345557330550754,0.06947755397918609,0.03976314454615932,2.3945578231292513,0.02354200107009093,0.11279983473354036,1.0
473,0.4055912596401029,0.47161290322580596,0.43390003400204014,0.4797752808988752,5959738.0,0.28181818181818186,0.29002140181915415,0.2839577236965503,-0.1958175572023249,0.31314128878804753,0.33438109291454987,6.019297967590816,-0.021239804126502337,-0.06674860085317122,0.2839577236965503,0.5133272304931139,0.05458821689998675,-39449361.0,0.03771286922376582,0.0711313622948273,0.033418493071061484,0.0711313622948273,0.03912436928251997,1.3369820172009415,0.022873194221508797,0.11468475339828178,-1.0
474,0.48688946015424095,0.5258064516129032,0.5087045222713357,0.47303370786516774,6110727.0,0.3727272727272727,0.3074103798822895,0.29037722008384437,-0.18265648778132337,0.33774012249221985,0.3400403833206975,7.05805644034983,-0.0023002608284776738,-0.05385893284823252,0.29037722008384437,0.5233539352022422,0.057400504965446575,-45560088.0,0.017101929341567512,0.04603117071402796,0.028929241372460446,0.04603117071402796,0.03893934710402194,0.7893139040680017,0.01738897806313533,0.1164883575591989,-1.0
475,0.4769280205655523,0.5070967741935476,0.47504250255015223,0.5070626003210265,6223227.0,0.4636363636363636,0.3317817014446222,0.2968057726188457,-0.21025682770218074,0.3637897344658824,0.3468576166676497,7.9075638435353,0.016932117798232726,-0.03970072271893947,0.2968057726188457,0.536361082801737,0.05725046243595444,-39336861.0,0.03205427164339536,0.034063066328379854,0.002008794684984494,0.034063066328379854,0.03940808517152201,1.3627524308152572,0.024371321562332755,0.11977765509144564,-1.0
476,0.5087403598971724,0.5322580645161284,0.48830329819789176,0.439004815409309,6317134.0,0.5545454545454546,0.34959871589085006,0.30172101657415434,-0.13728379883515468,0.3753612853802557,0.35061872682037043,8.43684249179168,0.024742558559885275,-0.026812066463174522,0.30172101657415434,0.5430946328530001,0.06034740029530858,-45653995.0,0.04395476631823669,0.02519546419510199,0.018759302123134702,0.04395476631823669,0.039530758715334395,0.9493941553813245,0.01781701444622789,0.12068680813942288,0.0
477,0.4412596401028276,0.4325806451612898,0.43390003400204014,0.4300160513643648,6394701.0,0.5545454545454546,0.36252006420545685,0.306206422874251,-0.12380962849011384,0.3837697109162725,0.35385943394461505,8.851729320732062,0.029910276971657435,-0.015467597776208132,0.306206422874251,0.5489730122523815,0.0634398334961205,-52048696.0,-0.0013193888407503351,0.006424170248019223,0.005104781407268888,0.006424170248019223,0.03732745006313117,0.5639229422066527,0.012921348314606673,0.12138329468906524,0.0
478,0.42519280205655485,0.42580645161290265,0.44750085005100304,0.4325842696629211,6445344.0,0.6454545454545454,0.3770197966827173,0.3122405300065124,-0.12034373965640865,0.3912796430311415,0.3570726925453622,9.809825696367739,0.034206950485779264,-0.005532688123810653,0.3122405300065124,0.552818479477263,0.07166258053576174,-45603352.0,-0.021694398438100393,0.004209599751462179,0.017484798686638214,0.017484798686638214,0.03823359806497025,0.6728739913097421,0.014499732477260515,0.12028897473537534,0.0
479,0.41008997429305916,0.45258064516129115,0.4655219313158797,0.44125200642054485,6504567.0,0.7363636363636363,0.3911449973247718,0.31840351937167927,-0.12284848704886558,0.3989676989372035,0.36050858290761456,10.796831188586708,0.03845911602958896,0.0032656727068692696,0.31840351937167927,0.5566699742071131,0.08013706453624542,-39098785.0,-0.01294128615458856,0.019996375498370078,0.03293766165295864,0.03293766165295864,0.038099727539426954,0.6237448316597753,0.014125200642054544,0.11913322741771692,0.0
480,0.43676092544987044,0.4419354838709676,0.4342400544032635,0.42552166934189406,6563144.0,0.1,0.40807918673087146,0.3244893182903747,-0.10103235105151936,0.40305292515330976,0.36316217827227903,12.242368033547308,0.039890746881030725,0.01059068754170156,0.3244893182903747,0.5583340689977083,0.09064456758304104,-45661929.0,0.0076954294677040735,0.0006834774504227425,0.007011952017281331,0.0076954294677040735,0.038199373018319736,0.9140794223826745,0.01693418940609955,0.11692237535366683,1.0
481,0.4203727506426732,0.42129032258064514,0.44070044202652114,0.40433386837881125,6618264.0,0.1,0.41886035313001524,0.3299786178403707,-0.07435525053844055,0.4032499933418484,0.3648426554194844,13.634435574274917,0.038407337922364004,0.016154017617834047,0.3299786178403707,0.5585233278862661,0.10143390779447528,-52280193.0,-0.019410119445876006,0.004231346761248922,0.015178772684627084,0.015178772684627084,0.035409575286473295,0.4705195563339153,0.010781166399143874,0.1142723550229477,1.0
482,0.4059125964010283,0.39322580645161265,0.44070044202652114,0.39951845906902006,6653282.0,0.1,0.42982878544676223,0.3352761348882432,-0.06424232418077686,0.40267591114602863,0.36625799434395523,15.01869358127793,0.0364179168020734,0.02020679745468192,0.3352761348882432,0.5580427901524436,0.11250947962404281,-58933475.0,-0.0474746355749085,0.011108061927198598,0.0363665736477099,0.0363665736477099,0.035452391659629066,0.49131216297184155,0.010968432316746934,0.1113833276321002,1.0
483,0.39498714652956257,0.4516129032258064,0.4441006460387621,0.4476725521669328,6732179.0,0.1,0.4400214018191539,0.3406105518444155,-0.10706200032251728,0.4095984713030908,0.3695810375204033,16.4754223275732,0.04001743378268752,0.02416892472028304,0.3406105518444155,0.5615801141403429,0.11964098954848815,-52201296.0,0.007512257187044291,0.052094444156786324,0.04458218696974203,0.052094444156786324,0.036069980848258444,0.37592501233349784,0.010192616372391624,0.11048478114796369,1.0
484,0.44415167095115693,0.4454838709677412,0.46110166609996595,0.4306581059390048,6781171.0,0.1,0.44253611556982264,0.3451133108673463,-0.08554479507165846,0.4128384150932314,0.3720739790885095,17.81644387046613,0.040764436004721905,0.027488026977170815,0.3451133108673463,0.5643890346434212,0.12583758709127144,-58982467.0,-0.015617795132224721,0.0021886811991915778,0.013429113933033143,0.013429113933033143,0.031399277511079036,0.07535070140280675,0.0025147137506688435,0.10963786188803744,1.0
485,0.42551413881748024,0.4196774193548384,0.47470248214892885,0.42808988764044853,6820534.0,0.1,0.4382289994649538,0.34844912130090666,-0.07964076633954187,0.4151847954851109,0.3743603427028743,18.98195280368931,0.040824452782236564,0.030155312138183968,0.34844912130090666,0.5678024656150175,0.12909577698679586,-65803001.0,-0.055025062794090474,0.0109806865841664,0.044044376209924074,0.044044376209924074,0.029142028670670433,-0.10772833723653363,-0.004307116104868891,0.1096766721570554,1.0
486,0.42904884318765946,0.487096774193548,0.4845630737844274,0.4906902086677357,6921912.0,0.1,0.4397003745318344,0.352186420098428,-0.13850378856930773,0.42680101289782235,0.37910850049735845,20.26010875699906,0.047692512400463904,0.03366275219063996,0.352186420098428,0.5750390530217553,0.12933378717510072,-58881089.0,0.0025337004091205984,0.05900688655309949,0.05647318614397889,0.05900688655309949,0.03022333832392639,0.03732609433321987,0.0014713750668806647,0.11142631646166364,1.0
487,0.49460154241645193,0.48064516129032275,0.5138048282896971,0.4627608346709472,6976799.0,0.1,0.43600856072766114,0.35346490841061023,-0.10929592626033696,0.4323332931706108,0.3825228814840355,21.0978142689724,0.049810411686575295,0.03689228408982703,0.35346490841061023,0.5781671975349452,0.1287626192862753,-65857888.0,-0.03315966699937434,0.010045047377412963,0.023114619621961374,0.023114619621961374,0.029310967765058187,-0.08736942070275222,-0.0036918138041732718,0.11235114456216747,1.0
488,0.46021850899742967,0.4832258064516134,0.5087045222713357,0.45313001605136394,7060740.0,0.1,0.4371856607811658,0.35474953713306484,-0.0983804789182991,0.43553278899841896,0.38540480534392646,21.977651982496454,0.0501279836544925,0.03953942400276013,0.35474953713306484,0.5810388159820878,0.12846025828404187,-72918628.0,-0.025478715819722275,0.020464971780666197,0.04594368760038847,0.04594368760038847,0.0294767112052375,0.03217550274223124,0.0011771000535045761,0.11314463942451149,1.0
489,0.4537917737789202,0.44838709677419375,0.49510370622237276,0.4598715890850714,7156993.0,0.1,0.43967362225789125,0.35246446068406323,-0.10740712840100819,0.4392772197809809,0.3884442659047895,22.378173492300476,0.05083295387619141,0.04179812997744639,0.35246446068406323,0.5720072845935348,0.13292163677459168,-65761635.0,-0.046716609448179014,0.004742919277170188,0.041973690171008826,0.041973690171008826,0.03243917119881997,0.06942889137738062,0.0024879614767255496,0.10977141195473578,1.0
490,0.463110539845759,0.48032258064516176,0.5127847670860243,0.4836276083467096,7219697.0,0.1,0.44392723381487365,0.3518672770617451,-0.1317603312849645,0.4461003564834007,0.392329300290174,23.01267573416834,0.053771056193226696,0.04419271522060245,0.3518672770617451,0.5697840152778971,0.13395053884559308,-58541938.0,-0.03246218644086252,0.020450991560090337,0.052913178000952854,0.052913178000952854,0.035391536141679523,0.11799628942486184,0.004253611556982377,0.108958369108076,1.0
491,0.4798200514138816,0.48064516129032275,0.5087045222713357,0.4518459069020858,7302714.0,0.1,0.44481005885500213,0.3516538167411529,-0.10019209016093289,0.44698428731704454,0.39475854953963974,23.732913521936126,0.0522257377774048,0.045799319731962926,0.3516538167411529,0.569149149158998,0.13415848432330793,-65844652.0,-0.028059360981012915,0.002982447056386839,0.025076913924626076,0.025076913924626076,0.03473647383098514,0.024008730447435456,0.0008828250401284136,0.1087476662089225,1.0
492,0.7667737789203087,1.067741935483871,0.8351241074464463,1.0617977528089884,496498.0,0.19090909090909092,0.4978330658105932,0.36503844177680805,-0.6967593110321804,0.5415709743158051,0.4219846394690009,27.279818122093417,0.11958633484680425,0.060556722754931194,0.36503844177680805,0.6635380990387847,0.06653878451483142,-65348154.0,0.2326178280374248,0.6158960285817853,0.38327820054436046,0.6158960285817853,0.0854198570904919,1.4952847981893616,0.053023006955591194,0.14924982863098832,-1.0
493,1.0595115681233938,1.1,1.0615776946616795,1.1,855183.0,0.28181818181818186,0.5558052434456924,0.3799466621751029,-0.7200533378248972,0.6274831321133736,0.4496587358172049,31.224314877746878,0.1778243962961687,0.0840102574631787,0.3799466621751029,0.7461897164279949,0.01370360792221098,-64492971.0,0.038422305338320584,0.03820224719101173,0.00022005814730885476,0.038422305338320584,0.08735681814496636,1.7205240174672554,0.05797217763509907,0.18312152712644597,-1.0
494,1.1,1.0870967741935487,1.0816388983339,1.0361155698234348,1024400.0,0.3727272727272727,0.608855002675227,0.39291156272190325,-0.6432040071015315,0.6903496609918445,0.47359574945011224,34.73309481537058,0.21675391154173224,0.11055898827888941,0.39291156272190325,0.8052136119236595,-0.019390486479852975,-65517371.0,0.005457875859648631,0.012903225806451424,0.018361101666100055,0.018361101666100055,0.08585636214649887,1.593411008437128,0.05304975922953456,0.2061510246008781,-1.0
495,1.0309125964010284,1.0225806451612907,1.030295817749066,0.9940609951845903,1158607.0,0.4636363636363636,0.6543873729266984,0.4055689780753902,-0.5884920171092001,0.7370744816368824,0.494839228867846,38.18467902543476,0.2422352527690364,0.1368942411769188,0.4055689780753902,0.8528840910881665,-0.04174613493738616,-66675978.0,-0.007715172587775321,0.013534924662144121,0.0058197520743688,0.013534924662144121,0.0826430688552787,1.2205091430620354,0.045532370251471464,0.2236575565063882,-1.0
496,1.00327763496144,1.0061290322580647,1.025535532131928,0.9847512038523266,1283148.0,0.5545454545454546,0.7005617977528086,0.4188675224739012,-0.5658836813784254,0.7751785927469508,0.5148356360100697,41.80834673657633,0.2603429567368811,0.1615839842889113,0.4188675224739012,0.8959626096315347,-0.05822756468373236,-67959126.0,-0.019406499873863226,0.01206803707347437,0.031474536947337595,0.031474536947337595,0.08414685410647073,1.286619455833021,0.04617442482611015,0.23854754357881677,-1.0
497,0.9910668380462718,1.003225806451613,1.0126147568854127,0.9292134831460664,1391670.0,0.6454545454545454,0.7423220973782767,0.43077838904434335,-0.4984350941017231,0.7988762681929686,0.5317490175258246,45.08455285779987,0.26712725066714404,0.18269263756455786,0.43077838904434335,0.9296629377602093,-0.06810615967152261,-69350796.0,-0.009388950433799614,0.01847460259928646,0.027863553033086075,0.027863553033086075,0.08279845217506757,1.170603674540685,0.04176029962546816,0.24944227435793298,1.0
498,0.9277634961439588,0.9158064516129037,0.9374702482148919,0.8566613162118774,1532531.0,0.7363636363636363,0.7728196896736218,0.4408715550255819,-0.41578976118629546,0.8077662755804931,0.5450107440028062,47.99562698375654,0.26275553157768683,0.19870521636718366,0.4408715550255819,0.9543048715193303,-0.07256176146816645,-70883327.0,-0.02166379660198814,0.013407031533162694,0.008256765068825445,0.013407031533162694,0.0789984642567395,0.7458292443572154,0.030497592295345138,0.2567166582468742,1.0
499,0.8567480719794348,0.9129032258064512,0.9235294117647065,0.9080256821829845,1655421.0,0.8272727272727273,0.8099250936329582,0.45229329004561064,-0.4557323921373739,0.8231907996731841,0.5598276802550585,51.14638712148319,0.2633631194181256,0.21163679697737206,0.45229329004561064,0.9824765134036839,-0.07788993331246258,-69227906.0,-0.010626185958255263,0.05624190959457387,0.06686809555282913,0.06686809555282913,0.08264458725097848,0.9621921609434587,0.037105403959336446,0.2650916116790366,1.0
500,0.9033419023136252,0.9748387096774186,0.9874532471948324,0.9616372391653293,1773261.0,0.9181818181818182,0.852300695559122,0.46505859789693066,-0.4965786412683986,0.8444902519027448,0.5762280704146613,54.44816804166686,0.26826218148808356,0.22296187387951436,0.46505859789693066,1.0142380468133116,-0.08412085101945027,-67454645.0,-0.012614537517413815,0.06681302749443407,0.07942756501184789,0.07942756501184789,0.08543491036860011,1.1222104144527125,0.042375601926163776,0.27458972445819047,0.0
501,0.9650385604113113,0.970322580645162,1.0088745324719484,0.9818619582664517,1830615.0,1.0090909090909093,0.8957998929909038,0.4781577691738838,-0.503704189092568,0.8656243605740844,0.5927845556331017,57.792457147516245,0.2728398049409827,0.23293746009180805,0.4781577691738838,1.0461023593178806,-0.08978682097011309,-65624030.0,-0.03855195182678639,0.008685341479832687,0.04723729330661908,0.04723729330661908,0.08587354396323428,1.1350785340314156,0.04349919743178169,0.28397229507199845,0.0
502,0.9839974293059125,0.9967741935483868,1.0462767766065952,1.0033707865168542,1920004.0,1.1,0.9391118245050825,0.49187603423147186,-0.5114947522853823,0.8868161184114337,0.6095431773018263,61.16475359462308,0.27727294110960743,0.24180455629536793,0.49187603423147186,1.0781842652371838,-0.09443219677424008,-63704026.0,-0.04950258305820843,0.014912235281935082,0.06441481834014351,0.06441481834014351,0.08683201399150016,1.0746764022568867,0.04331193151417872,0.29315411550285597,0.0
503,1.0035989717223655,1.0096774193548383,1.0806188371302263,1.0107544141251998,2025834.0,1.1,0.9856875334403421,0.5057918673087207,-0.5049625468164791,0.9058835485212439,0.6259191461517599,64.57101657982264,0.27996440236948394,0.24943652551019113,0.5057918673087207,1.1091063291295786,-0.09752259451213718,-61678192.0,-0.07094141777538798,0.006306632837984161,0.07724805061337214,0.07724805061337214,0.09117960871556234,1.23694493783304,0.0465757089352595,0.30165723091042895,0.0
504,1.0106683804627248,1.029032258064516,1.1,1.0293739967897273,2160914.0,0.1,0.9829855537720702,0.5227461209202776,-0.5066278758694497,0.9248820790240875,0.6423866910757585,68.5629234331393,0.28249538794832896,0.2560482979978187,0.5227461209202776,1.138356868504708,-0.09286462666415274,-59517278.0,-0.07096774193548416,0.018277843939316085,0.08924558587480025,0.08924558587480025,0.047292071823313596,-0.030536659108087116,-0.0027019796682717554,0.3078053737922152,-1.0
505,1.0260925449871467,1.0161290322580645,1.0663379802788175,0.9847512038523266,2228324.0,0.1,0.9733814874264306,0.5405096308186191,-0.4442415730337075,0.9340927136130472,0.6563607528217409,72.64394766858679,0.27773196079130635,0.26038503055651624,0.5405096308186191,1.1592712884026215,-0.07825202676538323,-61745602.0,-0.05020894802075304,0.013244964531662795,0.036963983489090246,0.036963983489090246,0.047170545002544396,-0.10477163286152136,-0.009604066345639456,0.3093808287920012,0.0
506,0.983676092544988,0.9835483870967744,1.0435566133968046,0.9911717495987155,2280110.0,0.1,0.9696361690743709,0.558286516853932,-0.4328852327447834,0.9428741037646885,0.6700265077922296,76.4481478528625,0.2728475959724589,0.2628775436397048,0.558286516853932,1.178821168212436,-0.062248134504571895,-59465492.0,-0.06000822630003022,0.0012028167555522273,0.05880540954447799,0.05880540954447799,0.05054090399240923,-0.04337722695584845,-0.0037453183520599433,0.31026732567925197,0.0
507,0.9971722365038559,0.9964516129032258,1.062257735464128,0.984430176565008,2326443.0,0.1,0.9688336008560724,0.5767121455323697,-0.40771803103263826,0.9492673457339684,0.6828593105992817,80.33148266086144,0.2664080351346867,0.26358364193870115,0.5767121455323697,1.1941722094808096,-0.04074791841607006,-61791935.0,-0.06580612256090224,0.005279863304510357,0.0710859858654126,0.0710859858654126,0.055336825759348264,-0.009688357823348648,-0.0008025682182985309,0.3087300319742199,-1.0
508,0.982712082262211,0.970967741935484,1.0326759605576332,0.9773675762439801,2359088.0,0.1,0.9682182985553767,0.5946161048689133,-0.3827514713750668,0.9535904581201241,0.6948800561358,84.02693998461183,0.25871040198432416,0.2626089939478258,0.5946161048689133,1.2075594589316672,-0.018327249193840656,-64151023.0,-0.06170821862214926,0.013462434629524012,0.048245783992625246,0.048245783992625246,0.0567344296797889,-0.007497962510187306,-0.0006153023006955453,0.30647167703137695,-1.0
509,0.9791773778920309,0.9661290322580646,1.0503570214212865,0.9719101123595498,2388774.0,0.1,0.9717763509898337,0.6105872124130546,-0.36132289994649525,0.9564088664646511,0.7061874053694224,87.2199085393166,0.2502214610952287,0.2601314873773064,0.6105872124130546,1.22203874507416,-0.0008643202480509427,-66539797.0,-0.08422798916322194,0.011238543985915506,0.07298944517730643,0.07298944517730643,0.060494920691807265,0.04594921402660246,0.0035580524344569486,0.30572576633055276,-1.0
510,0.97082262210797,0.9812903225806447,1.0540972458347508,0.9847512038523266,2418543.0,0.1,0.9824505082932045,0.6255952380952375,-0.3591559657570891,0.9607692260627549,0.7175573563279082,90.03639372442692,0.24321186973484676,0.2567475638488145,0.6255952380952375,1.2376949005275462,0.013495575662929027,-64121254.0,-0.07280692325410609,0.00938021022109492,0.08218713347520101,0.08218713347520101,0.0662265958536438,0.1495222034851038,0.010674157303370771,0.30604983121615426,-1.0
511,0.9794987146529562,0.9903225806451615,1.0595375722543356,0.984430176565008,2449214.0,0.1,0.9888175494917064,0.6416332263242369,-0.34279695024077106,0.9644093722938707,0.728450124500851,93.07017944058913,0.2359592477930197,0.2525899006376555,0.6416332263242369,1.250072458165611,0.033193994482862754,-66570468.0,-0.0692149916091741,0.005571376792834926,0.07478636840200903,0.07478636840200903,0.06688645192440879,0.0841435389782581,0.006367041198501955,0.3042196159206871,-1.0
512,0.9791773778920309,0.9851612903225812,1.0595375722543356,0.991492776886035,2474197.0,0.1,0.991305510968432,0.6575976457998924,-0.33389513108614255,0.9685760499234345,0.739186559292083,96.01233232419753,0.2293894906313515,0.24794981863639473,0.6575976457998924,1.2615972378957232,0.05359805370406179,-64096271.0,-0.0743762819317545,0.0007311137575731763,0.07510739568932767,0.07510739568932767,0.06652643781419877,0.03104656985478149,0.0024879614767254754,0.3019997960479153,-1.0
513,0.995565552699229,0.9832258064516134,1.0670180210812643,0.9882825040128406,2500677.0,0.1,0.9918405564472975,0.6724585339753874,-0.3158239700374532,0.9716078120910354,0.7493537407092568,97.49815648135024,0.22225407138177866,0.2428106691854715,0.6724585339753874,1.2730909957797683,0.07182607217100656,-66596948.0,-0.08379221462965092,0.008266970434421594,0.07552524419522932,0.07552524419522932,0.06888376705491629,0.006539153179663693,0.0005350454788657366,0.3003162309021904,-1.0
514,0.9817480719794339,0.9819354838709676,1.0595375722543356,0.9815409309791331,2519473.0,0.1,0.9900214018191541,0.6875200642054567,-0.29402086677367634,0.9731359842276659,0.7588307688835374,98.2512252879763,0.2143052153441285,0.23710957841720293,0.6875200642054567,1.2819821886931826,0.09305793971773102,-69116421.0,-0.07760208838336802,0.006347020141872939,0.07125506824149508,0.07125506824149508,0.06945378788002891,-0.021756518956967286,-0.001819154628143425,0.29723106224386286,-1.0
515,0.9778920308483293,0.970967741935484,1.0459367562053719,0.9722311396468694,2537629.0,0.1,0.98681112894596,0.702113429641519,-0.27011771000535034,0.9729967773690819,0.7675409880983672,98.8915751502571,0.20545578927071462,0.23077882058790528,0.702113429641519,1.2892267601374279,0.11500009914561005,-71654050.0,-0.07496901426988789,0.010573189043649123,0.06439582522623877,0.06439582522623877,0.0683827690977678,-0.03811338732729852,-0.0032102728731942067,0.2935566652479545,-1.0
516,0.9714652956298199,0.963548387096773,1.0156749404964303,0.9462279293739962,2586479.0,0.1,0.9798822899946491,0.7171950240770459,-0.2290329052969503,0.9688784930621456,0.7748343326402296,99.32460399885817,0.19404416042191597,0.22343188855470741,0.7171950240770459,1.2910000410622176,0.14339000709187444,-74240529.0,-0.052126553399657216,0.008682752550096318,0.0434438008495609,0.0434438008495609,0.06456595367899785,-0.08077342897240047,-0.006928838951310921,0.28690250849258575,-1.0
517,0.945115681233934,0.938709677419355,1.0200952057123431,0.9523274478330656,2601002.0,0.1,0.9771803103263773,0.7313068485821289,-0.22102059925093664,0.9663321784115179,0.7820789495868758,99.34426026390699,0.184253228824642,0.21559615660869436,0.7313068485821289,1.2938897790228063,0.16872391814145138,-71639527.0,-0.08138552829298817,0.007518251954641286,0.07386727633834689,0.07386727633834689,0.06764122808310258,-0.03292583537082261,-0.0027019796682717554,0.28129146522033877,-1.0
518,0.9467223650385609,0.938709677419355,0.9779326759605581,0.9304975922953446,2652395.0,0.1,0.9721241305510963,0.7451110219368641,-0.1853865703584805,0.9608191651628759,0.7881368533708949,99.36042093295114,0.172682311791981,0.2070133876453517,0.7451110219368641,1.2935829123635094,0.19663913151021883,-74291922.0,-0.03922299854120315,0.013617770413710595,0.025605228127492552,0.025605228127492552,0.06487454629835379,-0.06121457489878557,-0.005056179775280907,0.2742359452133226,-1.0
519,0.9267994858611818,0.938709677419355,0.9643318599115943,0.8852327447833058,2679599.0,0.1,0.9638576779026212,0.7567750133761365,-0.12845773140716932,0.9491904851044806,0.7920999509795648,99.37122013602777,0.1570905341249158,0.19702881694126453,0.7567750133761365,1.2924444439096385,0.22110558284263437,-76971521.0,-0.025622182492239354,0.008212085124010393,0.03383426761624975,0.03383426761624975,0.06177023644425689,-0.1007663459970658,-0.008266452648475179,0.26783471526675107,-1.0
520,0.8885604113110531,0.8996774193548388,0.9507310438626323,0.8948635634028891,2709583.0,0.1,0.956982343499197,0.7670746388443012,-0.12778892455858792,0.9408324971503895,0.7962943841397004,99.376337241388,0.14453811301068908,0.18653067615514946,0.7670746388443012,1.293693471524397,0.24045580616420537,-74261938.0,-0.051053624507793494,0.014444674571532978,0.06549829907932647,0.06549829907932647,0.06320794603481532,-0.08441451798324806,-0.006875334403424249,0.2633094163400479,-1.0
521,0.8930591259640103,0.9051612903225802,0.9374702482148919,0.8662921348314597,2745575.0,0.1,0.948180845371856,0.7751270733012302,-0.09116506153022952,0.9293647491013234,0.7991514351883436,99.37757047766195,0.13021331391297974,0.17526720370671553,0.7751270733012302,1.2955841293315589,0.25467001727090155,-77007513.0,-0.032308957892311696,0.010297726919691108,0.042606684812002804,0.042606684812002804,0.060676049337706685,-0.10867052023121415,-0.008801498127340842,0.26022852801516433,-1.0
522,0.8689588688946012,0.8599999999999998,0.8830669840190403,0.8168539325842689,2811924.0,0.1,0.934189406099518,0.7822899946495446,-0.03456393793472423,0.9120553927140842,0.799873986102463,99.37849945924677,0.11218140661162124,0.1626500442876967,0.7822899946495446,1.295171354692616,0.26940863460647335,-79819437.0,-0.023066984019040504,0.006292134831459961,0.016774849187580543,0.016774849187580543,0.05522502564707165,-0.1704971475142626,-0.013991439272338146,0.25644068002153564,-1.0
523,0.8236503856041132,0.8870967741935484,0.8905474328459716,0.8884430176565002,2843221.0,0.1,0.9261904761904757,0.7902354200107004,-0.0982075976457999,0.9084227196283021,0.8034890486148726,99.38038636375104,0.10493367101342954,0.15110676963284325,0.7902354200107004,1.2974844685359797,0.28298637148542116,-76976216.0,-0.003450658652423222,0.07024284160927952,0.07369350026170274,0.07369350026170274,0.055133953302046124,-0.097505299201044,-0.00799892990904231,0.2536245242626396,-1.0
524,0.8850257069408739,0.9045161290322582,0.9517511050663042,0.8739967897271267,2870786.0,0.1,0.9163991439272333,0.7992977528089883,-0.0746990369181384,0.903126422720429,0.8063669155990462,99.38548710832974,0.09675950712138282,0.14023731713055115,0.7992977528089883,1.2963533175664672,0.3022421880515093,-79847002.0,-0.04723497603404603,0.016073111375757954,0.06330808740980398,0.06330808740980398,0.054150677612085814,-0.11850412821758116,-0.009791332263242358,0.2485277823787395,-1.0
525,0.8766709511568122,0.8699999999999996,0.909248554913295,0.8428571428571429,2905366.0,0.1,0.9042803638309252,0.8078986088817545,-0.034958533975388395,0.8938542258183849,0.8078563126299888,99.39046658946857,0.08599791318839611,0.12938943634212016,0.8078986088817545,1.2929941172223067,0.32280310054120226,-82752368.0,-0.039248554913295486,0.003996789727127137,0.03525176518616835,0.03525176518616835,0.050794554361330735,-0.1471495858372579,-0.012118780096308143,0.2425477541702761,-1.0
526,0.8374678663239082,0.8548387096774194,0.9061883713022784,0.8341894060995173,2925805.0,0.1,0.8920010700909572,0.8162653825575169,-0.0179240235420004,0.8846750227847129,0.8089311327716022,99.39325332562825,0.07574389001311066,0.11866032707631827,0.8162653825575169,1.288602498645627,0.34392826646940666,-85678173.0,-0.05134966162485899,0.011981566820276512,0.0633312284451355,0.0633312284451355,0.05013423437830077,-0.1501226492232226,-0.012279293739967981,0.23616855804405512,-1.0
527,0.8297557840616973,0.8377419354838705,0.8582454947296844,0.7921348314606739,2995813.0,0.1,0.8769930444087742,0.8235754414125195,0.03144060995184561,0.8704380702733222,0.8082455694527887,99.39461435508171,0.062192500820533514,0.10736676182516132,0.8235754414125195,1.282884349110598,0.3642665337144412,-88673986.0,-0.02050355924581382,0.0035525293843532424,0.02405608863016706,0.02405608863016706,0.04677258966196146,-0.18524021792966794,-0.015008025682182957,0.22965445384903915,-1.0
528,0.4242358078602585,0.47634408602150413,0.4479623824451394,0.4216630196936556,3024863.0,0.1,0.8332793019354124,0.8234950528781813,0.40183203318452565,0.8013957547995273,0.7924666898707833,99.37151302143101,0.008929064928744013,0.08767922244587786,0.8234950528781813,1.2830898219536484,0.36390028380271416,-91698849.0,0.028381703576364714,0.31579074543916974,0.34417244901553445,0.34417244901553445,0.07183331034245925,-0.5543747900438548,-0.04371374247336172,0.22979738453773355,-1.0
529,0.4307860262008688,0.3956989247311803,0.4166144200626952,0.3407002188183824,3055762.0,0.1,0.7823103661841889,0.8221693518456723,0.4814691330272899,0.7305195184947357,0.7740272420727261,99.10178358484613,-0.043507723577990376,0.06144183324110422,0.8221693518456723,1.2870401210952804,0.3572985825960641,-94754611.0,-0.020915495331514933,0.025964094962475315,0.005048599630960382,0.025964094962475315,0.06784137856113663,-0.6422446716267448,-0.0509689357512236,0.2324353846248041,0.0
530,0.36091703056768265,0.367741935483869,0.18359456635318808,0.14923413566739754,3138663.0,0.1,0.7172050781318601,0.8169550951081385,0.667720959440741,0.6410909980597607,0.7485254826276106,98.0610952700627,-0.10743448456784999,0.027666569679313382,0.8169550951081385,1.3061693812285347,0.3277408089877423,-97893274.0,0.18414736913068094,0.027041716665486604,0.15710565246519434,0.18414736913068094,0.08105322364473566,-0.8396189985841147,-0.06510528805232892,0.24460714306019807,1.0
531,0.15458515283842758,0.11075268817204034,0.1,0.1,3219743.0,0.1,0.6517690160665846,0.809711916937994,0.7097119169379941,0.5578462291274897,0.7220550547652592,96.62851382431246,-0.1642088256377695,-0.010708509384103192,0.809711916937994,1.3305354478094502,0.2888883860665378,-101113017.0,0.010752688172040337,0.0384814474953572,0.04923413566739754,0.04923413566739754,0.08233654598233131,-0.8870353581142338,-0.06543606206527548,0.26041176543572814,1.0
532,0.1,0.2172043010752688,0.17941483803552885,0.2061269146608339,3268755.0,0.1,0.59437429533808,0.8050341837863656,0.5989072691255317,0.5037355653633888,0.7009967633324254,95.70007941794759,-0.19726119796903663,-0.04801904710108988,0.8050341837863656,1.3434996379404966,0.26656872963223455,-97844262.0,0.03778946303973996,0.1172043010752688,0.07941483803552885,0.1172043010752688,0.08664537948199318,-0.7696554837063685,-0.0573947207285046,0.2692327270770655,0.0
533,0.18951965065502066,0.3473118279569881,0.27972831765935025,0.36805251641138026,3304486.0,0.1,0.5528543271364067,0.8037834052190934,0.43573088880771316,0.48286125014000286,0.6874072022336073,95.43258648737226,-0.20454595209360443,-0.0793244280995928,0.8037834052190934,1.3460909386233486,0.26147587181483833,-94539776.0,0.06758351029763787,0.1411849132961542,0.07360140299851634,0.1411849132961542,0.09486023185567245,-0.5751404155562532,-0.04151996820167329,0.27115376670212754,-1.0
534,0.34235807860261713,0.3666666666666657,0.3601880877742921,0.42603938730853697,3337976.0,0.1,0.520286448363429,0.8024365131074433,0.3763971257989064,0.4741194250890081,0.6767391281550329,95.14062433437664,-0.20261970306602478,-0.10398348309287919,0.8024365131074433,1.348230588522338,0.2566424376925486,-91201800.0,0.0064785788923735765,0.0013858497447145623,0.007864428637088139,0.007864428637088139,0.09411769680979809,-0.4784387142990395,-0.032567878772977656,0.2728970377074474,-1.0
535,0.4286026200873344,0.34838709677419144,0.38422152560083445,0.30897155361050677,3360497.0,0.1,0.4719971596929295,0.7992325697520175,0.49026101614151074,0.4487120602461617,0.6617282067450522,94.51934993399215,-0.21301614649889045,-0.12579001577408144,0.7992325697520175,1.3548887199324187,0.24357641957161635,-94562297.0,-0.035834428826643006,0.07765229053434552,0.04181786170770252,0.07765229053434552,0.094447595999185,-0.6522325602541177,-0.048289288670499454,0.2778280750902006,0.0
536,0.3117903930130964,0.2612903225806441,0.2588296760710541,0.20722100656455425,3392820.0,0.1,0.4164325110960485,0.7941094653877089,0.5868884588231547,0.4115595904489913,0.6431768924519706,93.54553558946365,-0.2316173020029793,-0.14695547301986103,0.7941094653877089,1.367066523913163,0.2211524068622548,-97955117.0,0.002460646509589992,0.04768123102986266,0.05014187753945265,0.05014187753945265,0.09335041184332238,-0.7629041559417497,-0.05556464859688104,0.28647852926272704,0.0
537,0.1927947598253276,0.18172043010752362,0.1846394984326011,0.10437636761488137,3424477.0,0.1,0.3548924464925267,0.7867033149404133,0.682326947325532,0.36430063308989746,0.6211850342953548,92.60548559267644,-0.2568844012054573,-0.1689412586569803,0.7867033149404133,1.3858993351780033,0.18750729470282346,-101379594.0,-0.0029190683250774896,0.025500576457030633,0.022581508131953143,0.025500576457030633,0.0925378127825609,-0.8761636316433611,-0.061540064603521794,0.29959801011879494,1.0
538,0.14039301310043442,0.19677419354838435,0.21076280041797305,0.14048140043763838,3448334.0,0.1,0.2970834460207034,0.7795544356089743,0.639073035171336,0.3298669049895499,0.6015644778113663,91.43002147742499,-0.27169757282181645,-0.18949252148994752,0.7795544356089743,1.4012861454412358,0.15782272577671297,-97931260.0,-0.013988606869588693,0.09239782593350299,0.10638643280309168,0.10638643280309168,0.09612574647905725,-0.831595319467676,-0.057809000471823246,0.31086585491613067,1.0
539,0.12510917030567228,0.15268817204300902,0.15120167189132375,0.1962800875273544,3494090.0,0.1,0.24742888402626018,0.774230147705334,0.5779500601779797,0.3093150869184429,0.5850222577997739,90.53358424112574,-0.275707170881331,-0.20673545136822424,0.774230147705334,1.4116065272235303,0.1368537681871378,-94437170.0,0.0014865001516852772,0.012206771605370648,0.01072027145368537,0.012206771605370648,0.09513830339365754,-0.7522137902136944,-0.04965456199444329,0.31868818975909813,0.0
540,0.21026200873362413,0.3473118279569881,0.29958202716823334,0.26411378555798704,3541201.0,0.1,0.23429978118162112,0.7576117317209382,0.4934979461629512,0.30236104055529583,0.5719239528103132,87.42352326345102,-0.26956291225501733,-0.21930094354558288,0.7576117317209382,1.4058623372645034,0.10936112617737315,-90895969.0,0.04772980078875477,0.15103174042963372,0.10330193964087894,0.15103174042963372,0.07904324434483248,-0.3736377789309824,-0.013129102844639048,0.32412530277178253,0.0
541,0.2692139737991276,0.3473118279569881,0.3277951933124349,0.23566739606126888,3564944.0,0.1,0.22554704595186162,0.7396048024722145,0.5039374064109456,0.2921004798639071,0.5581991953919848,84.08439508323728,-0.26609871552807773,-0.22866049794208188,0.7396048024722145,1.3969574003903915,0.08225220455403737,-94460913.0,0.01951663464455322,0.08319804239900108,0.06368140775444786,0.08319804239900108,0.08381273996454297,-0.3082851637764974,-0.00875273522975946,0.32867629895908856,0.0
542,0.25611353711789986,0.3473118279569881,0.320480668756533,0.4216630196936556,3581308.0,0.1,0.2482494529540498,0.7268037076778443,0.3051406879841887,0.31203317829925303,0.5526262902614407,81.65240809400551,-0.2405931119621877,-0.23104702074610306,0.7268037076778443,1.3844994805297404,0.06910793482594824,-90879605.0,0.02683115920045509,0.11164443189571924,0.08481327269526415,0.11164443189571924,0.07777082852829616,1.8255131964809195,0.022702407002188174,0.32884788642594803,-1.0
543,0.40786026200873093,0.3473118279569881,0.4103448275862064,0.40196936542670014,3598176.0,0.1,0.2734135667396082,0.7144684653912216,0.3124990999645214,0.3258695147803988,0.546477028023288,79.30104454287925,-0.22060751324288924,-0.2289591192454603,0.7144684653912216,1.3738951100681853,0.05504182071425767,-94477781.0,-0.06303299962921827,0.07435119173666749,0.011318192107449221,0.07435119173666749,0.07986391653406864,3.0196936542670008,0.025164113785558346,0.32971332233848194,-1.0
544,0.41441048034934125,0.41290322580644767,0.45423197492162826,0.44901531728665345,3638372.0,0.1,0.2936542669584265,0.7033073010877701,0.2542919838011166,0.34481502285828414,0.5424989990136294,77.09073810079902,-0.19768397615534528,-0.22270409062743732,0.7033073010877701,1.3621808918093716,0.0444337103661685,-90839409.0,-0.041328749115180585,0.010933860379747529,0.052262609494928114,0.052262609494928114,0.0744521089023736,1.1783439490445673,0.020240700218818294,0.3294367953608008,-1.0
545,0.4515283842794723,0.38709677419354305,0.4678160919540225,0.3910284463895003,3675461.0,0.1,0.29556892778993643,0.6920951128220082,0.3010666664325079,0.3519247803246251,0.5363165274779507,74.92160955903,-0.18439174715332557,-0.21504162193261497,0.6920951128220082,1.3535760141730053,0.030614211471010955,-94514870.0,-0.08071931776047947,0.0619185430931104,0.01880077466736907,0.0619185430931104,0.06784657805211995,0.062425683709874,0.0019146608315100029,0.3307404506754986,-1.0
546,0.41441048034934125,0.3462365591397848,0.3685475444096141,0.4150984682713371,3699519.0,0.1,0.2946571845368365,0.682895886823247,0.26779741855190986,0.3616438092395039,0.5313688515919665,73.12113002144693,-0.16972504235246255,-0.20597830601658448,0.682895886823247,1.3473026846592622,0.018489088987231783,-90815351.0,-0.02231098526982933,0.0447918872497155,0.02248090197988617,0.0447918872497155,0.07092386626983889,-0.025680534155111956,-0.0009117432530999873,0.3322033989180076,-1.0
547,0.41222707423580685,0.3462365591397848,0.4072100313479602,0.3658643326039396,3712332.0,0.1,0.29939824945295584,0.6716008587070169,0.30573652610307733,0.3622931205263401,0.5246135651026591,70.95601971087648,-0.162320444576319,-0.1972467337285314,0.6716008587070169,1.338800753586899,0.0044009638271347296,-94527683.0,-0.060973472208175394,0.06886190913155232,0.00788843692337693,0.06886190913155232,0.0701913344862728,0.18413597733709985,0.004741064916119401,0.3335999474399411,-1.0
548,0.3936681222707378,0.370967741935479,0.40512016718913413,0.4129102844639,3727707.0,0.1,0.31653902261123473,0.6601690471507371,0.2472587626868371,0.3700803765167339,0.520054247525567,68.69148900944622,-0.14997387100883303,-0.18779216118459174,0.6601690471507371,1.3258701646662612,-0.005532070364786867,-90799976.0,-0.03415242525365514,0.00510340933153941,0.03925583458519455,0.03925583458519455,0.06928416424008461,0.9926082365364279,0.01714077315827881,0.332850558757762,-1.0
549,0.4296943231441034,0.36021505376343865,0.39780564263323226,0.3264770240700251,3743115.0,0.1,0.3350474106491634,0.6465151943549782,0.32003817028495307,0.36337216844800946,0.5121531363641162,66.11143925545088,-0.14878096791610673,-0.17998992253089474,0.6465151943549782,1.3121469849509615,-0.019116596241005035,-94543091.0,-0.037590588869793606,0.05269523070046134,0.015104641830667731,0.05269523070046134,0.07155038542703718,2.1278825995806923,0.018508388037928647,0.3328158952979916,0.0
550,0.35764192139737927,0.32580645161290034,0.4145245559038656,0.36039387308534143,3753821.0,0.1,0.35337345003647186,0.6331198419918217,0.27272596890648027,0.36291396916144514,0.5059588807200845,63.52508412009523,-0.1430449115586394,-0.1726009203364437,0.6331198419918217,1.2952844639460999,-0.02904477996245658,-90789270.0,-0.08871810429096527,0.0006705724571247629,0.08804753183384051,0.08804753183384051,0.07002214367959958,1.5654205607476501,0.018326039387308587,0.33108231097713914,0.0
551,0.38056768558951715,0.37956989247311623,0.42601880877743026,0.3494529540481416,3779735.0,0.1,0.3661378555798709,0.6193427282402163,0.2698897741920747,0.36084304375939846,0.49957088371306646,60.87617989124512,-0.138727839953668,-0.16582630425988856,0.6193427282402163,1.2769124996359555,-0.03822704315552283,-94569005.0,-0.046448916304314025,0.0191760193877748,0.06562493569208883,0.06562493569208883,0.07447365735349276,0.7803790412485951,0.012764405543398931,0.32878488569786957,0.0
552,0.3325327510916999,0.3096774193548363,0.19195402298850298,0.1393873085339216,3830951.0,0.1,0.35574398249453204,0.6008013389015536,0.46141403036763207,0.3267729306477866,0.48486951329759115,57.45365810765506,-0.15809658264980453,-0.16428035993787177,0.6008013389015536,1.261323796457944,-0.05972111865483687,-98399956.0,0.1177233963663333,0.0397755346933053,0.1574989310596386,0.1574989310596386,0.07501258990599317,-0.4722452361226005,-0.010393873085338788,0.33026122877819525,0.0
553,0.13930131004366544,0.13225806451612812,0.15538140020898653,0.16017505470459384,3856700.0,0.1,0.34945295404814253,0.5836226691276426,0.4234476144230488,0.30114248819498773,0.471616678252979,54.121558938854754,-0.17047419005799125,-0.16551912596189566,0.5836226691276426,1.2462400084696994,-0.07899467021441431,-94543256.0,-0.023123335692858404,0.007129244017793468,0.015994091675064936,0.015994091675064936,0.06941226067899849,-0.32033426183844504,-0.0062910284463895865,0.33130866967102846,1.0
554,0.18842794759825168,0.1494623655913955,0.25047021943573566,0.19518599562363406,3869155.0,0.1,0.330579868708974,0.5670396325864951,0.3718536369628611,0.2848414893378564,0.4603337932476996,50.83870264981398,-0.17549230390984316,-0.16751376155148517,0.5670396325864951,1.2278297696546785,-0.09375050448168809,-90674101.0,-0.10100785384434016,0.010712689113198337,0.09029516473114182,0.09029516473114182,0.06763315508195038,-0.5371043072132824,-0.018873085339168465,0.3303950685340916,1.0
555,0.19825327510916893,0.11935483870967759,0.16374085684430498,0.10875273522976273,3893722.0,0.1,0.3061451495258959,0.5487963525586774,0.4400436173289147,0.25775091178276505,0.44598354598166134,47.324240342555015,-0.1882326341988963,-0.1716575360809674,0.5487963525586774,1.210862695378063,-0.11326999026070816,-94567823.0,-0.04438601813462739,0.07583115691395648,0.031445138779329085,0.07583115691395648,0.06775648551339113,-0.7294501905280293,-0.02443471918307812,0.3310331714096928,1.0
556,0.10873362445414472,0.12580645161290108,0.201358411703238,0.1743982494529547,3905160.0,0.1,0.28326039387308766,0.5320678249171978,0.35766957546424316,0.24492742527048653,0.4348984318376325,43.9911381898019,-0.18997100656714597,-0.17532023017820314,0.5320678249171978,1.1904648013468027,-0.1263291515124071,-90662663.0,-0.07555196009033693,0.01705371638313835,0.09260567647347528,0.09260567647347528,0.07111840776160339,-0.6115984405458087,-0.02288475565280823,0.32919848821480246,1.0
557,0.1676855895196482,0.1,0.17523510971786962,0.10984682713347951,3932245.0,0.1,0.2598285922684193,0.5141081731416546,0.4042613460081751,0.22414579478787006,0.4216310194007282,40.76676963153096,-0.19748522461285817,-0.17975322906513416,0.5141081731416546,1.1705197121220483,-0.14230336583873915,-94594908.0,-0.07523510971786962,0.0743982494529547,0.0008368602649149182,0.0743982494529547,0.07215838329159041,-0.7190822607722458,-0.0234318016046684,0.32820576949019686,1.0
558,0.1098253275109137,0.17526881720430013,0.15433646812956994,0.22144420131291512,3985414.0,0.1,0.24369073668855076,0.49820594392208356,0.2767617426091684,0.22373016502249238,0.4134601288665317,37.82942896723298,-0.18972996384403934,-0.1817485760209152,0.49820594392208356,1.1449525206236417,-0.14854063277947455,-90609494.0,0.020932349074730183,0.06542199007082061,0.04448964099609043,0.06542199007082061,0.0738775585266825,-0.4665260938323582,-0.0161378555798685,0.32337328835077905,1.0
559,0.2266375545851517,0.15053763440859882,0.23897596656217104,0.18533916849015455,4002499.0,0.1,0.228646973012402,0.48155821458719084,0.2962190460970363,0.21782385786367117,0.40414906925933264,34.72448447990381,-0.18632521139566147,-0.18266390309586447,0.48155821458719084,1.1182365557689518,-0.15512012659456997,-94611993.0,-0.08843833215357222,0.07090656690431629,0.017531765249255926,0.07090656690431629,0.07404794667441283,-0.4934210526315763,-0.015043763676148751,0.3183391705908804,1.0
560,0.17423580786025852,0.22043010752687878,0.2640543364681299,0.25098468271335006,4024408.0,0.1,0.21515317286652283,0.4661309626252598,0.21514627991190977,0.22292552322516024,0.39789746164521084,31.710113178298286,-0.1749719384200506,-0.1811255101607017,0.4661309626252598,1.0880482989159543,-0.15578637366543474,-90587585.0,-0.04362422894125115,0.03509093903672422,0.07871516797797537,0.07871516797797537,0.07733622445714457,-0.3921568627451002,-0.013493800145879161,0.3109586681453473,1.0
561,0.24301310043667926,0.23870967741935303,0.3309299895506811,0.2849015317286664,4043173.0,0.1,0.21168854850474297,0.45147719236933953,0.16657566064067314,0.2324602937641612,0.39328538287310694,28.88236427509119,-0.16082508910894575,-0.17706542595035052,0.45147719236933953,1.0560395257890862,-0.15308514105040721,-86544412.0,-0.09222031213132806,0.012275005293997027,0.07994530683733103,0.07994530683733103,0.07960706413521704,-0.12734584450402642,-0.0034646243617798924,0.3022811667098734,1.0
562,0.2910480349344965,0.2612903225806441,0.3068965517241352,0.33851203501094174,4072576.0,0.1,0.20986506199854302,0.4380807570366689,0.09956872202572714,0.2487759462636659,0.39104973602159,26.08673399330685,-0.1422737897579241,-0.17010709871186525,0.4380807570366689,1.0228340413204464,-0.1466725272471086,-82471836.0,-0.045606229143491106,0.023611209148022283,0.021995019995468823,0.023611209148022283,0.07423737057806552,-0.06071645415908078,-0.0018234865061999745,0.29237664214188874,1.0
563,0.3860262008733585,0.3215053763440835,0.40512016718913413,0.3713347921225413,4114060.0,0.1,0.21168854850474295,0.42556208312991206,0.05422729100737078,0.2676311533188775,0.3902450444338737,23.3816690401445,-0.12261389111499621,-0.16060845719249145,0.42556208312991206,0.988938583826483,-0.1378144175666589,-78357776.0,-0.08361479084505063,0.017006658666858243,0.06660813217819239,0.06660813217819239,0.07431930361857415,0.06261740763932755,0.0018234865061999745,0.2816882503482855,1.0
564,0.3641921397379896,0.36881720430107234,0.3633228840125383,0.35601750547046007,4174391.0,0.1,0.22974106491612115,0.41326603263192174,0.05724852716146167,0.2812290536498902,0.38884800202720377,20.58883530475707,-0.10761894837731356,-0.1500105554294559,0.41326603263192174,0.9555900290424123,-0.12905796377856882,-82532167.0,0.005494320288534027,0.0025175878214689362,0.008011908110002963,0.008011908110002963,0.06186205170610451,1.5541601255886142,0.018052516411378207,0.2711619982052453,1.0
565,0.36091703056768265,0.3903225806451601,0.3434691745036552,0.4479212253829331,4250542.0,0.1,0.25371991247264947,0.40275756966421067,-0.04516365571872244,0.3068740031472814,0.391259154000907,17.983049485850955,-0.08438515085362558,-0.13688547451428984,0.40275756966421067,0.921443980451236,-0.1159288411228146,-78281625.0,0.046853406141504905,0.03430507517470005,0.012548330966804855,0.046853406141504905,0.0644336612449745,1.7964480874317235,0.023978847556528276,0.25934320539351263,1.0
566,0.4307860262008688,0.4354838709677388,0.5106583072100314,0.48730853391685114,4303712.0,0.1,0.27806345733041754,0.39352446428132537,-0.09378406963552577,0.3346331617272152,0.395179536854619,15.430097102117628,-0.060546375127403795,-0.12161765463691264,0.39352446428132537,0.8890976795541798,-0.10204875099152905,-73977913.0,-0.07517443624229259,0.012437354415194335,0.06273708182709825,0.06273708182709825,0.062137154336304214,1.4966367713004378,0.02434354485776809,0.2477866076364272,1.0
567,0.6349344978165931,0.7774193548387082,0.20031347962382498,0.8122538293216678,162522.0,0.1,0.336688548504743,0.39200407020920786,-0.42024975911245993,0.40811326443405405,0.4122029773634781,13.403733545576301,-0.004089712929424061,-0.09811206629541493,0.39200407020920786,0.8818292086785458,-0.0978210682601301,-73815391.0,0.5771058752148832,0.290110820921857,0.2869950542930262,0.5771058752148832,0.10391004752804811,6.46881287726339,0.058625091174325426,0.24491256923466898,1.0
568,0.8161572052401723,1.1,0.7792058516196455,0.9446389496717756,348634.0,0.43333333333333335,0.40087527352297797,0.39304105742314305,-0.5515978922486326,0.4906556775475497,0.43393505786585757,11.763793110361163,0.05672061968169212,-0.06714552909999352,0.39304105742314305,0.8874048525250142,-0.10132273767872818,-73466757.0,0.3207941483803546,0.2877461706783323,0.03304797770202228,0.3207941483803546,0.12292575352028805,4.416562107904641,0.06418672501823508,0.24718189755093561,-1.0
569,0.9187772925764207,0.9924731182795682,0.7833855799373012,1.0824945295404818,440704.0,0.7666666666666666,0.4819292487235616,0.397545273979581,-0.6849492555609007,0.5817078086233853,0.46040687303625033,11.11901042506507,0.121300935587135,-0.029456236162567817,0.397545273979581,0.9130127162891843,-0.11792216833002228,-73026053.0,0.209087538342267,0.04783416860779255,0.16125336973447446,0.209087538342267,0.13414986092773074,8.854581673306749,0.08105397520058352,0.25773372115480164,-1.0
570,1.0672489082969414,1.013978494623656,0.9787878787878824,1.009190371991251,504984.0,1.1,0.5475747629467561,0.40155228313389313,-0.6076380888573578,0.6474743568338263,0.4828061995242095,10.537547586055126,0.16466815730961676,0.009368642531869097,0.40155228313389313,0.9330754111766809,-0.12997084490889466,-73531037.0,0.03519061583577365,0.06851603491682567,0.10370665075259933,0.10370665075259933,0.13734024931787897,3.557312252964344,0.06564551422319466,0.2657615640213939,-1.0
571,1.0126637554585138,1.007526881720429,0.9913270637408566,1.00590809628009,543493.0,1.1,0.6159555069292508,0.40399947227188454,-0.6019086240082054,0.7026180090563284,0.5041572973509801,9.50613913900608,0.1984607117053483,0.047187056366564936,0.40399947227188454,0.945665045557768,-0.13766610101399884,-74074530.0,0.016199817979572484,0.0016634902708219101,0.017863308250394394,0.017863308250394394,0.1329199777633855,4.427390791027127,0.06838074398249462,0.2708327866429417,-1.0
572,1.0115720524017484,0.9225806451612882,0.9098223615465016,0.906345733041578,576721.0,1.1,0.6705689277899364,0.4046734085909356,-0.5016723244506424,0.7339607358232899,0.5205731518689637,7.885928733664912,0.21338758395432622,0.0804271618841172,0.4046734085909356,0.9488027116878875,-0.13945589450601636,-74651251.0,0.012758283614786592,0.08332745111880169,0.09608573473358828,0.09608573473358828,0.13436752499301988,2.6111595466433966,0.05461342086068566,0.272064651548476,-1.0
573,0.9100436681222689,0.8204301075268802,0.8136886102403323,0.8396061269146656,626780.0,1.1,0.716794310722103,0.404605679092134,-0.4350004478225316,0.7502138729142708,0.5335949059524616,6.162408377336575,0.21661896696180916,0.1076655228996556,0.404605679092134,0.9485129358569218,-0.13930157767265378,-75278031.0,0.006741497286547826,0.08591562551469778,0.0926571228012456,0.0926571228012456,0.13542684299001276,1.9470046082949355,0.0462253829321666,0.2719536283823939,0.0
574,0.8456331877729241,0.81505376344086,0.824137931034484,0.7969365426695866,647280.0,1.1,0.7549963530269902,0.40382957777067713,-0.39310696489890945,0.7574019759535501,0.5443435441858137,4.416365108999585,0.21305843176773642,0.12874410467327177,0.40382957777067713,0.9453337780691744,-0.1376746225278202,-75925311.0,-0.00908416759362396,0.024552363473805627,0.015468195880181668,0.024552363473805627,0.13550527251716138,1.3542340012928262,0.03820204230488707,0.27075210014924866,1.0
575,0.8008733624454137,0.8827956989247333,0.8607105538140004,0.949015317286657,665981.0,1.1,0.8031363967906665,0.40709792122538513,-0.5419173960612719,0.7868809515432588,0.5608607594144195,3.5547182610321073,0.22602019212883928,0.14819932216438528,0.40709792122538513,0.9599511523951949,-0.14575530994442465,-75259330.0,0.022085145110732896,0.08585915625514673,0.06377401114441383,0.08585915625514673,0.13710952452357425,1.555686505598107,0.04814004376367631,0.2764266155849049,-1.0
576,0.9744541484716137,0.88494623655914,0.8742946708463982,0.8505470459518619,686219.0,0.1,0.8443471918307833,0.4160330051057644,-0.4345140408460975,0.7966757352984285,0.5726846894771722,5.440147287148477,0.22399104582125628,0.16335766689575948,0.4160330051057644,0.9835173033722098,-0.151451293160681,-75945549.0,0.010651565712741728,0.06406908072751705,0.07472064644025878,0.07472064644025878,0.14266858605109556,1.3890596189305486,0.04121079504011682,0.2837421491332227,0.0
577,0.8325327510917034,0.7548387096774171,0.7666666666666678,0.7542669584245075,722280.0,0.1,0.869876002917581,0.42464897884755864,-0.3296179795769489,0.790151308087056,0.580096210658696,7.209665086828764,0.21005509742836004,0.1726971530022796,0.42464897884755864,0.999965020501902,-0.1506670628067846,-76667829.0,-0.011827956989250765,0.09570833627444486,0.0838803792851941,0.09570833627444486,0.14673983022884055,0.6839276990718086,0.02552881108679787,0.2876580208271716,1.0
578,0.7659388646288207,0.698924731182791,0.725914315569485,0.6940919037199137,754499.0,0.1,0.8871079504011696,0.4360001823486528,-0.2580917213712609,0.7753729381844188,0.5847490960897661,9.527545155091062,0.19062384209465266,0.17628249082075423,0.4360001823486528,1.0106176720653068,-0.13861730736800115,-77422328.0,-0.026989584386694077,0.05534222724171656,0.02835264285502248,0.05534222724171656,0.14612359234672542,0.4243376740008944,0.017231947483588545,0.28730874485832697,1.0
579,0.7037117903930102,0.6344086021505347,0.6715778474399151,0.6306345733041588,777378.0,0.1,0.8719730123997106,0.44705506929248945,-0.1835795040116694,0.7531054974336095,0.5866219727107617,11.781060462148318,0.1664835247228479,0.17432269760117297,0.44705506929248945,1.0156514835704853,-0.12154134498550645,-78199706.0,-0.03716924528938037,0.059683301569378955,0.022514056279998584,0.059683301569378955,0.1030050445429334,-0.22359913793103747,-0.015134938001459078,0.28429820713899795,1.0
580,0.6098253275109137,0.6053763440860201,0.5305120167189145,0.6547045951859992,818079.0,0.1,0.8478118161925626,0.4564004376367637,-0.19830415754923553,0.7379668970878234,0.5894008552607714,13.616838335770595,0.14856604182705202,0.1691713664463488,0.4564004376367637,1.023564111985141,-0.11076323671161376,-77381627.0,0.07486432736710569,0.025258229218138695,0.10012255658524438,0.10012255658524438,0.08461574522667421,-0.3069261060921922,-0.024161196207148034,0.2835818371741887,1.0
581,0.674235807860262,0.7236559139784923,0.7206896551724128,0.8089715536105032,842005.0,0.1,0.8250182348650644,0.46558625091174544,-0.3433853026987578,0.7488906903990048,0.5983629245811686,15.281005488458774,0.15052776581783622,0.1654426463206463,0.46558625091174544,1.0411250571393413,-0.10995255531585058,-76539622.0,0.0029662588060794803,0.06895131879249305,0.06598505998641357,0.06895131879249305,0.07293772693085972,-0.2526783909440068,-0.022793581327498213,0.287769403113798,1.0
582,0.8008733624454137,0.8075268817204296,0.8648902821316632,0.8778993435448598,857069.0,0.1,0.814077315827865,0.4750000000000021,-0.4028993435448577,0.7687381754983671,0.6097725743347886,16.933355980802148,0.1589656011635785,0.16414723728923275,0.4750000000000021,1.062552602697345,-0.11255260269734102,-75682553.0,-0.057363400411233556,0.0014446718900735789,0.05591872852115998,0.05591872852115998,0.06895540007823976,-0.13009540329575142,-0.010940919037199265,0.29377630134867155,0.0
583,0.8882096069868964,0.927956989247312,0.9275862068965516,0.998249452954051,887302.0,0.1,0.8134390955506952,0.489359956236326,-0.508889496717725,0.8040476027992415,0.6256287734621053,19.396630208690425,0.17841882933713615,0.16700155569881342,0.489359956236326,1.0937860959290289,-0.11506618345637698,-74795251.0,0.00037078235076037913,0.05005764570245219,0.04968686335169181,0.05005764570245219,0.07163826153257792,-0.007613661083314738,-0.0006382202771699116,0.3022130698463515,0.0
584,0.9973799126637551,1.0354838709677403,0.9766980146290493,1.0824945295404818,1017571.0,0.1,0.8281181619256038,0.5075948212983245,-0.5748997082421573,0.846885591528663,0.6442763553428553,22.417830540063605,0.20260923618580773,0.17412309179621227,0.5075948212983245,1.1297998570181766,-0.11461021442152763,-73777680.0,0.058785856338691045,0.03723441801368932,0.021551438325001726,0.058785856338691045,0.06852993833300315,0.19435055528729794,0.01467906637490865,0.31110251785992604,0.0
585,1.1,1.0204301075268796,1.1,1.0442013129102876,1096096.0,0.1,0.8451677607585725,0.5271745076586455,-0.5170268052516421,0.8772418563566053,0.6605998229986688,25.587882445935577,0.21664203335793653,0.18262688010855713,0.5271745076586455,1.156652131607851,-0.1023031162905601,-74873776.0,-0.07956989247312052,0.06206442201360218,0.017505470459518335,0.06206442201360218,0.06598054660069953,0.2436799583007525,0.0170495988329685,0.3147388119746028,0.0
586,1.0410480349344966,1.0322580645161268,1.0080459770114936,1.1,1181326.0,0.1,0.8704230488694401,0.5471644784828613,-0.5528355215171388,0.9115123399940506,0.6785345241007639,28.656261475834214,0.2329778158932867,0.19269706726550306,0.5471644784828613,1.1873280988948451,-0.09299914192912251,-73692450.0,0.024212087504633217,0.011943248394160833,0.03615533589879405,0.03615533589879405,0.06694746096944856,0.38028555738604775,0.02525528811086779,0.3200818102059919,0.0
587,1.0879912663755449,1.0397849462365572,1.0749216300940447,1.0573304157549246,1250595.0,0.1,0.879449307075129,0.5651030269876023,-0.4922273887673223,0.9339458901111081,0.6939955809029745,31.227795860722154,0.23995030920813354,0.20214771565402917,0.5651030269876023,1.2133060816077217,-0.08310002763251711,-74943045.0,-0.03513668385748758,0.06021505376344294,0.025078369905955356,0.06021505376344294,0.06481045242847325,0.11413419414341264,0.009026258205688966,0.3241015273100597,0.0
588,1.0585152838427931,1.061290322580645,1.040438871473358,1.0682713347921209,1314802.0,0.1,0.8975929978118172,0.5818563092633134,-0.48641502552880744,0.9546113431389562,0.7092721422862049,34.22721067273292,0.2453392008527513,0.21078601269377362,0.5818563092633134,1.2397754108237482,-0.0760627922971212,-73628243.0,0.020851451107287033,0.0039599068257203385,0.016891544281566695,0.020851451107287033,0.06032135281739227,0.2559814767172579,0.018143690736688246,0.3289595507802173,0.0
589,1.0541484716157172,0.996774193548385,1.032079414838036,1.0015317286652086,1338270.0,0.1,0.9181983953318759,0.5978118161925622,-0.4037199124726464,0.9618298639891489,0.721201104995552,37.22806950985571,0.24062875899359693,0.2167545619537383,0.5978118161925622,1.2585745659468184,-0.06295093356169401,-74966513.0,-0.03530522128965086,0.07149714124373585,0.036191919954084995,0.07149714124373585,0.058303753231499854,0.3278212938787364,0.02060539752005842,0.3303813748771281,0.0
590,1.0203056768558931,0.9333333333333321,0.9913270637408566,0.9840262582056901,1357837.0,0.1,0.9423595915390238,0.6095277169948963,-0.37449854121079384,0.9652446938686168,0.7319286622694351,39.41573342982212,0.23331603159918168,0.22006685588282698,0.6095277169948963,1.2774353223697954,-0.058379888380002964,-76324350.0,-0.057993730407524424,0.06819839533187644,0.010204664924352014,0.06819839533187644,0.05937510057234651,0.4177175283732648,0.024161196207148034,0.3339538026874496,0.0
591,0.9613537117903895,0.8774193548387096,0.9275862068965516,0.8833698030634615,1373925.0,0.1,0.9634208606856324,0.6195568927789955,-0.26381291028446596,0.9526485568216698,0.7381099333222525,41.39833848154765,0.21453862349941732,0.21896120940614505,0.6195568927789955,1.289187636288082,-0.050073850730091074,-77698275.0,-0.05016685205784199,0.10660690336698053,0.05644005130913854,0.10660690336698053,0.06328540072214664,0.4007633587786297,0.021061269146608552,0.3348153717545433,0.0
592,0.8882096069868964,0.8806451612903196,0.9380355276906996,0.9687089715536125,1380758.0,0.1,0.9895878920496001,0.630383843909557,-0.3383251276440554,0.9551193898573533,0.7475221389643487,43.38707500725187,0.20759725089300463,0.216688417703517,0.630383843909557,1.3055329184493867,-0.04476523063027271,-76317517.0,-0.05739036640038009,0.0027246417731419115,0.05466572462723818,0.05466572462723818,0.05949733139231279,0.4796122994652354,0.02616703136396777,0.3375745372699149,0.0
593,0.9537117903930102,0.9150537634408614,0.9484848484848477,0.9008752735229798,1390546.0,0.1,0.9972465353756398,0.6410056528081712,-0.25986962071480857,0.9467741411905267,0.7537814505789867,45.36208346291638,0.19299269061154,0.21194927228512161,0.6410056528081712,1.3168136211024397,-0.034802315486097246,-77708063.0,-0.033431085043986286,0.05365520811275104,0.020224123068764754,0.05365520811275104,0.05822265550233429,0.11360562618339687,0.007658643326039716,0.33790398414713424,0.0
594,0.9100436681222689,0.8989247311827974,0.9693834900731474,0.965426695842455,1395266.0,0.1,1.0045404814004395,0.6524708242159029,-0.31295587162655214,0.9496437649831311,0.7624200320183119,47.249320144272154,0.1872237329648192,0.20700416442106115,0.6524708242159029,1.3312885177437699,-0.02634686931196406,-76312797.0,-0.07045875889035003,0.0019505423401824373,0.06850821655016759,0.06850821655016759,0.05927177950475159,0.09970089730807818,0.007293946024799602,0.33940884676393346,0.0
595,0.9515283842794758,0.9688172043010773,0.9693834900731474,1.0431072210065673,1459497.0,0.1,1.008278628738149,0.6665800510576243,-0.376527169948943,0.9640227582175058,0.7738766519770162,49.54837515233097,0.19014610624048967,0.20363255278494685,0.6665800510576243,1.3492046048685475,-0.016044502753298828,-74853300.0,-0.0005662857720700742,0.003390508458622321,0.003956794230692395,0.003956794230692395,0.05543004188210494,0.04493643138974113,0.0037381473377096908,0.34131227690546156,0.0
596,1.0519650655021828,1.0086021505376324,1.0738766980146317,1.0792122538293207,1503335.0,0.1,1.008005105762219,0.6804613420860705,-0.3987509117432503,0.981744219080862,0.7863393296036408,51.817296680140785,0.19540488947722112,0.20198702012340172,0.6804613420860705,1.369085573987483,-0.008162889815342078,-73349965.0,-0.06527454747699935,0.03450507046893492,0.030769477008064428,0.03450507046893492,0.05340664305962526,-0.003032140691329288,-0.000273522975930085,0.34431211595070627,0.0
597,1.0650655021834035,0.9827956989247276,1.0738766980146317,1.0376367614879691,1509066.0,0.1,1.007458059810359,0.6952771699489445,-0.3423595915390246,0.9903430717588785,0.7965963676397358,54.35785754883102,0.19374670411914263,0.2003389569225499,0.6952771699489445,1.3833903547581605,0.00716398513972849,-74859031.0,-0.09108099908990408,0.09641655490459311,0.00533555581468903,0.09641655490459311,0.05626932080054117,-0.006286672254818826,-0.0005470459518598739,0.344056592404608,0.0
598,1.046506550218338,0.9881720430107513,1.0738766980146317,1.0496717724288858,1515014.0,0.1,1.0032640408460998,0.7096371261852683,-0.34003464624361746,0.9994705641696489,0.8069259759984766,56.8265794287838,0.19254458817117226,0.19878008317227439,0.7096371261852683,1.3979698533617968,0.021304399008739816,-73344017.0,-0.08570465500388036,0.049464718477217784,0.036239936526662575,0.049464718477217784,0.05737843601540982,-0.04575293415555848,-0.004194018964259527,0.34416636358826425,0.0
599,1.0585152838427931,0.9698924731182806,1.0738766980146317,1.055142231947484,1521851.0,0.1,1.0030816921954797,0.7243389861415045,-0.3308032458059794,1.0080354361354695,0.8170572517514973,59.351933411322044,0.19097818438397218,0.19721970341461398,0.7243389861415045,1.4113887399294014,0.03728923235360759,-71822166.0,-0.10398422489635106,0.07977929931060512,0.02420492558574594,0.07977929931060512,0.059008789811006664,-0.002069536423841889,-0.00018234865062005667,0.34352487689394845,0.0
600,0.17634449040992842,0.1647743813682684,0.18483896307934025,0.17617260787992564,1529105.0,0.1,0.9287401316194633,0.7251053465445462,0.5489327386646206,0.8800565394807705,0.7908986948587802,61.43369773902913,0.08915784462199028,0.17560733165608924,0.7251053465445462,1.409566852630855,0.040643840458237435,-73351271.0,-0.02006458171107184,0.8903678505792155,0.8703032688681437,0.8903678505792155,0.1314684897670007,-0.8350862724270255,-0.07434156057601628,0.34223075304315437,0.0
601,0.16919894697254492,0.15494905385735117,0.17266300078554622,0.17016885553470865,1535923.0,0.1,0.8594598921919215,0.7253135507285071,0.5551446951937985,0.7708430496429147,0.7655627830496343,63.452966798025344,0.005280266593280403,0.14154191864352747,0.7253135507285071,1.4090787801347588,0.04154832132225539,-74887194.0,-0.017713946928195057,0.021223554022574476,0.003509607094379419,0.021223554022574476,0.12727902416523726,-0.830091398340918,-0.06928023942754166,0.34188261470312586,0.0
602,0.16242948476870858,0.15094614264919884,0.1769835035349562,0.17054409005628593,1540558.0,0.1,0.7916697115128047,0.7248001776958538,0.5542560876395679,0.6784893635526642,0.7412763057845997,65.45017698111724,-0.06278694223193548,0.10067614646843488,0.7248001776958538,1.4102263519675642,0.03937400342414343,-73346636.0,-0.026037360885757366,0.019222712885509807,0.0068146480002475585,0.019222712885509807,0.1231977172947067,-0.8266874601829606,-0.06779018067911702,0.3427130871358552,0.0
603,0.16355772846934827,0.15021834061135345,0.1439905734485464,0.16191369606003683,1556629.0,0.1,0.7315483692625193,0.7259076977131512,0.5639940016531144,0.5990161839384138,0.7176288523264542,67.94767345265443,-0.11861266838804041,0.05681838349713983,0.7259076977131512,1.4074281560275734,0.04438723939872902,-74903265.0,0.006227767162807041,0.020325749444932484,0.026553516607739525,0.026553516607739525,0.11652660173143663,-0.8167090435981261,-0.06012134225028539,0.3407602291572111,0.0
604,0.15904475366679308,0.15021834061135345,0.1695208169677919,0.16754221388367654,1559372.0,0.1,0.6647844727900246,0.7257648636387914,0.5582226497551149,0.5326355731607619,0.695176336471647,70.31114050905182,-0.16254076331088507,0.012946554135534853,0.7257648636387914,1.4077602121082529,0.04376951516933014,-73343893.0,-0.019302476356438447,0.011695355448683387,0.0076071209077550606,0.011695355448683387,0.11294573763322373,-0.8270458736281002,-0.06676389647249466,0.34099767423473065,0.0
605,0.16656637833772195,0.15021834061135345,0.1706991358994511,0.16904315196998035,1564548.0,0.1,0.603798462660608,0.7269981204062185,0.5579549684362382,0.47669827759294936,0.673701512614436,73.13527132398144,-0.19700323502148664,-0.029043403695869448,0.7269981204062185,1.4046438247640602,0.04935241604837659,-71779345.0,-0.020480795288097653,0.017323873272323098,0.0031569220157745548,0.017323873272323098,0.10991812639652139,-0.8123567635407318,-0.060986010129416623,0.33882285217892094,0.0
606,0.16844678450545417,0.15094614264919884,0.17501963864886108,0.17091932457786144,1574277.0,0.1,0.5375895150552252,0.7259455188075715,0.5550261942297101,0.4296553617444743,0.6531797906537595,75.57442900306593,-0.22352442890928526,-0.0679396087385526,0.7259455188075715,1.406947856539071,0.0449431810760722,-70205068.0,-0.024073495999662242,0.01809700932078151,0.0059764866788807325,0.01809700932078151,0.10571719246073923,-0.8229598111240201,-0.0662089476053828,0.34050116886574966,0.0
607,0.1654381346370805,0.15094614264919884,0.17305577376276596,0.17054409005628593,1579931.0,0.1,0.4648759208093684,0.7256372880068659,0.55509319795058,0.38979208917706065,0.6334803743028422,78.45347321959837,-0.24368828512578156,-0.1030893440159984,0.7256372880068659,1.4076518334751937,0.04362274253853815,-71784999.0,-0.02210963111356712,0.019973181928662598,0.002136449184904521,0.019973181928662598,0.10705189143557008,-0.8365037777308109,-0.07271359424585679,0.34100727273416387,0.0
608,0.16581421587062764,0.15094614264919884,0.1769835035349562,0.17091932457786144,1591715.0,0.1,0.3891848433717468,0.7239692597123765,0.5530499351345151,0.35611935616179924,0.6146003314569246,81.05363990565515,-0.25848097529512537,-0.1341676702718238,0.7239692597123765,1.4110985636987863,0.036839955725966544,-70193284.0,-0.026037360885757366,0.01959794740708709,0.006439413478670275,0.01959794740708709,0.10580963118041609,-0.8416258488806108,-0.07569107743762161,0.34356465199320496,0.0
609,0.16919894697254492,0.19461426491994196,0.1769835035349562,0.17467166979362184,1649051.0,0.1,0.3172710857305512,0.7216728042553964,0.5470011344617746,0.32820432748977196,0.5966440595522999,83.54029291897317,-0.26843973206252797,-0.16102208262996465,0.7216728042553964,1.4155007754063045,0.027844833104488265,-68544233.0,0.01763076138498576,0.023694940342080528,0.006064178957094768,0.023694940342080528,0.09974949663354005,-0.8316639538260547,-0.0719137576411956,0.34691398557545405,0.0
610,0.17784881534411526,0.16986899563318617,0.18483896307934025,0.18180112570356535,1660394.0,0.1,0.24494853183677448,0.718407993644826,0.5366068679412607,0.30568075798420175,0.5797116949054129,85.69583937542612,-0.2740309369212111,-0.18362385348821395,0.718407993644826,1.4210204652654954,0.01579552202415646,-66883839.0,-0.014969967446154087,0.0048026741604356715,0.010167293285718415,0.010167293285718415,0.0964747112009151,-0.8268019294422989,-0.0723225538937767,0.35130623581033477,0.0
611,0.17484016547574158,0.16404657933042124,0.1483110761979564,0.15478424015009332,1677281.0,0.1,0.16991869918699196,0.7138965238120667,0.5591122836619734,0.2824659090866466,0.5623677171602978,87.4797400911208,-0.27990180807365117,-0.2028794444053014,0.7138965238120667,1.4282949655326111,-0.0005019179084777559,-68561120.0,0.015735503132464856,0.01775454637314411,0.033490049505608965,0.033490049505608965,0.0926172737171654,-0.853304857427224,-0.07502983264978255,0.3571992208602722,0.0
612,0.1530274539300475,0.13639010189228565,0.1,0.1,1709252.0,0.1,0.16357098186366478,0.7085628257814321,0.6085628257814322,0.25439423076562406,0.5434955654394693,89.09233919060124,-0.28910133467384524,-0.2201238224590102,0.7085628257814321,1.4375502522920578,-0.0204246007291935,-70270372.0,0.03639010189228564,0.01839413825780767,0.05478424015009331,0.05478424015009331,0.022985306181405225,-0.4323748668796614,-0.006347717323327136,0.3644937132553128,1.0
613,0.1,0.11819505094614194,0.11021209740769891,0.11838649155722294,1726942.0,0.1,0.159255784865541,0.7016975188267298,0.5833110272695069,0.23346996319510083,0.5261441746687654,89.96008101566967,-0.29267421147366457,-0.23463390026194106,0.7016975188267298,1.4467423156318193,-0.04334727797835958,-68543430.0,0.007982953538443027,0.018195050946141933,0.010212097407698906,0.018195050946141933,0.02273293092503585,-0.3042998897464164,-0.004315196998123809,0.3725223984025447,0.0
614,0.10977811207220647,0.1,0.1145326001571089,0.11275797373358323,1731368.0,0.1,0.15444027517198242,0.6938943821562452,0.581136408422662,0.2148988878933289,0.5092712685081456,90.30531396742812,-0.29437238061481674,-0.2465815963325162,0.6938943821562452,1.4557673561755604,-0.06797859186307009,-70274798.0,-0.014532600157108888,0.01838649155722294,0.003853891400114051,0.01838649155722294,0.022663245814345274,-0.3388338833883433,-0.004815509693558558,0.38093648700965765,0.0
615,0.11654757427604281,0.12147016011644887,0.12081696779261578,0.13189493433395896,1738674.0,0.1,0.1519387116948093,0.6797202385106679,0.5478253041767089,0.20212904888419506,0.4938681528275666,87.33935536019553,-0.29173910394337155,-0.2556130978546873,0.6797202385106679,1.4577419223559671,-0.09830144533463125,-68536124.0,0.0006531923238330961,0.008712186382865639,0.008058994059032543,0.008712186382865639,0.021176468295605783,-0.1853997682502847,-0.0025015634771731556,0.38901084192264956,0.0
616,0.12331703647987916,0.12183406113537068,0.12710133542812266,0.1412757973733573,1746928.0,0.1,0.1497498436522827,0.6629835061711175,0.5217077087977602,0.19276701019022002,0.47947662811514985,83.66103056878151,-0.2867096179249298,-0.2618324018687358,0.6629835061711175,1.4522076482075947,-0.12624063586535983,-66789196.0,-0.005267274292751978,0.010060873198588283,0.004793598905836305,0.010060873198588283,0.02104026144143119,-0.1567749160134403,-0.002188868042526604,0.39461207101823864,0.0
617,0.1383602858217369,0.15094614264919884,0.13809897879025926,0.1555347091932461,1755521.0,0.1,0.1486241400875548,0.6436718432472168,0.48813713405397074,0.18703896388299326,0.4662545089754803,79.59823021438159,-0.279215545092487,-0.2653090305134861,0.6436718432472168,1.43631846930271,-0.14897478280827636,-65033675.0,0.012847163858939581,0.009670345275841541,0.00317681858309804,0.012847163858939581,0.02066720232364923,-0.0799112097669189,-0.0011257035647278535,0.3963233130277466,0.0
618,0.16054907860097636,0.14876273653566266,0.16637863315004112,0.16604127579737274,1759391.0,0.1,0.14821763602251412,0.626106237076511,0.4600649612791383,0.18380855033135932,0.4540009076212718,76.15119793737165,-0.27019235728991253,-0.2662856958687714,0.626106237076511,1.4230209609511857,-0.17080848679816363,-63274284.0,-0.017615896614378457,0.006771972657583447,0.01084392395679501,0.01084392395679501,0.020062778543317023,-0.028540065861695663,-0.0004065040650407248,0.39845736193733733,0.0
619,0.16017299736743099,0.1458515283842793,0.15459544383346505,0.15778611632270093,1763231.0,0.1,0.14715447154471537,0.6084370291607321,0.45065091283803116,0.17980509894541188,0.44191050797643217,72.99325646213344,-0.2621054090310203,-0.26544963850122116,0.6084370291607321,1.4085538980659436,-0.19167983974447944,-65037515.0,-0.008743915449185735,0.02018974741309343,0.011445831963907693,0.02018974741309343,0.020080825667019592,-0.07480748074808341,-0.0010631644777987503,0.40005843445260575,0.0
620,0.14701015419330546,0.15021834061135345,0.1612725844461899,0.17054409005628593,1768506.0,0.1,0.1471232020012507,0.5931078282652051,0.42256373820891924,0.1783803283470848,0.4308343276531609,70.51701130458191,-0.25245399930607604,-0.2628505106621921,0.5931078282652051,1.3980880011394947,-0.21187234460908433,-63269009.0,-0.011054243834836441,0.00756777571134748,0.0034864681234889616,0.00756777571134748,0.019078311359041294,-0.0021953896816656604,-3.126954346462559e-05,0.40249008643714473,0.0
621,0.16807070327190524,0.16404657933042124,0.1769835035349562,0.18405253283302017,1786344.0,0.1,0.14790494058786727,0.5794504617218375,0.3953979288888173,0.17925297519107486,0.42076160133397145,68.49016902713929,-0.2415086261428966,-0.25858213375833305,0.5794504617218375,1.389574190791968,-0.2306732673482932,-61482665.0,-0.01293692420453496,0.006497510725864686,0.006439413478670275,0.006497510725864686,0.017645192224356638,0.05370569280342963,0.000781738586616528,0.4050618645350653,0.0
622,0.1767205716434738,0.17059679767103333,0.1899450117831897,0.18630393996247677,1796071.0,0.1,0.1482801751094432,0.5667289491654394,0.3804250092029626,0.18033773900205977,0.41119190086982876,66.80240622488309,-0.230854161867769,-0.25303653938022025,0.5667289491654394,1.3820621239602773,-0.24860422562939855,-59686594.0,-0.01934821411215637,0.013455735161986837,0.005892478950169533,0.013455735161986837,0.01791922904737901,0.02476780185758276,0.00037523452157595116,0.40766658739741896,0.0
623,0.17935314027829855,0.16914119359534255,0.1926944226237243,0.17879924953095597,1802245.0,0.1,0.15028142589118176,0.5506827810871956,0.37188353155623965,0.18010104831419765,0.40170648652946656,64.42982842256333,-0.2216054382152689,-0.24675031914723,0.5506827810871956,1.3655976704010988,-0.2642321082267075,-61488839.0,-0.02355322902838175,0.01716274636713422,0.006390482661247532,0.01716274636713422,0.016558620452506112,0.15515151515151304,0.002001250781738554,0.40745744465695155,0.0
624,0.17897705904475317,0.18224163027656495,0.19505106048703916,0.19230769230769199,1824062.0,0.1,0.15797373358348943,0.5369694612196086,0.3446617689119167,0.18197899354396602,0.3931595969693941,62.03812125295261,-0.2111806034254281,-0.23963637600286963,0.5369694612196086,1.3534226745764546,-0.2794837521372373,-59664777.0,-0.012809430210474204,0.003442380745608986,0.01625181095608319,0.01625181095608319,0.013347584686338601,0.9230769230769198,0.007692307692307665,0.408226606678423,0.0
625,0.19176382098533154,0.18733624454148448,0.20683424980361345,0.1953095684802996,1845588.0,0.1,0.1643839899937458,0.5253245155957711,0.3300149471154715,0.18402985122647886,0.3850840856024923,59.9612637909499,-0.20105423437601344,-0.2319199476774984,0.5253245155957711,1.345054906374927,-0.2944058751833849,-57819189.0,-0.01949800526212897,0.004971447766207504,0.014526557495921466,0.014526557495921466,0.01304187689882023,0.6497622820919171,0.0064102564102563875,0.409865195389578,0.0
626,0.19890936442271503,0.18187772925764137,0.1926944226237243,0.18180112570356535,1859798.0,0.1,0.17013758599124432,0.5146517910537638,0.33285066535019847,0.18368697037679987,0.3767868219331483,57.79258568934435,-0.1930998515563484,-0.22415592845326843,0.5146517910537638,1.3387341993560509,-0.3094306172485233,-59678987.0,-0.01081669336608293,0.013431839222658226,0.002615145856575296,0.013431839222658226,0.01262898920427317,0.6123128119800425,0.00575359599749851,0.41204120415114354,0.0
627,0.1767205716434738,0.16914119359534255,0.1926944226237243,0.18367729831144466,1869883.0,0.1,0.17445278298936814,0.5053401811580822,0.3216628828466376,0.18368548236674523,0.3689048005608338,55.79474630575266,-0.18521931819408857,-0.21636860640143246,0.5053401811580822,1.334156001441864,-0.32347563912569965,-57809104.0,-0.02355322902838175,0.012659932108222804,0.010893296920158946,0.012659932108222804,0.0129579680147196,0.39260312944523235,0.004315196998123809,0.41440791014189093,0.0
628,0.1767205716434738,0.1727802037845713,0.1926944226237243,0.18780487804878057,1879754.0,0.1,0.17833020637898675,0.49561310371772355,0.30780822566894295,0.1843192355485968,0.3615129669889133,53.89559375958066,-0.17719373144031647,-0.20853363140920927,0.49561310371772355,1.3282184186220423,-0.3369922111865952,-55929350.0,-0.01991421883915301,0.010897094526873374,0.009017124312279634,0.010897094526873374,0.013027653125410025,0.329349269588324,0.003877423389618606,0.4163026574521594,0.0
629,0.18424219631440267,0.1720524017467259,0.1915161036920651,0.18367729831144466,1887145.0,0.1,0.1806754221388366,0.48258614006565975,0.29890884175421506,0.18422047597365032,0.35425436826738393,51.67606719919658,-0.1700338922937336,-0.20083368358611414,0.48258614006565975,1.3147295486003545,-0.34955726846903495,-57816495.0,-0.019463701945339196,0.015752476302054674,0.0037112256432845214,0.015752476302054674,0.013269762495669616,0.18094089264173463,0.00234521575984988,0.41607170426734735,1.0
630,0.18048138397893823,0.180058224163027,0.19662215239591455,0.1975609756097562,1898249.0,0.1,0.18330206378986857,0.46841242406701183,0.2708514484572556,0.18627286053305123,0.3478587195874807,49.356551627598115,-0.1615858590544295,-0.19298411867977722,0.46841242406701183,1.2962144385319763,-0.35938959039795265,-55918246.0,-0.016563928232887548,0.003619074148417667,0.012944854084469881,0.012944854084469881,0.013444840006309189,0.18983050847458127,0.0026266416510319543,0.41390100723248224,1.0
631,0.19815720195562073,0.1862445414847155,0.20329929300864116,0.1908067542213864,1914523.0,0.1,0.18605378361475902,0.451590701176748,0.26078394695536156,0.18697038263894894,0.3414484352868238,46.32850512339395,-0.15447805264787484,-0.18528290547339676,0.451590701176748,1.268148870279634,-0.36496746792613804,-57832769.0,-0.01705475152392566,0.011316434125040686,0.005738317398884973,0.011316434125040686,0.012705397232304794,0.2092746730083168,0.0027517198248904564,0.408279084551443,1.0
632,0.18687476494922742,0.1731441048034931,0.1926944226237243,0.18630393996247677,1922755.0,0.1,0.1873671044402749,0.43292006389387283,0.24661612393139606,0.18686785299641476,0.33511600690623816,42.747119159144766,-0.1482481539098234,-0.1778759551606821,0.43292006389387283,1.2313291248932245,-0.3654889971054789,-59755524.0,-0.0195503178202312,0.017662649417893306,0.0018876684023378942,0.017662649417893306,0.01354663670785028,0.09240924092408886,0.001313320825515903,0.39920453049967586,1.0
633,0.17897705904475317,0.18151382823871956,0.1926944226237243,0.18930581613508438,1952722.0,0.1,0.1878048780487803,0.4151097410443895,0.22580392490930515,0.1872429242485178,0.32916457054823184,39.07802774751359,-0.14192164629971404,-0.1706850933884885,0.4151097410443895,1.1957574404047762,-0.36553795831599717,-57802802.0,-0.011180594385004738,0.004790111723757207,0.006390482661247532,0.006390482661247532,0.013537717702465516,0.02854230377166389,0.00043777360850535035,0.39032384968019335,1.0
634,0.19176382098533154,0.20189228529839945,0.20054988216810657,0.22382739212007544,1976443.0,0.1,0.19093183239524683,0.39685614504689104,0.1730287529268156,0.19287130392106513,0.32486509387769485,35.30101193685606,-0.13199378995662972,-0.16294683270211674,0.39685614504689104,1.152661941782794,-0.35894965168901183,-55826359.0,0.0013424031302928796,0.012586469163315073,0.011244066033022193,0.012586469163315073,0.01346527886924287,0.2014098690835857,0.003126954346466556,0.37790289836795143,1.0
635,0.21808950733358437,0.2455604075691408,0.22608012568735383,0.2538461538461533,2054083.0,0.1,0.19718574108817996,0.3801168895904583,0.12627073574430503,0.20225205006338637,0.3219663616315095,31.867259218480456,-0.11971431156812312,-0.15430032847531802,0.3801168895904583,1.1113574033291576,-0.35112362414824083,-53772276.0,0.019480281881786965,0.021733015449065363,0.0022527335672783977,0.021733015449065363,0.013846134626070464,0.4197271773347362,0.006253908692933109,0.36562025686934957,1.0
636,0.25532154945468155,0.25283842794759825,0.25828750981932413,0.24146341463414558,2109390.0,0.1,0.2012820512820511,0.3628917245871672,0.12142830995302159,0.20828456768965703,0.31868052706018846,28.55645582577425,-0.11039595937053143,-0.14551945465436072,0.3628917245871672,1.0663361643340359,-0.3405527151597015,-55881666.0,-0.00544908187172588,0.001007725898555023,0.004441355973170857,0.004441355973170857,0.012861930044161104,0.2556097560975592,0.004096310193871133,0.3517222198734343,1.0
637,0.2376457314779973,0.22882096069868965,0.23354281225451815,0.23733583489680968,2137753.0,0.1,0.20478424015009355,0.3469709768003255,0.10963514190351584,0.21275399341383436,0.31536033554331583,25.433091832697414,-0.10260634212948147,-0.13693683214938487,0.3469709768003255,1.025519935150606,-0.331577981549955,-58019419.0,-0.0047218515558284935,0.012642453935455933,0.00792060237962744,0.012642453935455933,0.012704921414122309,0.21517771373679095,0.003502188868042507,0.33927447917514025,1.0
638,0.22937194433997768,0.22372634643377012,0.22765121759622922,0.2429643527204494,2163956.0,0.1,0.20988117573483392,0.3315321871027163,0.08856783438226692,0.21740174099946744,0.3124053974689131,22.970714134934056,-0.09500365646944567,-0.12855019701339704,0.3315321871027163,0.9840933567597463,-0.3210289825543137,-55855463.0,-0.003924871162459098,0.013609488463039554,0.009684617300580456,0.013609488463039554,0.01271972551748742,0.3364293085655219,0.005096935584740336,0.326280584828515,1.0
639,0.24027830011282383,0.2448326055312954,0.24532600157109244,0.2478424015009381,2205337.0,0.1,0.21522826766729172,0.3182920329034971,0.07044963140255903,0.22208491953815523,0.30977017314368965,20.890018798425288,-0.08768525360553442,-0.12037720833182451,0.3182920329034971,0.9505886699086357,-0.3140046041016415,-53650126.0,-0.0004933960397970338,0.0018682528108460161,0.00236164885064305,0.00236164885064305,0.01186153524602244,0.3493360572012256,0.0053470919324577855,0.3161483185025693,1.0
640,0.25193681835276427,0.25283842794759825,0.26221523959151616,0.2688555347091931,2263027.0,0.1,0.22198248905565943,0.30371175296923836,0.03485621826004526,0.22928039879523798,0.3081001879014653,18.662326678721897,-0.07881978910622733,-0.11206572448670508,0.30371175296923836,0.9063186006309112,-0.29889509469243447,-51387099.0,-0.009376811643917904,0.004996026446660168,0.014372838090578072,0.014372838090578072,0.012151180542997832,0.43156843156843006,0.006754221388367711,0.3013034238308364,1.0
641,0.2632192553591576,0.2815866084425046,0.28303220738413193,0.2838649155722329,2333012.0,0.1,0.23033145716072512,0.2908573705119311,0.006992454939698189,0.2376780167609295,0.307110993112517,16.553519497831616,-0.06943297635158749,-0.10353917485968156,0.2908573705119311,0.8671769287747528,-0.28546218775089066,-49054087.0,-0.001445598941627324,0.012731073733311504,0.014176672674938828,0.014176672674938828,0.012019863574071511,0.545454545454547,0.008348968105065689,0.2881597791314109,1.0
642,0.4023693117713417,0.46390101892285285,0.37258444619010367,0.45834896810506576,223164.0,0.24285714285714285,0.25206378986866756,0.28029325118406884,-0.17805571692099692,0.2716273938907966,0.3132839716836414,14.387959655244885,-0.04165657779284482,-0.09116265544631422,0.28029325118406884,0.8237532124401241,-0.2631667100719864,-48830923.0,0.09131657273274918,0.18003610335061992,0.08871953061787075,0.18003610335061992,0.025944134346250685,1.3200379867046528,0.021732332707942465,0.2717299806280276,1.0
643,0.4625423091387727,0.5002911208151385,0.4287509819324423,0.524015009380863,374603.0,0.3857142857142857,0.2798311444652906,0.2694788301085333,-0.2545361792723297,0.31045625781234526,0.321885238528426,11.762022735524226,-0.011428980716080728,-0.07521592050026751,0.2694788301085333,0.7698828398716842,-0.23092517965461762,-48456320.0,0.07154013888269617,0.04194215271007273,0.029597986172623436,0.07154013888269617,0.030962776409388642,1.7463126843658099,0.02776735459662305,0.25020200488157546,1.0
644,0.5298608499435872,0.7186317321688488,0.5312647289866458,0.7416510318949342,581409.0,0.5285714285714286,0.3261100687929954,0.262446304651567,-0.4792047272433672,0.3767939153635128,0.33901853621685485,9.210166386042644,0.03777537914665796,-0.05261766057088242,0.262446304651567,0.7243713695296139,-0.19947876022647992,-47874911.0,0.187367003182203,0.1946167227879858,0.007249719605782801,0.1946167227879858,0.045708949190229685,2.980866062437054,0.046278924327704786,0.23096253243902345,1.0
645,0.7333207972922139,0.7986899563318776,0.7268656716417915,0.7150093808630394,857092.0,0.6714285714285714,0.36991869918699166,0.2557249008885476,-0.45928447997449184,0.42882706390190156,0.3543651013044542,6.420133819263171,0.07446196259744736,-0.027201735937216465,0.2557249008885476,0.6793745031970695,-0.16792470141997434,-48732003.0,0.07182428469008606,0.05703892443694336,0.014785360253142699,0.07182428469008606,0.05116176602596623,2.7770069375619437,0.04380863039399626,0.21182480115426097,1.0
646,0.7163971417826239,0.7149927219796218,0.6487038491751761,0.7517823639774853,1048362.0,0.8142857142857142,0.4139149468417758,0.2495188715458101,-0.5022634924316752,0.4785124946827606,0.3705862140666187,3.6313826123955835,0.1079262806161419,-0.00017613262654479073,0.2495188715458101,0.6324249754182742,-0.13338723232665411,-47683641.0,0.06628887280444573,1.6658883417619563e-05,0.06630553168786335,0.06630553168786335,0.05563835456967858,2.358759430008374,0.04399624765478416,0.1914530519362321,1.0
647,0.7513726965024453,0.8889374090247454,0.7720345640219953,0.8917448405253271,1316290.0,0.9571428571428571,0.4670731707317069,0.24611475922451512,-0.645630081300812,0.5420867017354631,0.39185799473840266,0.6837800970291852,0.15022870699706048,0.029904835298176266,0.24611475922451512,0.6016927681215273,-0.10946324967249707,-46367351.0,0.11690284500275006,0.13715504504726006,0.020252200044510005,0.13715504504726006,0.06525685703619481,2.5129342202512963,0.053158223889931154,0.1777890044485061,1.0
648,0.886761940579165,1.0104803493449777,0.8454831107619792,0.9667917448405244,1651835.0,0.24285714285714285,0.5275171982489052,0.2625859912445276,-0.7042057535959969,0.6074259391362418,0.41532467841604026,3.799788496822231,0.1921012607202015,0.06234412038258132,0.2625859912445276,0.6738198023232829,-0.1486478198342277,-44715516.0,0.16499723858299842,0.11873550881965056,0.04626172976334786,0.16499723858299842,0.07863651392034711,3.0038850038850127,0.06044402751719824,0.20561690553937764,1.0
649,0.9589695374200818,1.046142649199418,1.0096622152395924,1.027579737335833,2016215.0,0.3857142857142857,0.5933708567854904,0.2804487179487177,-0.7471310193871155,0.672064985013102,0.4403146808209298,7.077136860206792,0.23175030419217219,0.0962253571444995,0.2804487179487177,0.7461615748731012,-0.1852641389756658,-42699301.0,0.036480433959825476,0.07935090435889347,0.042870470399067995,0.07935090435889347,0.08419555145563357,3.329644268774711,0.06585365853658529,0.23285642846219173,0.0
650,1.031929296728093,1.1,1.0489395129615091,1.099249530956849,2358746.0,0.5285714285714286,0.6647279549718571,0.29979674796747946,-0.7994527829893696,0.737785684389063,0.46720998082647747,10.431593694163567,0.27057570356258553,0.13109542642811672,0.29979674796747946,0.8207473184475584,-0.22115382251259952,-40340555.0,0.051060487038490976,0.07242026266416701,0.021359775625676036,0.07242026266416701,0.08909644930572752,3.524324324324345,0.07135709818636664,0.2604752852400395,-1.0
651,1.1,1.0799854439592438,1.0489395129615091,1.0418386491557219,2598880.0,0.6714285714285714,0.730894308943089,0.31812851782363955,-0.7237101313320824,0.7845630635839336,0.49066421218685474,13.21496582601803,0.29389885139707883,0.16365611142190917,0.31812851782363955,0.8796091178004513,-0.2433520821531721,-42939435.0,0.031045930997734672,0.01926408699760529,0.05031001799533996,0.05031001799533996,0.09309214673445226,3.203633610900831,0.06616635397123198,0.28074029998840583,0.0
652,1.0368183527641954,0.9951965065502172,1.0053417124901824,1.009943714821763,2768810.0,0.8142857142857142,0.7926516572858032,0.335678549093183,-0.6742651657285799,0.819237009928215,0.511859293927055,15.882483533532806,0.30737771600116004,0.19240043233775936,0.335678549093183,0.9296524229327323,-0.25829532474636635,-45708245.0,-0.010145205939965263,0.0466421426055047,0.03649693666553944,0.0466421426055047,0.09578125544402948,2.756454989532449,0.06175734834271415,0.2969869369197747,0.0
653,1.0078600977811196,1.0374090247452679,1.0489395129615091,1.0339587242026274,2891240.0,0.9571428571428571,0.8551594746716695,0.35369762351469647,-0.6802611006879309,0.8522711198165862,0.5331694747546294,18.2819097568279,0.3191016450619568,0.21774067488259885,0.35369762351469647,0.9786879166994802,-0.27129266967008725,-42817005.0,-0.011530488216241253,0.027465309923504932,0.038995798139746185,0.038995798139746185,0.09784951589943008,2.6424322538003957,0.06250781738586621,0.31249514659239186,0.0
654,1.0323053779616385,1.0272197962154288,1.0732914375490972,1.0407129455909936,2998737.0,1.1,0.9036898061288302,0.3718183239524701,-0.6688946216385234,0.8812621699357258,0.5538855347887667,20.75911466637055,0.32737663514695914,0.23966786693547093,0.3718183239524701,1.0249627352634763,-0.2813260873585361,-39818268.0,-0.04607164133366837,0.006738927987198551,0.039332713346469816,0.039332713346469816,0.08612423339908425,1.2705689725747011,0.04853033145716065,0.3265722056555031,0.0
655,1.0402030838661145,0.9984716157205241,1.0179104477611944,0.9900562851782361,3093345.0,1.1,0.9425265791119446,0.38889149468417733,-0.6011647904940587,0.8979997261268813,0.5716884225597654,22.943420258349562,0.3263113035671159,0.25699655426179996,0.38889149468417733,1.0630489513006358,-0.2852659619322811,-42911613.0,-0.019438832040670317,0.04224132987046947,0.02280249782979915,0.04224132987046947,0.08368266598139869,0.889366272824919,0.03883677298311442,0.3370787283082292,0.0
656,0.988679954870252,0.956986899563319,1.004556166535743,0.9660412757973734,3197484.0,1.1,0.9612257661038144,0.40545653533458387,-0.5605847404627895,0.9084676568454186,0.5877844573857902,25.006702324253098,0.3206831994596284,0.26973388330136566,0.40545653533458387,1.0965953440741667,-0.2856822734049989,-46109097.0,-0.04756926697242403,0.033069385614917124,0.014499881357506905,0.033069385614917124,0.07022038788364297,0.30255502150265645,0.018699186991869936,0.3455694043697914,0.0
657,0.9664911620910107,0.9271470160116454,0.9318931657501967,0.9532833020637902,3307152.0,1.1,0.9810819262038771,0.4216776110068791,-0.5316056910569111,0.9153623714943988,0.602702777576729,26.963172682924807,0.31265959391766984,0.2783190254246265,0.4216776110068791,1.127090036989826,-0.28373481497606784,-49416249.0,-0.004746149738551253,0.038894259785728025,0.03414811004717677,0.038894259785728025,0.06747621914161313,0.3332458672264502,0.019856160100062564,0.3527062129914735,1.0
658,0.9525761564497927,0.9733624454148465,0.9951296150824834,1.005816135084427,3402103.0,1.1,1.0022514071294555,0.4388445903689804,-0.5669715447154466,0.9292783351236339,0.6191563840056146,28.980924290315826,0.3101219511180193,0.28467961056330504,0.4388445903689804,1.1603329960522561,-0.2826438153142954,-46014146.0,-0.02176716966763692,0.020079143351056317,0.04184631301869324,0.04184631301869324,0.0654379509191823,0.33790865984527096,0.021169480925578476,0.3607442028416379,0.0
659,1.0157578036855957,1.0119359534206684,1.03479968578162,0.9833020637898681,3523845.0,1.1,1.009881175734834,0.4561053783614757,-0.5271966854283924,0.9375896779953623,0.6340194729764004,30.982469067714845,0.3035702050189619,0.28845772945443643,0.4561053783614757,1.18937857883949,-0.27716782211653856,-49537991.0,-0.022863732360951516,0.006119818336241423,0.02898355069719294,0.02898355069719294,0.056423659723343365,0.10267199663370596,0.0076297686053784135,0.3666366002390071,1.0
660,0.9837908988341478,0.942430858806404,0.9629222309505113,0.969043151969981,3614375.0,0.1,1.010068792995622,0.47421044402751694,-0.4948327079424641,0.9424286739914576,0.6476939088536894,33.03131544580668,0.2947347651377682,0.2897131365911028,0.47421044402751694,1.2144469029478284,-0.2660260148927945,-53152366.0,-0.020491372144107345,0.04087120498346408,0.020379832839356737,0.04087120498346408,0.046079823590048835,0.00232874053949228,0.0001876172607880496,0.3701182294601557,1.0
661,0.9694998119593826,0.9333333333333321,0.9947368421052637,0.9517823639774846,3652078.0,0.1,1.0037523452157595,0.4915728580362724,-0.46020950594121224,0.9438677032200771,0.6601056825322116,35.01337987162107,0.2837620206878655,0.28852291341045533,0.4915728580362724,1.2367934974760622,-0.2536477814035174,-56804444.0,-0.06140350877193157,0.035709818636648905,0.025693690135282665,0.035709818636648905,0.042443066446528455,-0.07376300894650323,-0.006316447779862372,0.3726103197198949,1.0
662,0.9522000752162455,0.9573508005822408,0.993951296150826,0.9442776735459656,3688210.0,0.1,0.9908380237648527,0.508896185115697,-0.4353814884302686,0.9439307755779061,0.6717045393082832,36.98224471021813,0.27222623626962283,0.28526357798228885,0.508896185115697,1.2567978405397748,-0.23900547030838093,-60492654.0,-0.036600495568585245,0.005568436604756144,0.04216893217334139,0.04216893217334139,0.039922122238959655,-0.1409796893667875,-0.012914321450906957,0.37395082771203897,1.0
663,0.9473110191801432,0.9151382823871902,0.9782403770620579,0.9577861163227016,3720677.0,0.1,0.9838336460287677,0.5261022514071292,-0.4316838649155724,0.9460623664617208,0.6833813383700962,39.23630183833289,0.26268102809162464,0.28074706800415605,0.5261022514071292,1.2765690735865896,-0.2243645707723313,-56771977.0,-0.06310209467486771,0.029139391158775396,0.03396270351609232,0.03396270351609232,0.03855984603235568,-0.08067711147127643,-0.007004377736085023,0.37523341108973024,1.0
664,0.9570891312523496,0.9286026200873344,0.9782403770620579,0.9581613508442771,3747534.0,0.1,0.9795184490306439,0.5431207004377733,-0.41504065040650384,0.9479237486744219,0.694596849083328,41.60477267779924,0.2533268995910939,0.27526303432154364,0.5431207004377733,1.2949857201272792,-0.20874431925173265,-53024443.0,-0.0496377569747235,0.0291834962353672,0.0204542607393563,0.0291834962353672,0.03710495883484422,-0.05127252461452714,-0.004315196998123817,0.37593250984475296,1.0
665,0.9529522376833398,0.9158660844250356,0.9794186959937171,0.9592870544090054,3782653.0,0.1,0.9732958098811753,0.5598655409631016,-0.3994215134459038,0.9496719495566655,0.7054005309333556,44.10899932939585,0.2442714186233098,0.2690647111818969,0.5598655409631016,1.3122687641602677,-0.19253768223406453,-49241790.0,-0.06355261156868153,0.04229526641924153,0.02125734514944,0.04229526641924153,0.03737991452480217,-0.07221919796770182,-0.006222639149468495,0.37620161159858306,1.0
666,0.9518239939826983,0.9202328966521097,0.9880597014925371,0.9641651031894941,3817958.0,0.1,0.9669168230143836,0.5764931207004375,-0.38767198248905665,0.9519016655001775,0.7159623502091164,46.50793758199162,0.23593931529106116,0.2624396320037298,0.5764931207004375,1.3286185848473155,-0.17563234344644052,-45423832.0,-0.06782680484042736,0.03905415775689569,0.028772647083531666,0.03905415775689569,0.03735670155900433,-0.07355327203893858,-0.006378986866791623,0.376062732073439,1.0
667,0.9623542685220009,0.9653566229985436,1.0131971720345647,0.9904315196998134,3868824.0,0.1,0.9669480925578484,0.5938398999374607,-0.3965916197623527,0.9578293353770446,0.7271651734536346,48.97210179177149,0.23066416192341,0.25608453798766584,0.5938398999374607,1.3449228125500925,-0.15724301267517105,-41555008.0,-0.047840549036021085,0.0011915198090495238,0.04903206884507061,0.04903206884507061,0.03792259647355442,0.0003790032215287287,3.126954346477362e-05,0.37554145630631586,1.0
668,0.9875517111696123,1.0097525473071323,1.0300864100549885,1.0568480300187617,3939185.0,0.1,0.9745153220762975,0.6123045653533455,-0.44454346466541617,0.9730629807065396,0.7406216165787418,51.345849553915436,0.2324413641277978,0.25135590321569223,0.6123045653533455,1.364453656174407,-0.13984452546771597,-37615823.0,-0.020333862747856202,0.019321027607318908,0.03965489035517511,0.03965489035517511,0.03847138853524259,0.09399883472518922,0.007567229518449024,0.37607454541053076,0.0
669,1.0582549830763441,1.0661572052401742,1.1,1.1,4198150.0,0.1,0.9867417135709816,0.6313868042526577,-0.4686131957473424,0.9925917529055335,0.7552901220245074,53.61367816515086,0.23730163088102607,0.24854504874875902,0.6313868042526577,1.3856245171843669,-0.12285090867905157,-33417673.0,-0.03384279475982588,0.009309175221412502,0.04315196998123838,0.04315196998123838,0.03882619771820178,0.15390671127730737,0.012226391494684158,0.37711885646585463,-1.0
670,1.0984956750658132,1.060698689956331,1.0728986645718774,1.0568480300187617,4302956.0,0.1,0.9909943714821762,0.6495231394621636,-0.40732489055659815,1.0024773339998763,0.7675986080650892,55.717652577895734,0.2348787259347871,0.24581178418596467,0.6495231394621636,1.4019040818222455,-0.10285780289791846,-37720629.0,-0.012199974615546338,0.03930131004366899,0.027101335428122653,0.03930131004366899,0.03861411413694976,0.05073680283529258,0.004252657911194557,0.376190471180041,0.0
671,1.0559984956750665,1.0090247452692869,1.0583660644147685,1.012570356472795,4359875.0,0.1,0.9934333958724201,0.6668933708567852,-0.3456769856160098,1.0040301066880177,0.777597454938873,58.01069339838597,0.22643265174914473,0.2419359576986007,0.6668933708567852,1.4133542531131429,-0.07956751139957252,-42080504.0,-0.04934131914548168,0.04782328474947484,0.0015180343960068399,0.04782328474947484,0.04018409197463992,0.029765311963365848,0.0024390243902439137,0.3732304411281789,0.0
672,0.16475485661424685,0.12341389728096744,0.1,0.1,4407022.0,0.1,0.9210131332082551,0.6649702939337083,0.5649702939337083,0.8649485518129381,0.7499404159617762,58.969216337293204,0.11500813585116187,0.21655039332911297,0.6649702939337083,1.4168815740967005,-0.08694098622928392,-46487526.0,0.023413897280967433,0.8891564591918276,0.912570356472795,0.912570356472795,0.11282568793208418,-0.8968054211035817,-0.07242026266416508,0.3759556400814961,1.0
673,0.1083256244218326,0.1,0.10530222693531358,0.10562324273664317,4436777.0,0.1,0.8504998731048516,0.6631018288140488,0.5574785860774056,0.7481292734935081,0.723641755830138,59.7883806607396,0.024487517663370095,0.1781378181959644,0.6631018288140488,1.420208560456499,-0.09400490282840135,-42050749.0,-0.00530222693531357,0.0,0.00530222693531357,0.00530222693531357,0.1102917219569729,-0.8890258458927047,-0.07051326010340346,0.37855336582122506,1.0
674,0.1,0.23897280966767412,0.12332979851537687,0.23870665417056927,4508295.0,0.1,0.7917022881569019,0.6642873606571115,0.4255807064865422,0.6697565628284405,0.7038484863746454,60.77611545279199,-0.03409192354620483,0.13569186984753057,0.6642873606571115,1.418487967219558,-0.08991324590533512,-37542454.0,0.11564301115229725,0.13334956693103095,0.0177065557787337,0.13334956693103095,0.11789010818678036,-0.7472071395332536,-0.0587975849479497,0.3771003032812233,0.0
675,0.26003700277520847,0.2238670694864048,0.23573700954401247,0.23776944704779482,4547544.0,0.1,0.7317008990506596,0.665414280422452,0.4276448333746572,0.603297006554495,0.6848248521164065,61.665371407595224,-0.0815278455619115,0.09224792676564215,0.665414280422452,1.416837812389375,-0.08600925154447114,-42089998.0,-0.011869940057607664,0.014839584684164464,0.0029696446265568,0.014839584684164464,0.11629651495078637,-0.7517509984789918,-0.06000138910624223,0.37571176598346157,0.0
676,0.2202590194264559,0.22235649546828143,0.24846235418875864,0.21996251171508377,4586770.0,0.1,0.6701843291232269,0.6660842311238333,0.44612171940874956,0.5443224688868933,0.6658508790388015,62.58924013584184,-0.12152841015190818,0.049492659382132084,0.6660842311238333,1.4158236783251783,-0.08365521607751158,-46676768.0,-0.026105858720477215,0.01541295157951339,0.010692907140963825,0.01541295157951339,0.11514896956279856,-0.7704327026744866,-0.06151656992743278,0.37486972360067244,0.0
677,0.21285846438483205,0.18534743202417162,0.12120890774125073,0.10937207122774098,4631162.0,0.1,0.5993580805247881,0.6645362055595895,0.5551641343318485,0.47740702309317756,0.6431374583118193,63.66869968804851,-0.16573043521864178,0.006448040461977313,0.6645362055595895,1.418638772564197,-0.08956636144501795,-51307930.0,0.06413852428292088,0.034615079690912154,0.09875360397383304,0.09875360397383304,0.11985383102568119,-0.8859860865159672,-0.07082624859843871,0.3770512835023037,1.0
678,0.13422756706753206,0.155135951661633,0.14241781548250146,0.20121836925960182,4653348.0,0.1,0.5357791860306305,0.6646124012606279,0.46339403200102613,0.43491646096493514,0.6250999444729533,65.0581484488794,-0.19018348350801811,-0.032878264332021775,0.6646124012606279,1.4185229316335208,-0.08929812911226498,-46654582.0,0.012718136179131534,0.04576388043389201,0.03304574425476048,0.04576388043389201,0.12041297458209754,-0.7913029951053363,-0.0635788944941577,0.37695526518644645,0.0
679,0.19158186864014795,0.21631419939577015,0.21558854718981948,0.22089971883785822,4683902.0,0.1,0.4716515359588009,0.6652393380234711,0.44433961918561293,0.4019908083300002,0.608601976079684,66.81532179101006,-0.2066111677496838,-0.06762484501555419,0.6652393380234711,1.4175887401433744,-0.0871100640964323,-41970680.0,0.0007256522059506665,0.015095830136168331,0.014370177930217665,0.015095830136168331,0.11758495468968903,-0.7769661865115016,-0.06412765007182959,0.3761747010599517,0.0
680,0.24616096207215535,0.3296072507552864,0.26967126193000934,0.3314901593252081,4756022.0,0.1,0.41120504673433805,0.6682640509268613,0.33677389160165316,0.3911445546369553,0.5972912896815421,68.99057257831453,-0.2061467350445868,-0.09532922302136071,0.6682640509268613,1.4138849300553153,-0.07735682820159284,-37214658.0,0.059935988825277065,0.10870753191742819,0.04877154309215112,0.10870753191742819,0.12333934148654342,-0.6863407510734317,-0.0604464892244628,0.37281043956422705,0.0
681,0.3247918593894553,0.28806646525679935,0.3067868504772008,0.35398313027178785,4824231.0,0.1,0.34903697425698704,0.6716948283047094,0.31771169803292154,0.38542741242692957,0.5873603443995113,71.19647357647351,-0.20193293197258178,-0.11664996481160494,0.6716948283047094,1.409790414345892,-0.06640075773647314,-32390427.0,-0.018720385220401425,0.043423694068408736,0.02470330884800731,0.043423694068408736,0.1233619851604743,-0.6781971542983747,-0.06216807247735102,0.36904779302059126,0.0
682,0.34884366327474436,0.29864048338368787,0.3332979851537651,0.33055295220243364,4886167.0,0.1,0.2885123844389597,0.6739182774730917,0.3433653252706581,0.37698518777700707,0.5768784100241204,73.51076279596853,-0.19989322224711337,-0.13329861629870665,0.6739182774730917,1.407129233529093,-0.05929267858290954,-37276594.0,-0.034657501770077204,0.05534264688809998,0.020685145118022774,0.05534264688809998,0.12469876323084354,-0.6872275456703406,-0.06052458981802734,0.36660547802800064,0.0
683,0.31739130434782437,0.3288519637462265,0.3332979851537651,0.35023430178069004,4966079.0,0.1,0.23331771321461767,0.6759263638883947,0.3256920621077046,0.37286966685449674,0.5676276300958172,75.74526940364038,-0.19475796324132044,-0.14559048568722943,0.6759263638883947,1.4049535365885073,-0.05310080881171786,-32310515.0,-0.004446021407538581,0.001700988456207142,0.0027450329513314387,0.0027450329513314387,0.12094224224766492,-0.6541136133979844,-0.05519467122434208,0.36451358635005626,0.0
684,0.3414431082331205,0.37492447129909434,0.37571580063626653,0.3877225866916575,5082764.0,0.1,0.2572945954389224,0.6789734299729262,0.2912508432812687,0.3751547314448292,0.560284567099729,78.20572663453919,-0.18512983565489977,-0.1534983556807635,0.6789734299729262,1.4017785430104936,-0.043831683064641136,-27227751.0,-0.0007913293371721863,0.024690169518404304,0.02548149885557649,0.02548149885557649,0.047018170779563384,2.8772258669165747,0.02397688222430479,0.36140255651878367,0.0
685,0.3802960222016679,0.3447129909365557,0.4170731707317067,0.4336457357075879,5139620.0,0.1,0.28462980318650116,0.6830632195731506,0.24941748386556273,0.38415334748525365,0.5551156352061721,80.63830096003348,-0.17096228772091848,-0.1569911420887945,0.6830632195731506,1.3978370427694902,-0.03171060362318889,-22088131.0,-0.07236017979515097,0.04300959575510177,0.0293505840400492,0.04300959575510177,0.050160451514545734,3.1055900621118315,0.027335207747578732,0.35738691159816977,0.0
686,0.42469935245143586,0.3356495468277977,0.4297985153764564,0.4214620431115236,5178315.0,0.1,0.2998594189315807,0.6867819214562981,0.26531987834477455,0.3898931468123721,0.5496603865492476,83.0918165286955,-0.15976723973687557,-0.15754636161841074,0.6867819214562981,1.3940197849946867,-0.02045594208209045,-27266446.0,-0.09414896854865873,0.09799618887979022,0.0038472203311314956,0.09799618887979022,0.04721433667694234,0.7656065959952894,0.015229615745079526,0.3536189317691943,0.0
687,0.4348751156336753,0.3447129909365557,0.21664899257688433,0.23776944704779482,5280216.0,0.1,0.2998594189315807,0.6865720682385242,0.44880262119072944,0.36648950069474484,0.5369301441206169,85.15911131673236,-0.17044064342587206,-0.160125217979903,0.6865720682385242,1.394347762044002,-0.021203625566953432,-32546662.0,0.1280639983596714,0.07674905217496786,0.20481305053463925,0.20481305053463925,0.06304545883114858,0.0,0.0,0.35388784690273883,1.0
688,0.2452358926919537,0.2450151057401854,0.26967126193000934,0.2686972820993411,5335196.0,0.1,0.30392064979693545,0.6865687713091524,0.4178714892098113,0.3514445439877596,0.5259818640381158,87.59718892430239,-0.17453732005035616,-0.16300763839399363,0.6865687713091524,1.3943524152979254,-0.021214872679620522,-27211466.0,-0.024656156189823947,0.0072456586923905775,0.031901814882214524,0.031901814882214524,0.06441953077304033,0.22155943757990526,0.0040612308653547756,0.35389182199438646,1.0
689,0.2739130434782616,0.21404833836857975,0.2548250265111335,0.23776944704779482,5380868.0,0.1,0.31462043111527327,0.6856084490482265,0.4478390020004317,0.33395606753545737,0.5142180919160618,89.69243336187334,-0.18026202438060446,-0.1664585155913158,0.6856084490482265,1.3957453246906455,-0.02452842659419252,-32592334.0,-0.040776688142553724,0.05464894373076132,0.013872255588207594,0.05464894373076132,0.060744142419451023,1.1739502999142921,0.01069978131833782,0.3550684378212095,1.0
690,0.24431082331175205,0.2231117824773449,0.2717921527041355,0.2790065604498565,5415619.0,0.1,0.32110278038112783,0.681872148888743,0.40286558843888653,0.32550229721459567,0.5046176212439718,90.94112944337142,-0.17911532402937613,-0.1689898772789279,0.681872148888743,1.3987487748092473,-0.03500447703176113,-27176715.0,-0.04868037022679059,0.014657664570449924,0.03402270565634066,0.03402270565634066,0.05976571118798841,0.38658593386121853,0.006482349265854556,0.3584383129602521,1.0
691,0.2785383903792805,0.29033232628398975,0.32269353128313794,0.2874414245548266,5474428.0,0.1,0.3266479225242085,0.6769435325382007,0.38950210798337415,0.31964677834386196,0.49575328668523116,92.04578964808267,-0.1761065083413692,-0.17041320349141614,0.6769435325382007,1.4014658477555486,-0.04757878267914717,-21702287.0,-0.032361204999148185,0.01132576583413325,0.043686970833281435,0.043686970833281435,0.06214830624608117,0.30123037759867133,0.005545142143080696,0.36226115760867394,1.0
692,0.2868640148011131,0.21782477341389708,0.2930010604453862,0.25651358950327674,5494333.0,0.1,0.3203998750390476,0.6668365024883744,0.4103229129850977,0.309933980060695,0.4859884010859677,91.46543340757404,-0.1760544210252727,-0.17154144699818746,0.6668365024883744,1.4011405646455777,-0.06746755966882878,-27196620.0,-0.07517628703148913,0.06961665114092949,0.005559635890559633,0.06961665114092949,0.058890732848039605,-0.2261803788521386,-0.006248047485160946,0.3671520310786016,1.0
693,0.27576318223866847,0.35981873111782503,0.31208907741251435,0.37835051546391296,5572662.0,0.1,0.3224304904717247,0.6598227761258926,0.2814722606619796,0.3204596008919593,0.48159501799935317,91.41063414699019,-0.16113541710739387,-0.16946024102002877,0.6598227761258926,1.3986643743178166,-0.0790188220660315,-21623958.0,0.04772965370531068,0.10330514161454829,0.05557548790923761,0.10330514161454829,0.06388085347688456,0.06883770187979255,0.002030615432677093,0.36942079909596204,1.0
694,0.3793709528214627,0.501812688821753,0.443584305408271,0.530178069353321,5886124.0,0.1,0.33906591690096527,0.6552060199878892,0.12502795063456817,0.35272398065524574,0.48357799968727017,91.70935635905498,-0.13085401903202443,-0.1617389966224279,0.6552060199878892,1.394469555241539,-0.08405751526576044,-15737834.0,0.05822838341348202,0.12346217335784004,0.06523378994435802,0.12346217335784004,0.06955748068269624,0.6039126736603313,0.016635426429240614,0.3696317676268248,0.0
695,0.5162812210915803,0.4134441087613311,0.4191940615058328,0.41302717900655705,5972711.0,0.1,0.3442986566697876,0.6452327353729147,0.23220555636635765,0.3620013957862167,0.4806983743533635,90.48707986637643,-0.11869697856714678,-0.1531305930113717,0.6452327353729147,1.3843768546190116,-0.09391138387318221,-21710545.0,-0.005749952744501741,0.11673396059198993,0.11098400784748819,0.11673396059198993,0.07905655798608445,0.17928819909018134,0.005232739768822252,0.36957205962304845,0.0
696,0.4135985198889912,0.37719033232628474,0.4817603393425237,0.4626991565135853,6030549.0,0.1,0.3505467041549482,0.6347308064494369,0.17203164993585163,0.3774933589750426,0.47996371240071944,88.21367900923818,-0.10247035342567684,-0.1429985450942327,0.6347308064494369,1.3695226691342575,-0.10006105623538364,-15679996.0,-0.10457000701623897,0.035836846680272316,0.06873316033596666,0.06873316033596666,0.0826608631094503,0.19337684312302938,0.00624804748516065,0.3673959313424103,0.0
697,0.4774283071230364,0.45045317220543735,0.5453870625662759,0.5189315838800347,6128799.0,0.1,0.3576538581693187,0.6241339699191079,0.10520238603907317,0.39925308588350295,0.48155423776722206,85.825902096774,-0.08230115188371911,-0.13085906645213,0.6241339699191079,1.350403266633485,-0.10213532679526927,-9551197.0,-0.09493389036083855,0.01224598430814794,0.08268790605269061,0.08268790605269061,0.0859673889675827,0.19667170953101665,0.007107154014370565,0.36313464835718856,0.0
698,0.5125809435707701,0.4957703927492453,0.5570519618239643,0.5517338331771299,6201277.0,0.1,0.3685098406747859,0.6127273928820303,0.06099355970490039,0.4227116623902148,0.4844187110492591,83.16919107162583,-0.061707048659044306,-0.11702866289351287,0.6127273928820303,1.3255879788663711,-0.10013319310231061,-3349920.0,-0.061281569074719044,0.023161191130789405,0.03812037794392964,0.03812037794392964,0.08097773805626098,0.3090949521903563,0.01085598250546719,0.35643029299217044,0.0
699,0.5569842738205345,0.5546827794561956,0.578260869565215,0.6342080599812568,6354111.0,0.1,0.4015463917525745,0.6042350889408956,-0.02997297104036123,0.4552495697119136,0.4905325620260753,80.97200144201778,-0.03528299231416171,-0.10067952877764264,0.6042350889408956,1.305835887890927,-0.09736571000913585,3004191.0,-0.023578090109019456,0.002948946279065723,0.02652703638808518,0.02652703638808518,0.06612057021071481,1.6673236105636926,0.0330365510777885,0.35080039947501573,-1.0
700,0.6383903792784466,0.5395770392749263,0.6418875927889708,0.5517338331771299,6459112.0,0.1,0.42513277100905683,0.5946890497399657,0.04295521656283585,0.47009330255271614,0.49303057309346526,78.53321775792395,-0.022937270540749122,-0.08513107713026394,0.5946890497399657,1.2861350249853816,-0.09675692550545001,-3454921.0,-0.1023105535140445,0.09463102070633056,0.00767953280771394,0.09463102070633056,0.07134800402939116,1.0533658876874918,0.0235863792564824,0.34572298762270787,0.0
701,0.5606845513413518,0.5108761329305146,0.6450689289501582,0.5929709465791916,6510458.0,0.1,0.45473289597000655,0.5855018043728109,-0.00746914220638073,0.48899755547986623,0.49710977201125,76.04286487621309,-0.008112216531383776,-0.0697273050104879,0.5855018043728109,1.2647153482122382,-0.09371173946661648,3055537.0,-0.13419279601964362,0.04085770024661528,0.09333509577302834,0.09333509577302834,0.0745718500329134,1.4938904217580005,0.02960012496094973,0.33960677191971367,0.0
702,0.5801110083256255,0.4957703927492453,0.6726405090137838,0.6192127460168656,6538495.0,0.1,0.483083411433924,0.5767205502150166,-0.04249219580184904,0.5090306617163277,0.502093566868622,73.51391969925017,0.00693709484770566,-0.0543944250388492,0.5767205502150166,1.2426614230745376,-0.08922032264450441,9594032.0,-0.17687011626453852,0.0972005538299463,0.07966956243459222,0.0972005538299463,0.07983667071404721,1.219348337252276,0.028350515463917425,0.3329704364297605,0.0
703,0.6161887141535608,0.48670694864048725,0.5453870625662759,0.5142455482661624,6599959.0,0.1,0.5019837550765353,0.5668078265293482,0.052562278263185824,0.5098329519547639,0.502589566109338,70.75825052770264,0.0072433858454258315,-0.042066862861994195,0.5668078265293482,1.2216878875255341,-0.08807223446683765,2994073.0,-0.058680113925788646,0.13250579737637835,0.07382568345058971,0.13250579737637835,0.08723823959263861,0.789044669057696,0.018900343642611322,0.32744003049809295,1.0
704,0.5051803885291392,0.40135951661631564,0.460551431601273,0.431771321462039,6691156.0,0.1,0.5165885660730989,0.5556772024806955,0.12390588101865652,0.49782347034049845,0.4996990255114891,67.75199556450195,-0.0018755551709906393,-0.034028601323793484,0.5556772024806955,1.2009281687042446,-0.08957376374285353,-3697083.0,-0.05919191498495735,0.11288603164984679,0.053694116664889435,0.11288603164984679,0.09084402130171505,0.6832298136646031,0.014604810996563522,0.3226254831117745,1.0
705,0.43209990749306326,0.4202416918429023,0.4711558854718966,0.39803186504216936,6770123.0,0.1,0.5182286785379535,0.5441094642094116,0.14607759916724228,0.48247091567921707,0.4955493454923332,64.62900300259201,-0.013078429813116133,-0.029838567021658016,0.5441094642094116,1.180083299432494,-0.09186437101367062,-10467206.0,-0.0509141936289943,0.011529629619136728,0.03938456400985757,0.03938456400985757,0.08551730650132416,0.05201882586078721,0.0016401124648547,0.31798691761154113,1.0
706,0.4117483811285879,0.3258308157099691,0.21558854718981948,0.3717900656044989,6995219.0,0.1,0.5050296782255517,0.5309005877619132,0.15911052215741428,0.46544309259079886,0.4904979463132379,61.10452183267271,-0.02505485372243904,-0.02888182436181422,0.5309005877619132,1.1539051881668398,-0.09210401264301338,-17462425.0,0.1102422685201496,0.07220104933220028,0.18244331785234988,0.18244331785234988,0.09043240187586665,-0.2987449178009459,-0.013199000312401843,0.3115023002024633,1.0
707,0.375670675300649,0.43006042296072733,0.34284199363732737,0.4880037488284884,7092284.0,0.1,0.5112777257107127,0.5205818728668845,0.032578124038396106,0.46891396278121267,0.49039614233426854,57.910144582695864,-0.02148217955305587,-0.02740189540006255,0.5205818728668845,1.1292179695481575,-0.08805422381438843,-10370141.0,0.08721842932339996,0.05827035735622843,0.02894807196717153,0.08721842932339996,0.08797277427015082,0.18152938506921124,0.006248047485160946,0.30431804834063647,1.0
708,0.47095282146161066,0.5410876132930532,0.5400848356309659,0.5320524835988735,7234006.0,0.1,0.5170571696344867,0.5114779006091531,-0.02057458298972037,0.4786275813685451,0.49209640116139525,54.67532597166279,-0.01346881979285014,-0.02461528027862007,0.5114779006091531,1.1056109904194997,-0.08265518920119364,-3136135.0,0.0010027776620873396,0.05308386446456481,0.05208108680247747,0.05308386446456481,0.08666866628086733,0.14988859631355722,0.005779443923774015,0.29706654490517337,1.0
709,0.5162812210915803,0.5101208459214511,0.5941675503711558,0.6370196813495766,7337244.0,0.1,0.5268978444236151,0.5049203447210716,-0.13209933662850504,0.5029955967502422,0.49801163708744345,51.72114692678932,0.004983959662798743,-0.01869543229033631,0.5049203447210716,1.086005877162946,-0.07616518772080272,4201109.0,-0.08404670444970463,0.021931637677422344,0.06211506677228229,0.06211506677228229,0.08495426300749997,0.22756005056890372,0.009840674789128498,0.29054276622093717,1.0
710,0.6346901017576329,0.5048338368580069,0.5676564156945915,0.5245548266166778,7401246.0,0.1,0.5246329272102442,0.49617611874337814,-0.028378707873299713,0.5063124013450785,0.4990950325784326,48.32264633902759,0.007217368766645915,-0.013512872078939865,0.49617611874337814,1.0627026877412875,-0.07035045025453118,-3200137.0,-0.0628225788365846,0.13218584449156978,0.06936326565498518,0.13218584449156978,0.09279305188646998,-0.04926108374384652,-0.002264917213371002,0.28326328449895466,1.0
711,0.5301572617946334,0.5108761329305146,0.6153764581124065,0.5957825679475114,7488584.0,0.1,0.5214308028740987,0.4886343781522284,-0.10714818979528301,0.5200770423608374,0.503041462593497,44.930009538376474,0.01703557976734038,-0.007403181709683817,0.4886343781522284,1.039478810778412,-0.06221005447395528,4288447.0,-0.1045003251818919,0.013678693686163257,0.09082163149572864,0.09082163149572864,0.09815093481210695,-0.060588148367084926,-0.0032021243361454546,0.2754222163130918,1.0
712,0.6134135060129488,0.5078549848942607,0.5878048780487809,0.593908153701966,7597996.0,0.1,0.5249453295845018,0.4810457698784303,-0.11286238382353575,0.5314356748748572,0.5067503071285365,41.380313737096536,0.024685367746320686,-0.000985471818482916,0.4810457698784303,1.0152511240604671,-0.053159584303606566,-3309549.0,-0.07994989315452017,0.08792758305325066,0.007977689898730489,0.08792758305325066,0.09759231500768362,0.076439612705963,0.0035145267104030133,0.2671026770910184,1.0
713,0.6106382978723403,0.7072507552870085,0.6938494167550381,0.8328959700093698,7935231.0,0.1,0.5449390815370165,0.4784126222867711,-0.35448334772259865,0.5778141818186284,0.5200623750012235,38.22814991961485,0.05775180681740488,0.010761983908694643,0.4784126222867711,1.004167319221921,-0.04734207464837864,4625682.0,0.013401338531970453,0.1133426015850425,0.09994126305307205,0.1133426015850425,0.0992596071586848,0.40461514145724853,0.01999375195251485,0.2628773484675749,1.0
714,0.8437557816836246,0.8152567975830841,0.9080593849416715,0.8188378631677565,8321972.0,0.1,0.5615745079662574,0.475384971452985,-0.34345289171477156,0.6148947481800328,0.5322572928855718,34.78958615748216,0.08263745529446098,0.025137078185847914,0.475384971452985,0.9912940338373679,-0.04052409093139797,-3696290.0,-0.09280258735858737,0.017639172426285654,0.07516341493230172,0.07516341493230172,0.09742317891721441,0.3223853488724111,0.016635426429240912,0.25795453119219147,1.0
715,0.8317298797409819,0.7684290030211492,0.6376458112407185,0.5845360824742251,8582865.0,0.1,0.5674320524835961,0.46692881651078516,-0.1176072659634399,0.6102241842252931,0.5343911210320473,30.383124955875743,0.07583306319324579,0.03527627518732749,0.46692881651078516,0.9612036208677708,-0.02734598784620046,-12279155.0,0.13078319178043074,0.05040886014660728,0.18119205192703802,0.18119205192703802,0.10148036679643606,0.13668671405140054,0.005857544517338553,0.2471374021784928,1.0
716,0.5967622571692871,0.4927492447129914,0.555991516436903,0.5376757263355166,8680206.0,0.1,0.5762574195563858,0.45611272685071763,-0.081562999484799,0.5990628830114814,0.5345251865546379,25.2724611289281,0.06453769645684349,0.04112855944123069,0.45611272685071763,0.9194033735233277,-0.00717791982189242,-20959361.0,-0.06324227172391161,0.09178683776123364,0.028544566037322028,0.09178683776123364,0.09972210063905163,0.2452789233774728,0.008825367072789803,0.23164532333630503,1.0
717,0.8160037002775183,1.1,0.6790031813361587,0.666073102155574,482647.0,0.1,0.5985941893158362,0.4470725831456253,-0.2190005190099487,0.609372147495188,0.5398944892322272,19.861983001105827,0.06947765826296082,0.046798379205576716,0.4470725831456253,0.8745907948636055,0.019554371427645156,-20476714.0,0.4209968186638414,0.5623242736644835,0.14132745500064203,0.5623242736644835,0.14330040977693712,0.6734165293148253,0.022336769759450387,0.21375910585899008,1.0
718,0.651341350601298,0.9496978851963739,0.6726405090137838,1.1,746092.0,0.1,0.6592783505154614,0.44797158252023445,-0.6520284174797657,0.6848533555728513,0.5627559386513199,15.074653799196582,0.12209741692153142,0.06185818674876766,0.44797158252023445,0.8808755051661021,0.015067659874366701,-19730622.0,0.2770573761825901,0.28362478304079985,0.006567406858209779,0.28362478304079985,0.15173219854264128,1.9586589362238445,0.0606841611996251,0.21645196132293387,-1.0
719,1.1,0.8870090634441098,1.1,1.0868791002811613,857034.0,0.1,0.709184629803184,0.4495196813495755,-0.6373594189315859,0.7467034701433606,0.5841487207586603,10.147696571243898,0.16255474938470027,0.08199749927595418,0.4495196813495755,0.8911158410199918,0.007923521679159162,-20587656.0,-0.2129909365558903,0.2129909365558903,0.0,0.2129909365558903,0.16221324081201546,1.2271941617054072,0.04990627928772274,0.22079807983520816,-1.0
720,1.086123959296947,0.8734138972809674,0.9069989395546102,0.7972820993439512,994084.0,0.1,0.7312870977819405,0.4640463917525744,-0.33323570759137683,0.7544847977126822,0.59284804233357,14.790684030696823,0.16163675537911215,0.09792535049658577,0.4640463917525744,0.9045470453479765,0.023545738157172313,-21581740.0,-0.033585042273642784,0.2134652030001939,0.1798801607265511,0.2134652030001939,0.1755783523566512,0.49850273031530556,0.02210246797875648,0.22025032679770104,-1.0
721,0.7928769657724309,0.6883685800604255,0.6737009544008487,0.6623242736644798,1131787.0,0.1,0.7333958138081825,0.4756443298969044,-0.18667994376757535,0.7403062555514203,0.5956838068776887,18.233705091929522,0.14462244867373153,0.10726477013201492,0.4756443298969044,0.9068100021523104,0.04447865764149833,-22713527.0,0.0146676256595768,0.10891351928352577,0.12358114494310257,0.12358114494310257,0.1807005255375529,0.03972340738561386,0.0021087160262419267,0.21558283612770304,-1.0
722,0.6661424606845529,0.5410876132930532,0.5581124072110256,0.5489222118088065,1230320.0,0.1,0.73542642924086,0.4821071540143677,-0.0668150577944388,0.7108625565140951,0.593775170344265,19.67045180634024,0.11708738616983017,0.10922929333957798,0.4821071540143677,0.9080324697288333,0.05618183829990203,-23943847.0,-0.017024793917972403,0.12123666037142655,0.10421186645345415,0.12123666037142655,0.17978809352754097,0.04645345720922189,0.0020306154326773886,0.21296265785723284,1.0
723,0.5597594819611501,0.5448640483383705,0.6090137857900316,0.5189315838800347,1315301.0,0.1,0.72902218056857,0.48796469853170593,-0.030966885348328754,0.6813347145703935,0.5907203300804188,20.916116721391703,0.09061438448997472,0.10550631156965734,0.48796469853170593,0.9078536002524686,0.06807579681094317,-25259148.0,-0.06414973745166108,0.0040581634704359715,0.06009157398122511,0.06009157398122511,0.17722725540133233,-0.12899166273399143,-0.006404248672289725,0.20994445086038138,1.0
724,0.5246068455134129,0.5410876132930532,0.5909862142099683,0.6866916588566049,1379486.0,0.1,0.7367541393314566,0.4976882224304877,-0.18900343642611717,0.6821588598451953,0.5946375271733243,23.195483351142897,0.08752133267187101,0.10190931579010008,0.4976882224304877,0.913823693990917,0.08155275087005837,-23879662.0,-0.049898600916915115,0.02215602941301853,0.07205463032993364,0.07205463032993364,0.17590450934105592,0.15622534322234505,0.0077319587628865705,0.20806773578021467,1.0
725,0.6827937095282145,0.5350453172205419,0.6143160127253452,0.5564198687909986,1454727.0,0.1,0.7137144642299257,0.5070017182130555,-0.049418150577943076,0.6628143996830111,0.5930776227495559,25.52932194317293,0.06973677693345526,0.09547480801877112,0.5070017182130555,0.9073450794418074,0.10665835698430365,-25334389.0,-0.07927069550480326,0.15164634163606294,0.07237564613125969,0.15164634163606294,0.17909648767864095,-0.331945538426919,-0.023039675101530932,0.20017168061437593,1.0
726,0.5727104532839981,0.5750755287009056,0.6652173913043476,0.7063730084348613,1506160.0,0.1,0.7043423930021846,0.5175257731958735,-0.18884723523898783,0.6695157241063727,0.5977019242060989,27.87053209228661,0.07181379990027381,0.09074260639507166,0.5175257731958735,0.9115403706691948,0.1235111757225521,-23828229.0,-0.09014186260344204,0.01865565990990703,0.10879752251334907,0.10879752251334907,0.18189932997706157,-0.13734691541719102,-0.009372071227741271,0.19700729873666067,1.0
727,0.711470860314526,0.5599697885196399,0.46797454931070914,0.44301780693533244,1609487.0,0.1,0.6925492033739434,0.5221532333645708,0.07913542642923832,0.6346698906954434,0.5913882867664758,28.72847940001523,0.04328160392896763,0.08125040590185086,0.5221532333645708,0.9070483269819516,0.13725813974718998,-25437716.0,0.09199523920893071,0.14640321991522143,0.23839845912415214,0.23839845912415214,0.18666653057682106,-0.24210357543690697,-0.011793189628241052,0.1924475468086904,1.0
728,0.4496762257169301,0.4043806646525695,0.23467656415694407,0.37366447985004425,1729572.0,0.1,0.678881599500154,0.5230318650421716,0.14936738519212733,0.5945152121038436,0.5825016007698868,28.27078743300622,0.012013611333956842,0.06740304698827206,0.5230318650421716,0.9063382182976065,0.13972551178673664,-27167288.0,0.16970410049562543,0.03863714228276294,0.20834124277838836,0.20834124277838836,0.19637939766158397,-0.3050374760327701,-0.013667603873789366,0.19165317662771747,1.0
729,0.3793709528214627,0.306948640483386,0.33435843054082637,0.3717900656044989,1787227.0,0.1,0.6543580131208978,0.5234028428616031,0.1516127772571042,0.5602498049500984,0.5739011299468098,27.607968582139534,-0.0136513249967114,0.05119217259127537,0.5234028428616031,0.9060747690602566,0.14073091666294962,-28954515.0,-0.027409790057440375,0.06671583936665826,0.03930604930921788,0.06671583936665826,0.1550786948034319,-0.4418179259884597,-0.024523586379256262,0.19133596309932674,1.0
730,0.3645698427382079,0.4202416918429023,0.4085896076352057,0.477694470477973,1838000.0,0.1,0.6024992189940622,0.5264682911590101,0.04877382068103708,0.5475489842620791,0.5699743275195103,27.791582366155552,-0.022425343257431174,0.03646866942153407,0.5264682911590101,0.9051660942970949,0.14777048802092524,-27116515.0,0.01165208420769659,0.04845162623840338,0.03679954203070679,0.04845162623840338,0.13548093173656553,-0.5657322995654792,-0.05185879412683559,0.1893489015690424,1.0
731,0.4691026827012038,0.45045317220543735,0.5453870625662759,0.5376757263355166,1886206.0,0.1,0.5567322711652585,0.5303733208372358,-0.007302405498280873,0.5460300215041464,0.5686560172671024,28.201853018729423,-0.022625995762955986,0.024649736384636058,0.5303733208372358,0.9054961693627366,0.15525047231173494,-25230309.0,-0.09493389036083855,0.02724129827253563,0.06769259208830292,0.06769259208830292,0.12337273636426656,-0.5053030956281825,-0.04576694782880372,0.1875614242627504,1.0
732,0.5403330249768764,0.4391238670694889,0.5665959703075302,0.5320524835988735,1912138.0,0.1,0.534629803186502,0.5333801936894693,0.001327710090595846,0.5438796310571813,0.5671619954847256,28.19320838218748,-0.023282364427544278,0.015063316222199991,0.5333801936894693,0.9061383020044016,0.16062208537453704,-27142447.0,-0.12747210323804126,0.09855185926602772,0.028920243972013537,0.09855185926602772,0.1137966243864194,-0.3326672152345119,-0.02210246797875648,0.18637905415746614,1.0
733,0.5246068455134129,0.4194864048338388,0.5665959703075302,0.4936269915651351,1930803.0,0.1,0.52057169634489,0.5346298031865016,0.04100281162136643,0.5361484557507127,0.5641605667533137,27.57703526111746,-0.028012111002601037,0.006448230777239786,0.5346298031865016,0.906422989551102,0.16283661682190115,-29073250.0,-0.14710956547369136,0.11256607876503466,0.0345434867086567,0.11256607876503466,0.11287870220491374,-0.2547049667468526,-0.014058106841612053,0.1858965931823002,1.0
734,0.5162812210915803,0.6596676737160102,0.5464475079533407,0.8160262417994332,2014412.0,0.1,0.5428303655107755,0.5428498906591664,-0.2731763511402667,0.5792065766812851,0.5744407983878491,28.548768991456612,0.0047657782934359405,0.006111740280479017,0.5428498906591664,0.921800086599273,0.16389969471905985,-27058838.0,0.11322016576266947,0.16604068215087509,0.05282051638820562,0.16604068215087509,0.11661237068653445,0.48659723407888045,0.022258669165885554,0.1894750979700533,0.0
735,0.7984273820536515,0.6951661631419966,0.7426299045599144,0.837582005623242,2106444.0,0.1,0.5693845673227095,0.5553459856294881,-0.2822360199937539,0.6189566426723554,0.5851812558260283,31.13336500677164,0.03377538684632708,0.011644469593648631,0.5553459856294881,0.9327543740744716,0.17793759718450464,-24952394.0,-0.04746374141791776,0.12086007865743653,0.07339633723951877,0.12086007865743653,0.12167641274288539,0.6140509301065633,0.026554201811933947,0.18870419422249174,0.0
736,0.8289546716003698,0.7767371601208438,0.9589607635206775,0.9528584817244606,2201517.0,0.1,0.5915651358950308,0.5695993439550116,-0.3832591377694491,0.6703261563726793,0.6001884895361684,33.84502589048677,0.0701376668365109,0.02334310904222109,0.5695993439550116,0.9543880881717739,0.1848105997382492,-22750877.0,-0.18222360339983368,0.060844845502398215,0.12137875789743546,0.12137875789743546,0.1257867567068439,0.38760747918657446,0.022180568572321313,0.19239437210838117,0.0
737,0.9603145235892668,0.8197885196374649,1.0204665959703072,0.9875351452671012,2288752.0,0.1,0.627491408934706,0.5852194626679137,-0.4023156825991875,0.7191275392795135,0.6159985571170228,36.67459717764927,0.10312898216249067,0.03930028366627501,0.5852194626679137,0.9758088440550847,0.19463008128074266,-20462125.0,-0.2006780763328423,0.13306996208699573,0.06760811424584656,0.13306996208699573,0.12423872507775495,0.7748020885969429,0.035926273039675216,0.19529469069358552,0.0
738,0.9889916743755783,0.7978851963746244,1.033191940615057,0.9753514526710368,2342029.0,0.1,0.6499062792877207,0.5997266479225217,-0.3756248047485151,0.7585466028782094,0.6306660222416763,39.399312008514244,0.12788058063653307,0.05701634306032663,0.5997266479225217,0.9955468720843424,0.203906423760701,-22804154.0,-0.23530674424043252,0.18964994889247677,0.04565679534795575,0.18964994889247677,0.13097642727601558,0.3807881119808949,0.02241487035301463,0.19791011208091036,0.0
739,0.9677150786308978,0.7676737160120858,1.0544008483563077,0.9303655107778809,2366260.0,0.1,0.6905185879412663,0.6131208997188353,-0.31724461105904556,0.7849802810166204,0.6428986544268276,41.93994353069941,0.14208162658979284,0.07402939976621987,0.6131208997188353,1.009283760663242,0.21695803877442843,-25170414.0,-0.28672713234422187,0.20767773665895106,0.0790493956852708,0.20767773665895106,0.12841636707058215,1.1000634651999142,0.0406123086535457,0.19808143047220345,0.0
740,0.914061054579092,0.7374622356495472,0.9504772004241765,0.9125585754451698,2409942.0,0.1,0.7354264292408601,0.6267885035926247,-0.2857700718525451,0.8046077109287049,0.6539051818153314,44.98748185680315,0.15070252911337345,0.0893640256356506,0.6267885035926247,1.017927754037788,0.23564925314746155,-27580356.0,-0.21301496477462933,0.19290327512833372,0.020111689646295616,0.19290327512833372,0.12712986976641094,1.4421871081013369,0.0449078412995938,0.1955696252225816,0.0
741,0.8974098057354304,0.7374622356495472,1.033191940615057,0.8975632614807857,2429179.0,0.1,0.7792408622305507,0.6376054358013096,-0.2599578256794761,0.8189085648597942,0.6638504095567784,47.24544081817924,0.1550581553030158,0.10250285156912364,0.6376054358013096,1.0293948632915573,0.24581600831106198,-30009535.0,-0.29572970496550977,0.17509633979562267,0.1206333651698871,0.17509633979562267,0.13616157813549132,1.4141668767330415,0.043814432989690566,0.1958947137451238,0.0
742,0.8927844588344115,0.8719033232628405,1.0066808059384926,1.0484536082474194,2510522.0,0.1,0.826804123711338,0.6484028428616032,-0.4000507653858162,0.8542231869194289,0.6795484992992535,49.169257594327625,0.17467468762017535,0.116937218779334,0.6484028428616032,1.0563319435873086,0.24047374213589784,-27499013.0,-0.13477748267565215,0.02565993821794521,0.10911754445770694,0.10911754445770694,0.14121707132043326,1.1948204826368505,0.047563261480787204,0.2039645503628527,0.0
743,1.0435707678075823,0.8356495468277941,1.0756097560975584,0.9406747891283963,2544685.0,0.1,0.860387378944078,0.6593955014058083,-0.28127928772258803,0.8675234334131162,0.690206715210647,51.72513400078527,0.1773167182024692,0.12901311866396104,0.6593955014058083,1.0698434367104865,0.2489475661011301,-30043698.0,-0.23996020926976425,0.21280406141962527,0.02715614785013898,0.21280406141962527,0.15330969376471013,0.749520655394815,0.03358325523273997,0.20522396765233908,0.0
744,0.1927246790299563,0.2075949367088569,0.23896848137535756,0.21789772727272663,2559589.0,0.1,0.834207815916899,0.654295471629957,0.43639774435723044,0.7675810170838255,0.6709287973356298,52.414906760021466,0.09665221974819571,0.12254093888080798,0.654295471629957,1.0805084392875184,0.22808250397239582,-32603287.0,-0.03137354466650066,0.7330798524195394,0.7017063077530388,0.7330798524195394,0.20618702652750276,-0.5904582085608594,-0.026179563027178904,0.2131064838287806,0.0
745,0.2340941512125582,0.2025316455696128,0.2805157593123212,0.20511363636363314,2571187.0,0.1,0.8101650363167737,0.6477575977233653,0.44264396135973216,0.6810475738961036,0.6519159336224871,52.94542637425116,0.029131640273616477,0.10385907915936969,0.6477575977233653,1.091711284113677,0.2038039113330536,-35174474.0,-0.07798411374270839,0.01536608170311382,0.06261803203959457,0.06261803203959457,0.20202468930038275,-0.58447645718626,-0.02404277960012517,0.22197684319515584,0.0
746,0.2198288159771792,0.1632911392405049,0.1730659025787972,0.188068181818187,2603282.0,0.1,0.7578351979850032,0.6401812299867208,0.4521130481685338,0.605204590499501,0.6329833723243523,53.45599069783364,-0.027778781824851273,0.0775315069625255,0.6401812299867208,1.1028472618323488,0.17751519814109268,-37777756.0,-0.009774763338292303,0.041822497123128244,0.03204773378483594,0.041822497123128244,0.19167317388140384,-0.769531698633276,-0.05232983833177052,0.23133301592281405,0.0
747,0.18987161198288618,0.13797468354429868,0.23037249283667763,0.18664772727273374,2612965.0,0.1,0.7035906747891277,0.6308570563886264,0.4442093291158927,0.5408112269261521,0.614765590893674,53.34426770808469,-0.07395436396752186,0.047234332776516036,0.6308570563886264,1.1116973801407206,0.15001673263653215,-40390721.0,-0.09239780929237895,0.050093498273888315,0.04230431101849064,0.050093498273888315,0.1857759588494415,-0.7771588620342318,-0.054244523195875693,0.24042016187604714,0.0
748,0.18844507845934402,0.188607594936704,0.24469914040114418,0.23636363636364024,2625169.0,0.1,0.6438827710090592,0.6242868439550121,0.3879232075913719,0.49397313607038107,0.5993206131577542,53.74610060618541,-0.10534747708737313,0.016717970803738203,0.6242868439550121,1.1179901465283644,0.13058354138165995,-37765552.0,-0.05609154546444017,0.0019598676639702717,0.058051413128410445,0.058051413128410445,0.18049868011868941,-0.7519425592603479,-0.05970790378006837,0.24685165128667608,0.0
749,0.24693295292439502,0.188607594936704,0.24469914040114418,0.17670454545454675,2640708.0,0.1,0.576313554358013,0.6156146272649153,0.4389100818103686,0.44516258366794503,0.5820709777412967,53.81626148534144,-0.13690839407335165,-0.014007302171679767,0.6156146272649153,1.1259102403806114,0.10531901414921929,-40406260.0,-0.05609154546444017,0.047756041426936235,0.008335504037503938,0.047756041426936235,0.1733891867303511,-0.8210650564676835,-0.0675692166510462,0.255147806557848,0.0
750,0.20413694721826517,0.13797468354429868,0.23180515759312073,0.1596590909090935,2648784.0,0.1,0.5083391908778511,0.6060405927835034,0.44638150187440995,0.4012389693973525,0.5648296762379413,53.70833917455635,-0.16359070684058885,-0.043923983105461584,0.6060405927835034,1.1330313813602024,0.0790498042068043,-43055044.0,-0.09383047404882205,0.038729861910248076,0.05510061213857398,0.05510061213857398,0.16217674200085924,-0.8363060920534223,-0.06797436348016195,0.26349539428834956,0.0
751,0.15706134094151594,0.13797468354429868,0.23037249283667763,0.18238636363636687,2669957.0,0.1,0.44600759528272493,0.5991268597703827,0.41674049613401587,0.3675693377418162,0.5492197451113464,54.11889182320582,-0.1816504073695302,-0.07146926795827531,0.5991268597703827,1.1395730002955897,0.058680719245175705,-40385087.0,-0.09239780929237895,0.021684407364794822,0.07071340192758413,0.07071340192758413,0.150763047439912,-0.8039626775460827,-0.06233159559512617,0.2702230702626035,0.0
752,0.18844507845934402,0.13544303797468019,0.23037249283667763,0.13977272727272663,2682042.0,0.1,0.381608774601688,0.593043555724772,0.45327082845204536,0.3325237053619563,0.5325076219342598,54.82421027418834,-0.19998391657230352,-0.09717219768108096,0.593043555724772,1.1475750534861846,0.038512057963359325,-43067129.0,-0.09492945486199744,0.046943325661686686,0.047986129200310756,0.047986129200310756,0.13868661861257675,-0.8468342405258295,-0.06439882068103693,0.2772657488807063,0.0
753,0.17275320970042998,0.10632911392404623,0.23037249283667763,0.15255681818182013,2689553.0,0.1,0.31952490432677416,0.5879294922485148,0.43537267406669466,0.3048364919496277,0.5169994258627316,55.75329022655499,-0.21216293391310392,-0.12017034492748557,0.5879294922485148,1.1542110942571835,0.021647890239846146,-40377576.0,-0.1240433789126314,0.0334436133486804,0.090599765563951,0.090599765563951,0.1316452374266041,-0.8300322386968755,-0.0620838702749138,0.2831408010043343,0.0
754,0.158487874465051,0.1,0.11719197707735987,0.14261363636363314,2720808.0,0.1,0.24403824000312532,0.5831549833059967,0.4405413469423636,0.2798791295517824,0.5017183732301154,57.01605753976118,-0.22183924367833296,-0.14050412467765505,0.5831549833059967,1.160634854922082,0.005675111689911527,-43098384.0,-0.017191977077359866,0.05255681818182012,0.035364841104460254,0.05255681818182012,0.12693184357028023,-0.863977160990438,-0.07548666432364885,0.2887399358080426,0.0
755,0.15706134094151594,0.21265822784810098,0.23037249283667763,0.20511363636363314,2739134.0,0.1,0.1827414772727284,0.5772614392963121,0.372147802932679,0.26837674598437483,0.4896120574396467,57.70173396809171,-0.22123531145527187,-0.15665036203317842,0.5772614392963121,1.1644016090247744,-0.00987873043215004,-40359250.0,-0.017714264988576645,0.07004459148446784,0.08775885647304449,0.08775885647304449,0.11651140982473181,-0.7819505330278003,-0.061296762730396935,0.2935700848642311,0.0
756,0.20413694721826517,0.188607594936704,0.18022922636103403,0.13551136363635977,2758909.0,0.1,0.17587594696969786,0.5690001659637599,0.43348880232740017,0.24793591793083405,0.4751589678966554,57.834183075190644,-0.22722304996582135,-0.170764899619707,0.5690001659637599,1.1697403404271964,-0.03174000849967662,-43118159.0,0.008378368575669981,0.01650604142692913,0.02488441000259911,0.02488441000259911,0.057495122956653454,-0.37809647979141103,-0.006865530303030572,0.30037008723171826,0.0
757,0.13994293865905974,0.13797468354429868,0.1730659025787972,0.16392045454545326,2790487.0,0.1,0.17244318181818286,0.5591439320720072,0.39522347752655396,0.23501046202539083,0.4624553551068104,57.319159077582015,-0.22744489308141957,-0.18210089831204954,0.5591439320720072,1.1707510120836804,-0.05246314793966589,-40327672.0,-0.03509121903449852,0.00246331990793891,0.03755453894243743,0.03755453894243743,0.05540649853189036,-0.20083102493074168,-0.00343276515151499,0.30580354000583654,0.0
758,0.1684736091298177,0.1607594936708864,0.23037249283667763,0.13977272727272663,2796326.0,0.1,0.16841856060606117,0.551127638335675,0.4113549110629484,0.22035850283267325,0.4492846356033784,57.43202114234673,-0.22892613277070514,-0.19146594520378066,0.551127638335675,1.1745590564362864,-0.0723037797649364,-43123998.0,-0.06961299916579122,0.003160960874566854,0.06645203829122437,0.06645203829122437,0.057458960295898365,-0.25679758308159484,-0.004024621212121697,0.3117157090503057,0.0
759,0.16419400855920543,0.13797468354429868,0.2017191977077374,0.11136363636364024,2809325.0,0.1,0.1621448863636367,0.541035577261011,0.4296719408973708,0.2035900618374374,0.4354919417568584,57.03854318401418,-0.231901879919421,-0.19955313214690873,0.541035577261011,1.1770700767186648,-0.09499892219664285,-45933323.0,-0.06374451416343874,0.001798043728427956,0.06194647043501078,0.06194647043501078,0.058446707975991906,-0.40334855403348546,-0.006273674242424458,0.31801724972882695,0.0
760,0.1,0.1582278481012608,0.1730659025787972,0.16818181818182013,2819813.0,0.1,0.15646306818181835,0.5321662786043412,0.3639844604225211,0.19814263973657323,0.42458132446808133,56.84297756028499,-0.2264386847315081,-0.20493024266382862,0.5321662786043412,1.1770012180768692,-0.11266866086818694,-43113510.0,-0.014838054477536389,0.046864211737620565,0.06170226621515695,0.06170226621515695,0.05875094573322078,-0.2884615384615419,-0.005681818181818343,0.32241746973626406,0.0
761,0.19843081312411073,0.15316455696201672,0.23037249283667763,0.14119318181817989,2830148.0,0.1,0.1535037878787878,0.5177558038503581,0.3765626220321783,0.18938118467220502,0.4130144615027792,55.105490587392964,-0.22363327683057418,-0.20867084949717774,0.5177558038503581,1.1660429752282733,-0.1305313675275569,-45943658.0,-0.0772079358746609,0.015017261219803402,0.0621906746548575,0.0621906746548575,0.059953831835547554,-0.20096463022509714,-0.0029592803030305723,0.3241435856889575,0.0
762,0.16419400855920543,0.14177215189873352,0.23037249283667763,0.1752840909090935,2840715.0,0.1,0.1548058712121211,0.5043484335949693,0.3290643426858758,0.1872124010163417,0.40331118107038383,53.65993837702351,-0.21609878005404212,-0.21015643560855063,0.5043484335949693,1.1538165707429524,-0.14511970355301373,-43102943.0,-0.08860034093794411,0.0005789700805536313,0.08917931101849774,0.08917931101849774,0.06279372340887453,0.09786476868327254,0.0013020833333333333,0.3247340685739915,0.0
763,0.20413694721826517,0.1493670886075961,0.2489971346704877,0.18238636363636687,2846896.0,0.1,0.1548058712121211,0.495970314452514,0.3135839508161471,0.18646993372711482,0.39429384158328107,53.670523185624255,-0.20782390785616625,-0.20968993005807376,0.495970314452514,1.1515593382825062,-0.1596187093774783,-40256047.0,-0.09963004606289161,0.025917002301497405,0.0737130437613942,0.0737130437613942,0.06304369356169204,0.0,0.0,0.32779451191499615,0.0
764,0.20128388017118795,0.14810126582278685,0.2017191977077374,0.13977272727272663,2861468.0,0.1,0.1548058712121211,0.48768066863870585,0.34790794136597925,0.1792857481187474,0.38390522467264615,54.015481690910256,-0.20461947655389875,-0.20867583935723877,0.48768066863870585,1.151130920473868,-0.1757695831964562,-43117515.0,-0.053617931884950565,0.03428509781358002,0.01933283407137054,0.03428509781358002,0.06190194094613114,0.0,0.0,0.331725125917581,0.0
765,0.158487874465051,0.11012658227848107,0.23037249283667763,0.1440340909090935,2865400.0,0.1,0.15409564393939387,0.4768048559044042,0.33277076499531066,0.1738624162403391,0.3741145661516848,53.764402579082905,-0.2002521499113457,-0.20699110146806018,0.4768048559044042,1.1454042043221553,-0.19179449251334685,-40252115.0,-0.12024591055819656,0.02964614499424556,0.090599765563951,0.090599765563951,0.06190194094613114,-0.05586592178770455,-0.0007102272727272189,0.3342996742088755,0.0
766,0.15991440798858605,0.12278481012658063,0.23037249283667763,0.17954545454546036,2871278.0,0.1,0.15717329545454617,0.45762871954076795,0.27808326499530756,0.17473672982574237,0.366172969759594,51.16860531989103,-0.19143623993385164,-0.20388012916121848,0.45762871954076795,1.1056952379595422,-0.19043779887800621,-37380837.0,-0.107587682710097,0.02124928078251287,0.08633840192758413,0.08633840192758413,0.06471707292494482,0.2589641434263641,0.0030776515151522688,0.3240332592093871,0.0
767,0.18416547788873175,0.14810126582278685,0.23467048710602115,0.18238636363636687,2878405.0,0.1,0.1552793560606073,0.43878512086066795,0.25639875722430105,0.17591359656583846,0.3586714756321153,48.753205041890816,-0.18275787906627686,-0.19965567914223017,0.43878512086066795,1.0643159360721421,-0.1867456943508063,-34502432.0,-0.0865692212832343,0.031444188722673516,0.05512503256056078,0.05512503256056078,0.0619975875989045,-0.11080332409969329,-0.0018939393939388556,0.3127654076057371,0.0
768,0.21412268188302477,0.2025316455696128,0.23610315186246425,0.2221590909090935,2896142.0,0.1,0.16250000000000178,0.4268033915182752,0.20464430060918168,0.18302828800326232,0.35309954156178786,45.64858460301328,-0.17007125355852554,-0.19373879402548927,0.4268033915182752,1.0462856182961096,-0.1926788352595592,-31606290.0,-0.03357150629285144,0.02014528193324594,0.05371678822609738,0.05371678822609738,0.06440028578419603,0.6394129979036298,0.007220643939394478,0.3097411133889172,0.0
769,0.2340941512125582,0.18481012658227627,0.2618911174785111,0.20085227272727338,2905802.0,0.1,0.16557765151515347,0.41718939149875006,0.21633711877147668,0.18577043949926403,0.3468853673236444,43.1384036676355,-0.16111492782438036,-0.1872140207852675,0.41718939149875006,1.036063209080059,-0.20168442608255882,-34512092.0,-0.07708099089623485,0.037348964326817224,0.03973202656941763,0.03973202656941763,0.06458174308644438,0.2253032928942944,0.0030776515151516768,0.30943690879065444,0.0
770,0.22125534950071427,0.1632911392405049,0.23037249283667763,0.18522727272727338,2921148.0,0.1,0.16936553030303236,0.40961241360121803,0.22438514087394465,0.18568687538049622,0.3402870777482823,41.51257442681999,-0.1546002023677861,-0.18069125710177122,0.40961241360121803,1.0307988970352437,-0.2115740698328077,-37433240.0,-0.06708135359617273,0.03756113348676848,0.02952022010940425,0.03756113348676848,0.062174167686073055,0.325203252032531,0.0037878787878788955,0.31059324171701286,0.0
771,0.19557774607703352,0.15316455696201672,0.23037249283667763,0.178125,2932145.0,0.1,0.17492897727272902,0.40251227643705073,0.22438727643705073,0.18452350993734296,0.33366821743202585,40.024559489094514,-0.1491447074946829,-0.17438194718035357,0.40251227643705073,1.02637939081909,-0.2213548379449884,-40365385.0,-0.0772079358746609,0.032062715765256655,0.04514522010940425,0.04514522010940425,0.06077406349227251,0.5994897959183116,0.0055634469696966464,0.31193355719101956,0.0
772,0.17132667617689493,0.12151898734176428,0.23037249283667763,0.16818181818182013,2939647.0,0.1,0.17492897727272902,0.3917099880896593,0.22352816990783916,0.18200940351341638,0.32691367052385417,37.65952337307855,-0.1449042670104378,-0.16848641114637042,0.3917099880896593,1.0134283564472537,-0.23000838026793502,-43305032.0,-0.10885350549491335,0.05660601265823573,0.05224749283667762,0.05660601265823573,0.060349375695862406,0.0,0.0,0.31085918417879715,0.0
773,0.17132667617689493,0.13797468354429868,0.23180515759312073,0.14119318181817989,2946740.0,0.1,0.17492897727272902,0.383059432111059,0.2418662502928791,0.17572998479107232,0.3193332424134185,35.5454098445816,-0.14360325762234616,-0.16350978044156558,0.383059432111059,1.006966729233083,-0.24084786501096522,-46251772.0,-0.09383047404882205,0.03020713463752145,0.0636233394113006,0.0636233394113006,0.060468764425566,0.0,0.0,0.3119536485610121,0.0
774,0.16990014265335276,0.11898734177214579,0.23037249283667763,0.16818181818182013,2962475.0,0.1,0.1743371212121229,0.37184711564745393,0.2036652974656338,0.17456872838964893,0.31316379652641446,33.03766739108991,-0.13859506813676553,-0.15852683798060557,0.37184711564745393,0.9913469177434424,-0.2476526864485346,-43289297.0,-0.11138515106453184,0.022205840046034098,0.08917931101849774,0.08917931101849774,0.060468764425566,-0.040518638573747046,-0.0005918560606061144,0.30974990104799427,0.0
775,0.1656205420827405,0.13670886075948943,0.23180515759312073,0.16676136363636687,2981897.0,0.1,0.17303503787878957,0.3660917730787255,0.1993304094423586,0.17336759535068244,0.3071881870206982,31.87633126283457,-0.13382059167001578,-0.15358558871848763,0.3660917730787255,0.9880187718923095,-0.25583522573485845,-46271194.0,-0.0950962968336313,0.031472957422330694,0.0636233394113006,0.0636233394113006,0.05962795572972487,-0.08566978193146269,-0.0013020833333333333,0.31096349940679197,0.0
776,0.18844507845934402,0.11518987341771805,0.23037249283667763,0.14829545454545326,2999856.0,0.1,0.17374526515151678,0.36139658505154654,0.21310113050609328,0.16951034291910871,0.30070276936864737,31.3939669776735,-0.13119242644953866,-0.14910695626469783,0.36139658505154654,0.9864848167678779,-0.2636916466647848,-49271050.0,-0.11518261941895958,0.05157149021864882,0.06361112920031076,0.06361112920031076,0.06207179167861909,0.060975609756093174,0.0007102272727272189,0.31254411585816566,0.0
777,0.15706134094151594,0.13164556962025245,0.1,0.15113636363636687,3040464.0,0.1,0.1743371212121229,0.35679963292721034,0.20566326929084347,0.16668357687560997,0.2945980181142686,31.006889183203526,-0.12791444123865864,-0.14486845325949,0.35679963292721034,0.9848141839561528,-0.2712149181017321,-46230586.0,0.031645569620252445,0.01664988492520081,0.048295454545453254,0.048295454545453254,0.05854643242707761,0.04930966469428366,0.0005918560606061144,0.3140072755144712,0.0
778,0.15706134094151594,0.14177215189873352,0.23037249283667763,0.16676136363636687,3063404.0,0.1,0.17327178030303178,0.3503218598680103,0.18356049623164342,0.16669554406957257,0.2893801954825175,30.073971511615696,-0.1226846514129449,-0.14043169289018098,0.3503218598680103,0.9796552846386357,-0.2790115649026151,-43167182.0,-0.08860034093794411,0.009364211737633354,0.07923612920031076,0.07923612920031076,0.0579545763664715,-0.07120253164558166,-0.0010653409090911243,0.3146667123853127,0.0
779,0.18844507845934402,0.28987341772151465,0.2590257879656178,0.33863636363636684,3131977.0,0.1,0.1862926136363651,0.3461752064784447,0.007538842842077842,0.1931479778490794,0.2913906513255317,29.174533817423466,-0.09824267347645232,-0.13199388900743525,0.3461752064784447,0.973083955263477,-0.28073354230658765,-40035205.0,0.030847629755896833,0.12311205408514778,0.09226442432925094,0.12311205408514778,0.06362016149352041,0.8566978193146264,0.01302083333333333,0.31345437439251617,0.0
780,0.3524964336661881,0.34050632911392,0.4008595988538687,0.3088068181818201,3205339.0,0.1,0.19351325757575896,0.3415242551155894,0.03271743693376933,0.21094164559257794,0.2921015152788496,28.38907972744704,-0.08115986968627165,-0.12182708514320253,0.3415242551155894,0.9661077954370079,-0.28305928520582907,-43240544.0,-0.0603532697399487,0.0018699654775531371,0.06222323521750184,0.06222323521750184,0.06432903207613745,0.3900255754475628,0.0072206439393938835,0.31229177016070925,0.0
781,0.3154065620542056,0.34050632911392,0.3750716332378218,0.32017045454545323,3233054.0,0.1,0.20345643939394065,0.3379105772610127,0.01774012271555947,0.22774607773917416,0.29324718626932317,27.958660888434252,-0.06550110853014901,-0.11056188982059183,0.3379105772610127,0.9609042395143486,-0.28508308499232315,-40007490.0,-0.0345653041239018,0.031699510932099884,0.06626481505600168,0.06626481505600168,0.06654009778335279,0.5940594059405824,0.009943181818181655,0.31149683112666793,0.0
782,0.33680456490727406,0.31518987341772087,0.21891117478509728,0.13977272727272663,3277500.0,0.1,0.19966856060606175,0.32382196237503963,0.184049235102313,0.21421171612895146,0.28698292263680897,25.777632025544634,-0.07277120650785751,-0.10300375315804497,0.32382196237503963,0.9330809826004935,-0.28543705785041423,-43284990.0,0.09627869863262359,0.004980581127732364,0.10125927976035595,0.10125927976035595,0.07184827663948508,-0.2453987730061411,-0.0037878787878788955,0.30462951011272693,0.0
783,0.16134094151212822,0.16835443037974188,0.23037249283667763,0.13977272727272663,3303568.0,0.1,0.19647253787878896,0.30928426907607054,0.1695115418033439,0.20275956399722456,0.28097434323419335,22.910283684846746,-0.07821477923696879,-0.09804595837382973,0.30928426907607054,0.9015277287843484,-0.2829591906322073,-43284990.0,-0.06201806245693575,0.028581703107015244,0.090599765563951,0.090599765563951,0.07563615542736397,-0.21531100478469256,-0.0031960227272727812,0.2961217298541389,0.0
784,0.158487874465051,0.10126582278480215,0.15873925501433064,0.10568181818182013,3334563.0,0.1,0.1912642045454556,0.2916347552522655,0.18595293707044538,0.18782452617947,0.27381954629328015,19.625134435398152,-0.08599502011381013,-0.09563577072182583,0.2916347552522655,0.8553348145115418,-0.27206530400701073,-46619553.0,-0.0574734322295285,0.03850690448792449,0.01896652774160401,0.03850690448792449,0.07412789641317137,-0.3716216216216174,-0.005208333333333333,0.2818500296296381,0.0
785,0.12853067047075797,0.15696202531645156,0.1458452722063001,0.209375,3358344.0,0.1,0.19694602272727393,0.275423085559201,0.06604808555920097,0.19113998369032079,0.27118915664865645,16.190393745879888,-0.08004917295833566,-0.0925184511691278,0.275423085559201,0.8008228467763507,-0.24997667565794884,-43261209.0,0.011116753110151478,0.05128020713463144,0.04016345402447996,0.05128020713463144,0.07309930205678228,0.48289738430585527,0.005681818181818343,0.2626998806085749,0.0
786,0.23980028530671263,0.18354430379746703,0.23037249283667763,0.16960227272727338,3392986.0,0.1,0.1970643939393951,0.25863664431037253,0.08903437158309915,0.1878264896960058,0.26704275322329385,12.95944012759081,-0.07921626352728806,-0.08985801364075985,0.25863664431037253,0.7425304559289917,-0.22525716730824663,-46654195.0,-0.0468281890392106,0.025830696202532977,0.020997492836677623,0.025830696202532977,0.06782025082211855,0.00844594594593806,0.00011837121212110446,0.24194690580930958,0.0
787,0.1855920114122668,0.1278481012658176,0.17879656160458382,0.10994318181818699,3430198.0,0.1,0.19232954545454675,0.24154451245704558,0.1316013306388586,0.1758444423301875,0.26063052581900376,9.970275852186546,-0.08478608348881625,-0.08884362761037112,0.24154451245704558,0.6847598105034772,-0.20167078558938603,-50084393.0,-0.05094846033876621,0.04175417146145577,0.009194288877310441,0.04175417146145577,0.06599782015963147,-0.340715502555348,-0.004734848484848324,0.2216076490232158,0.0
788,0.11854493580599837,0.11392405063290881,0.13868194842407036,0.12698863636364024,3471174.0,0.1,0.19055397727272902,0.22517847205951372,0.09818983569587347,0.16832816448918023,0.2551757548208256,6.984858515443165,-0.08684759033164538,-0.08844442015462599,0.22517847205951372,0.6228497959444477,-0.1724928518254202,-46613219.0,-0.024757897791161554,0.003980868814721816,0.02873876660588337,0.02873876660588337,0.06309178994342919,-0.14367816091950658,-0.0017755681818177511,0.19883566194246696,0.0
789,0.12853067047075797,0.12278481012658063,0.14441260744985698,0.1,3537396.0,0.1,0.1862926136363651,0.208562570778664,0.10856257077866399,0.1578161391831525,0.24884205054242453,4.610453951296719,-0.09102591135927204,-0.08896071839555521,0.208562570778664,0.5547872271555542,-0.13766208559822615,-50150615.0,-0.021627797323276354,0.004203826237059616,0.01742397108621674,0.01742397108621674,0.060519166321826155,-0.33834586466166827,-0.004261363636363906,0.17311232818844507,0.0
790,0.10427960057061939,0.20126582278480357,0.1458452722063001,0.1909090909090935,3591148.0,0.1,0.18830492424242562,0.19069706000078224,-0.00021203090831126148,0.16290736252560495,0.2464774399451457,2.291611944722021,-0.08357007741954076,-0.08788259020035231,0.19069706000078224,0.43268606867378356,-0.05129194867221906,-46559467.0,0.05542055057850348,0.10126582278480356,0.04584527220630008,0.10126582278480356,0.06235497412053389,0.144804088586024,0.0020123106060605522,0.12099450433650065,0.0
791,0.21412268188302477,0.17088607594936037,0.24183381088825798,0.19659090909091362,3631023.0,0.1,0.17646780303030454,0.17519531250000134,-0.02139559659091228,0.16808944661257552,0.2444412550123199,0.0,-0.07635180839974437,-0.08557643384023073,0.17519531250000134,0.27373703563648444,0.07665358936351824,-42928444.0,-0.07094773493889761,0.020023014959733132,0.05092471997916448,0.05092471997916448,0.056339362945035276,-0.41946308724831427,-0.011837121212121103,0.04927086156824155,0.0
792,0.4994293865905902,0.6683544303797418,0.3120343839541547,0.24630681818182013,152930.0,0.1,0.17125946969697117,0.17578716856060747,-0.07051964962121265,0.1801228883924593,0.24451740044780967,0.12338251250042731,-0.06439451205535038,-0.08134004948325466,0.17578716856060747,0.2757082320887929,0.075866105032422,-42775514.0,0.3563200464255871,0.47176352128882826,0.11544347486324111,0.47176352128882826,0.09046772011764581,-0.2023919043238257,-0.005208333333333331,0.049960531764092736,0.0
793,0.2669044222539213,0.23924050632910934,0.1229226361031536,0.16960227272727338,232739.0,0.1,0.1587121212121229,0.17504734848484996,0.0054450757575765785,0.17850433213627684,0.24145964013268573,0.12489208744250391,-0.06295530799640889,-0.0776631011858855,0.17504734848484996,0.2746065949143963,0.07548810205530361,-43008253.0,0.11631787022595574,0.007066311852710783,0.12338418207866653,0.12338418207866653,0.09522766736953454,-0.47027506654835427,-0.012547348484848321,0.049779623214773173,0.0
794,0.21554921540655983,0.21392405063291023,0.2017191977077374,0.22642045454545326,279048.0,0.1,0.16593276515151675,0.17584635416666797,-0.05057410037878529,0.18587604327615015,0.24084579582300275,0.29775472430092975,-0.0549697525468526,-0.07312443145807893,0.17584635416666797,0.27644267064668016,0.0752500376866558,-42729205.0,0.012204852925172816,0.04432177790563685,0.032116924980464034,0.04432177790563685,0.09048287554830796,0.61991869918699,0.007220643939393885,0.05029815824000609,1.0
795,0.261198288159774,0.2632911392405063,0.26618911174785465,0.19659090909091362,311522.0,0.1,0.1706676136363657,0.1760535037878801,-0.020537405303033524,0.18752448417072914,0.23903947391557054,0.3489111016078539,-0.051514989744841394,-0.06880254311543142,0.1760535037878801,0.27678154679795147,0.0753254607778087,-43040727.0,-0.0028979725073483564,0.03687068469505303,0.039768657202401386,0.039768657202401386,0.08624694985151216,0.40650406504068926,0.004734848484848915,0.050364021505035696,1.0
796,0.21269614835948972,0.28987341772151465,0.21174785100286045,0.32585227272727335,344846.0,0.1,0.18901515151515347,0.17791785037878913,-0.14793442234848422,0.20880568241019748,0.24258285345890532,0.7638221934463871,-0.03377717104870784,-0.06179746870208671,0.17791785037878913,0.2862328560667216,0.06960284469085663,-42695881.0,0.0781255667186542,0.09328250863060103,0.01515694191194683,0.09328250863060103,0.09081158353006853,2.0833333333332824,0.01834753787878777,0.05415750284396625,1.0
797,0.3553495007132724,0.28987341772151465,0.2819484240687643,0.28181818181817986,374351.0,0.1,0.1950520833333351,0.18010771780303148,-0.10171046401514838,0.22003837462681014,0.24418429543275325,1.265013802695492,-0.024145920805943105,-0.054267159122858,0.18010771780303148,0.2924962052152925,0.06771923039077046,-43070232.0,0.007924993652750345,0.0359788550057587,0.04390384865850905,0.04390384865850905,0.09019688699039168,0.3459972862957843,0.006036931818181654,0.056194243706130506,1.0
798,0.28972895863053194,0.2797468354430336,0.359312320916905,0.31022727272727335,388889.0,0.1,0.2067708333333351,0.18324455492424355,-0.1269827178030298,0.23391358971918907,0.24687992715906018,1.995817021356146,-0.012966337439871106,-0.04600699478626062,0.18324455492424355,0.30155065504499207,0.06493845480349501,-42681343.0,-0.07956548547387143,0.002071346375146277,0.07749413909872516,0.07749413909872516,0.09450217389840769,0.8291457286432127,0.011718749999999998,0.05915305006037427,1.0
799,0.3567760342368075,0.26455696202531553,0.34641833810888156,0.2860795454545467,405580.0,0.1,0.2214488636363651,0.1854048295454556,-0.10067471590909113,0.24193912137078255,0.24847991157928412,2.5135024595766,-0.006540790208501568,-0.03811375387070881,0.1854048295454556,0.3073769957508852,0.06343266334002604,-43086923.0,-0.08186137608356603,0.04567031070195782,0.03619106538160821,0.04567031070195782,0.09482851883511619,1.6020671834624216,0.014678030303029978,0.06098608310271478,1.0
800,0.31968616262482497,0.27341772151898025,0.34498567335243846,0.3329545454545467,428973.0,0.1,0.23861268939394065,0.1894294507575769,-0.14352509469696983,0.2559414943067463,0.2519278558190907,3.4537061795459607,0.004013638487655569,-0.029688275399035936,0.1894294507575769,0.3178298735969753,0.06102902791817849,-42657950.0,-0.07156795183345821,0.012661823935566474,0.058906127897891736,0.058906127897891736,0.09734246560945022,1.6219239373601089,0.01716382575757554,0.0642002114196992,1.0
801,0.3453637660484986,0.25696202531645296,0.34498567335243846,0.2803977272727266,437644.0,0.1,0.2536458333333345,0.1920928030303041,-0.0883049242424225,0.2597039916861279,0.25308989138862686,4.091126857343369,0.0066141002975010355,-0.022427800259728545,0.1920928030303041,0.3226541139074439,0.06153149215316428,-43095594.0,-0.0880236480359855,0.07599252013809377,0.012031127897891736,0.07599252013809377,0.10222317803043997,1.8039772727272658,0.015033143939393883,0.06528065543856991,1.0
802,0.29971469329529155,0.21392405063291023,0.2461318051575944,0.19659090909091362,450654.0,0.1,0.2541193181818195,0.19321732954545578,-0.0033735795454578332,0.24999428667147955,0.2507838104785161,4.389130873865099,-0.0007895238070365629,-0.01810014496919015,0.19321732954545578,0.32296499068149565,0.06346966840941595,-43546248.0,-0.03220775452468416,0.06647367663981638,0.034265922115132214,0.06647367663981638,0.0993238325183577,0.029761904761914426,0.00047348484848501,0.06487383056801992,1.0
803,0.2597717546362318,0.188607594936704,0.29197707736390155,0.23636363636364024,459516.0,0.1,0.2574337121212134,0.19386837121212255,-0.04249526515151769,0.24789726354719657,0.250195231943215,4.597824068487597,-0.0022979683960184516,-0.014939709654555811,0.19386837121212255,0.3241723005709959,0.06356444185324919,-43086732.0,-0.10336948242719754,0.007983314154209609,0.09538616827298793,0.09538616827298793,0.10302895320950967,0.20231213872831577,0.0033143939393938857,0.06515196467943668,1.0
804,0.26547788873038625,0.21392405063291023,0.27048710601719816,0.19659090909091362,473926.0,0.1,0.2532907196969712,0.19514086174242576,-0.0014500473484878595,0.24000397824622996,0.2480073003982231,4.981664904548097,-0.008003322151993147,-0.01355243215404328,0.19514086174242576,0.32430469908678927,0.06597702439806222,-43560658.0,-0.056563055384287936,0.022439585730730016,0.03412346965355792,0.03412346965355792,0.06655894890657046,-0.20184544405996485,-0.004142992424242209,0.06458191867218177,1.0
805,0.2340941512125582,0.516455696202533,0.28767908309455803,0.48210227272727335,527883.0,0.1,0.2793323863636379,0.20176964962121371,-0.28033262310605966,0.277249869704852,0.25756219722798024,6.6296080185299076,0.019687672476871754,-0.006904411227860272,0.20176964962121371,0.3548352637260399,0.04870403551638752,-43032775.0,0.22877661310797492,0.31986478711161936,0.09108817400364441,0.31986478711161936,0.08293233265931653,1.842546063651584,0.026041666666666668,0.0765328070524131,1.0
806,0.5236804564907288,0.5683544303797404,0.5770773638968464,0.6511363636363668,602665.0,0.1,0.31472537878788065,0.2124230587121229,-0.438713304924244,0.3347708687712389,0.27362644891811844,9.156760717996235,0.06114441985312047,0.006705354988335876,0.2124230587121229,0.41198231250989936,0.01286380491434641,-42430110.0,-0.008722933517105957,0.08625215765246708,0.09497509116957303,0.09497509116957303,0.08715344209797789,1.8757841907152124,0.0353929924242428,0.09977962689888824,1.0
807,0.6677603423680537,0.7202531645569564,0.6845272206303704,0.8215909090909065,689272.0,0.1,0.36680871212121335,0.22721946022727427,-0.5943714488636322,0.4096662595896493,0.2959923452517016,12.582500567464336,0.11367391433794771,0.028099066858258245,0.22721946022727427,0.4911173177350828,-0.03667839728053432,-41740838.0,0.03572594392658601,0.06911680092058958,0.03339085699400357,0.06911680092058958,0.08959912074116023,3.1791907514449775,0.05208333333333274,0.1319489287539043,1.0
808,0.8232524964336662,0.7151898734177194,0.7647564469914115,0.7803977272727266,744837.0,0.1,0.4046875000000012,0.2399739583333348,-0.5404237689393918,0.4667018700024304,0.31576399349745765,15.480609051872463,0.15093787650497276,0.05266682878760115,0.2399739583333348,0.5477465568768751,-0.06779864021020554,-42485675.0,-0.049566573573692096,0.10640103567318704,0.05683446209949494,0.10640103567318704,0.0906923313280424,1.3949433304271945,0.03787878787878777,0.15388629927177017,1.0
809,0.7961483594864504,0.654430379746833,0.7776504297994279,0.7207386363636402,768331.0,0.1,0.4412642045454562,0.25204782196969855,-0.46869081439394167,0.5057844494426166,0.3322935707573018,18.435183225428744,0.17349087868531476,0.07683163876714388,0.25204782196969855,0.5881565122054293,-0.08406086826603226,-43254006.0,-0.12322005005259484,0.12596734752589356,0.0027472974732987154,0.12596734752589356,0.09753095623365778,1.5574596774193865,0.03657670454545503,0.1680543451178654,1.0
810,0.7547788873038556,0.6177215189873365,0.7174785100286541,0.6951704545454532,788425.0,0.1,0.47334280303030457,0.2628787878787894,-0.43229166666666385,0.5349207579199761,0.34710487213641,21.137906615313966,0.18781588578356606,0.09902848817042832,0.2628787878787894,0.6216260743270186,-0.0958684985694398,-44042431.0,-0.09975699104131763,0.1030171173763037,0.0032601263349860687,0.1030171173763037,0.09965787109012265,1.240842490842482,0.03207859848484832,0.1793736432241146,1.0
811,0.7062767475035713,0.6417721518987335,0.7661891117478546,0.7150568181818201,803035.0,0.1,0.5090909090909107,0.273976089015153,-0.4410807291666671,0.5626339979602598,0.36212331891377364,23.637107993739633,0.20051067904648617,0.1193249263456399,0.273976089015153,0.6548256677217759,-0.10687348969146981,-43239396.0,-0.12441695984912116,0.05339830264671974,0.07101865720240141,0.07101865720240141,0.10177023329849295,1.4995034756703034,0.03574810606060611,0.19042478935331142,1.0
812,0.7433666191155538,0.6189873417721458,0.7532951289398312,0.7136363636363668,818816.0,0.1,0.5408143939393956,0.2859315814393955,-0.42770478219697133,0.5858651311411993,0.37647079012694074,26.24811794588895,0.20939434101425858,0.13733880927936365,0.2859315814393955,0.6851568962927126,-0.11329373341392163,-44058212.0,-0.13430778716768543,0.09606947640967434,0.038238310758011096,0.09606947640967434,0.10486717900780818,1.1433447098976122,0.03172348484848501,0.19961265742665857,1.0
813,0.7547788873038556,0.8088607594936675,0.8020057306590317,0.896875,868584.0,0.1,0.5921875000000018,0.30161576704545606,-0.5952592329545439,0.6337128032733226,0.39771177828502474,29.60591878294474,0.23600102498829784,0.1570712524211505,0.30161576704545606,0.7356992257867576,-0.13246769169584544,-43189628.0,0.006855028834635846,0.09522439585730069,0.08836936702266485,0.09522439585730069,0.10646983531774208,2.1985815602836953,0.05137310606060611,0.21704172937065075,1.0
814,0.8845934379457944,0.948101265822784,0.8908309455587385,1.1,957848.0,0.1,0.6674715909090922,0.3207919034090923,-0.7792080965909078,0.7054492950774267,0.42637660366114616,34.07057677022611,0.27907269141628055,0.1814715402201765,0.3207919034090923,0.8105942724034705,-0.16901046558528587,-42231780.0,0.05727032026404544,0.051226265822784,0.006044054441261437,0.05727032026404544,0.1057028889530945,4.595375722543224,0.07528409090909054,0.2449011844971891,1.0
815,1.1,1.1,1.1,1.0971590909090936,1072387.0,0.1,0.7392045454545467,0.33984966856060744,-0.7573094223484862,0.7657123405899908,0.4537554806916746,38.488483620494584,0.31195685989831623,0.20756860415580444,0.33984966856060744,0.8765897205835298,-0.19689038346231486,-43304167.0,0.0,0.0,0.0,0.0,0.09775404159701218,3.6418269230768585,0.07173295454545445,0.26837002601146115,1.0
816,0.1,0.13428571428571204,0.1,0.13569152326322467,1218697.0,0.1,0.7341295966355728,0.33804826090131845,0.20235673763809378,0.6687860610012576,0.4407732783476562,39.42241576419694,0.22801278265360136,0.21165743985536384,0.33804826090131845,0.8769778416934443,-0.20088131989080737,-44522864.0,0.03428571428571203,0.9628733766233816,0.9971590909090936,0.9971590909090936,0.17800701003497346,-0.30977722270731234,-0.005074948818974079,0.2694647903960629,1.0
817,0.19080188679245183,0.12222222222222215,0.1850000000000044,0.14588910133843172,1277441.0,0.1,0.7061118323531693,0.3369031948307177,0.19101409349228596,0.5883403748992844,0.42873718949013684,40.23459408093852,0.15960318540914753,0.2012465889661206,0.3369031948307177,0.8772552715709407,-0.20344888190950544,-43245423.0,-0.06277777777778226,0.013469301041002524,0.04930847673677974,0.04930847673677974,0.1554606508370702,-0.6973897249786216,-0.028017764282403473,0.27017603837011156,1.0
818,0.19905660377358317,0.1,0.15687500000000512,0.1,1327927.0,0.1,0.6601838020501386,0.33512762664889945,0.23512762664889944,0.5132110864532407,0.41531934502115164,40.81054482234539,0.09789174143208901,0.1805756194593143,0.33512762664889945,0.8780696142150402,-0.20781436091724131,-44573350.0,-0.056875000000005116,0.045889101338431715,0.010985898661573401,0.045889101338431715,0.15137015168447507,-0.8464223385689362,-0.045928030303030574,0.2714709937830704,1.0
819,0.17252358490566025,0.14761904761904746,0.18000000000000185,0.19369024856596653,1390104.0,0.1,0.6078587470063935,0.3354519026606904,0.14176165409472388,0.46405403447058313,0.4062732594515522,41.585842932140274,0.05778077501903095,0.15601665057125763,0.3354519026606904,0.8780292964215846,-0.20712549110020378,-43183246.0,-0.0323809523809544,0.04761904761904745,0.08000000000000185,0.08000000000000185,0.15227708494109274,-0.7642497666140372,-0.052325055043744996,0.2712886968804471,1.0
820,0.24976415094339757,0.23523809523809405,0.2131250000000037,0.25869980879541143,1517754.0,0.1,0.5643839204666173,0.3373376941318069,0.07863788533639549,0.43246107667440287,0.40024985330232193,43.02169195938308,0.03221122337208093,0.13125556513142228,0.3373376941318069,0.8781665368636836,-0.20349114860006978,-41665492.0,0.022113095238090352,0.04154784667212752,0.019434751434037167,0.04154784667212752,0.1468726525243378,-0.6685026112268478,-0.043474826539776266,0.27041442136593835,1.0
821,0.30400943396226265,0.27460317460317396,0.30562500000000126,0.3166985340981533,1602223.0,0.1,0.5307139119444935,0.3409940556376396,0.02429552153948633,0.41465145473959525,0.3968395953756212,44.531091576570184,0.01781185936397406,0.10856682397793264,0.3409940556376396,0.8787702236202122,-0.19678211234493292,-40063269.0,-0.031021825396827296,0.015903365807762526,0.04692519120458982,0.04692519120458982,0.14028580616422914,-0.5605917067301956,-0.03367000852212391,0.2688880839912863,0.0
822,0.3564858490566024,0.31841269841269904,0.3387500000000031,0.3549394518801797,1731437.0,0.1,0.5023613283890539,0.3448848396730222,-0.010054612207157532,0.40546499276122366,0.39512938543703174,46.42661364106628,0.01033560732419192,0.0889205806471845,0.3448848396730222,0.8802504098652304,-0.19048073051918601,-38331832.0,-0.02033730158730407,0.0017141643145457408,0.02205146590184981,0.02205146590184981,0.13353866854135799,-0.4894209764535207,-0.02835258355543946,0.2676827850961041,-1.0
823,0.38655660377358314,0.3507936507936499,0.4168750000000031,0.3644996813256881,1843589.0,0.1,0.473148233651043,0.34900438795821637,-0.01549529336747174,0.39916263715575667,0.39387919343248706,47.72549865790951,0.00528344372326961,0.07219315326240153,0.34900438795821637,0.8818077829605024,-0.18379900704406976,-36488243.0,-0.06608134920635322,0.004145801086529843,0.06193554811982338,0.06193554811982338,0.1327817427844765,-0.49025074363670296,-0.029213094738010998,0.26640169750114306,-1.0
824,0.4077830188679229,0.3126984126984119,0.225,0.21408540471638063,1969385.0,0.1,0.43151898707437747,0.3503750119201107,0.1362896072037301,0.37068921678046807,0.3865406714440745,48.51981814204446,-0.015851454663606435,0.05458423167719994,0.3503750119201107,0.8814047230803361,-0.18065469924011474,-38457628.0,0.08769841269841192,0.05180126862727619,0.1394996813256881,0.1394996813256881,0.13640092652747762,-0.7000077131362833,-0.04162924657666552,0.26551485558011273,1.0
825,0.27275943396226265,0.1755555555555567,0.25625,0.21153601019757887,2015290.0,0.1,0.3744074045908424,0.35163333789013596,0.1400973276925571,0.3462041080754082,0.3793976240462584,49.299895646233395,-0.033193515970850185,0.03702868214758992,0.35163333789013596,0.8810181063027696,-0.17775143052249764,-40472918.0,-0.08069444444444326,0.038529849160823915,0.04216459528361935,0.04216459528361935,0.13197927647967087,-0.7641410339260445,-0.057111582483535095,0.2646923842063168,1.0
826,0.2680424528301891,0.17301587301587276,0.20500000000000398,0.15289993626513834,2075259.0,0.1,0.2954823992796039,0.3513445581532353,0.19844462188809694,0.316465004719982,0.3701528204633555,50.140954094340316,-0.0536878157433735,0.018885382569397237,0.3513445581532353,0.8811562511744329,-0.17846713486796228,-42548177.0,-0.03198412698413122,0.038520137181706104,0.006536010197574882,0.038520137181706104,0.13041676122280924,-0.8610000579407833,-0.07892500531123849,0.2649058465105988,1.0
827,0.22205188679245183,0.14761904761904746,0.2181250000000027,0.14206500956022908,2107234.0,0.1,0.2158912258338652,0.3472493216099825,0.20518431204975343,0.2896342362338662,0.3608431138958809,50.1480616414968,-0.07120887766201472,0.0008665305231148439,0.3472493216099825,0.8804900343528959,-0.18599139113293078,-44655411.0,-0.07050595238095525,0.005280888646090887,0.06522506373486436,0.06522506373486436,0.1358521832007146,-0.870515579064732,-0.07959117344573871,0.26662035637145665,1.0
828,0.20966981132075305,0.16666666666666644,0.15500000000000327,0.21982154238368637,2179705.0,0.1,0.22290206076057037,0.3453954616975214,0.12557391931383502,0.27889382179537703,0.3550871313851791,50.53777428693412,-0.07619330958980208,-0.01454543749946854,0.3453954616975214,0.8797996059116346,-0.1890086825165918,-42475706.0,0.011666666666663161,0.024601657106437358,0.012934990439774197,0.024601657106437358,0.0548057303838266,0.6200093940817506,0.007010834926705141,0.2672020721070566,1.0
829,0.2645047169811313,0.3260317460317438,0.28000000000000325,0.3549394518801797,2284004.0,0.1,0.24032292330571603,0.3461198158086615,-0.0088196360715182,0.2905931495007313,0.35508110365028117,51.14962692137085,-0.06448795414954989,-0.02453394082948481,0.3461198158086615,0.8804785387811245,-0.18823890716380137,-40191702.0,0.04603174603174054,0.10621020364805742,0.06017845761631688,0.10621020364805742,0.059547540959766394,1.432940148536494,0.017420862545145667,0.26717936148623145,1.0
830,0.3954009433962241,0.41873015873015473,0.41187500000000055,0.39318036966220615,2450300.0,0.1,0.2647546207775665,0.35139914169177566,-0.04178122797043049,0.3063757987563428,0.35663617573240053,53.959621923237904,-0.05026037697605773,-0.029679228058799398,0.35139914169177566,0.8824265585304156,-0.1796282751468643,-37741402.0,0.006855158730154187,0.06379070684997501,0.05693554811982082,0.06379070684997501,0.06103934141906167,2.9318036966220613,0.024431697471850516,0.26551370841932,1.0
831,0.42134433962264095,0.4231746031746034,0.45187500000000325,0.451179094964948,2572143.0,0.1,0.2862120246441483,0.3578867743520302,-0.09329232061291781,0.32865322894228205,0.3604950703949535,57.143647525996776,-0.03184184145267144,-0.030111750737573807,0.3578867743520302,0.8859530088764929,-0.17017946017243246,-35169259.0,-0.02870039682539982,0.029994233512397273,0.058694630337797093,0.058694630337797093,0.05926389394721127,1.3293846660085555,0.021457403866581792,0.26403311726223133,1.0
832,0.4814858490566024,0.3958730158730134,0.41812500000000197,0.3817080943275982,2638377.0,0.1,0.29646271510516387,0.36363732177173397,-0.018070772555864256,0.3368155159246384,0.36136090810648996,60.966608214780365,-0.02454539218185159,-0.028998479026429366,0.36363732177173397,0.8864697633171843,-0.1591951197737163,-37807636.0,-0.02225198412698859,0.055306079091934635,0.033054094964946046,0.055306079091934635,0.06041041331552854,0.4754865730475506,0.010250690461015566,0.26141622077272514,1.0
833,0.4219339622641506,0.3380952380952372,0.4056250000000027,0.3797960484384987,2680344.0,0.1,0.30172084130019267,0.3671877602808693,-0.012608288157629377,0.34342790554215535,0.36211336281391887,64.53722241287326,-0.018685457271763517,-0.026935874675496196,0.3671877602808693,0.8880516804179257,-0.1536761598561871,-40487980.0,-0.06752976190476545,0.043612856232361,0.023916905672404454,0.043612856232361,0.06013438540117613,0.19923525860334346,0.005258126195028782,0.2604319600685282,1.0
834,0.4219339622641506,0.3311111111111117,0.40500000000000325,0.36577437858508544,2717341.0,0.1,0.3026237518589348,0.3712746791529071,0.005500300567821692,0.34686582447183695,0.3622627920290685,68.5920325227905,-0.015396967557231578,-0.024628093251843272,0.3712746791529071,0.8888735632859898,-0.1463242049801755,-43205321.0,-0.07388888888889156,0.04868493732738699,0.025203951561504567,0.04868493732738699,0.06235384135330423,0.030526126773203544,0.0009029105587421427,0.2587994420665413,1.0
835,0.4125,0.39968253968253575,0.3756250000000051,0.4505417463352458,2788544.0,0.1,0.3097939239430646,0.37837048258034583,-0.07217126375489996,0.36281596629697677,0.36586601465381047,73.3552119101979,-0.003050048356833701,-0.02031248427284136,0.37837048258034583,0.8906452096584649,-0.13390424449777322,-40416777.0,0.02405753968253066,0.03390816109745032,0.009850621414919658,0.03390816109745032,0.060018225768106476,0.23605525441509867,0.007170172084129807,0.2561373635390595,1.0
836,0.475,0.5361904761904753,0.47750000000000126,0.5601657106437216,3009103.0,0.1,0.33863394943700964,0.3873950049611808,-0.17277070568254077,0.3931774654272452,0.37379661449013335,78.4010102833351,0.019380850937111838,-0.01237381723085072,0.3873950049611808,0.8968332319952417,-0.12204322207288004,-37407674.0,0.05869047619047407,0.08564872985522953,0.02695825366475546,0.08564872985522953,0.055530646478901595,1.6165525454004048,0.02884002549394508,0.2547191135170304,1.0
837,0.5964622641509422,0.6168253968253964,0.5925000000000032,0.6289993626513727,3158196.0,0.1,0.37342256214149255,0.3984158250164178,-0.23058353763495487,0.42945775730788016,0.38421305319059207,83.90391101143427,0.04524470411728809,-0.0008501129612229572,0.3984158250164178,0.9053375008805452,-0.10850585084770958,-34249478.0,0.024325396825393142,0.05665968618167483,0.03233428935628169,0.05665968618167483,0.05673857072040622,1.9734859897559507,0.03478861270448282,0.2534608379320637,1.0
838,0.6459905660377337,0.7679365079365063,0.6868750000000027,0.7284257488846414,3430720.0,0.26666666666666666,0.42138304652645103,0.40961408872424165,-0.31881166016039975,0.4754528329350742,0.39826255097402263,90.04775147359011,0.07719028196105154,0.014757966023231943,0.40961408872424165,0.9215333710113455,-0.10230519356286216,-30818758.0,0.08106150793650357,0.13893714528513357,0.057875637348629994,0.13893714528513357,0.06510665472902517,3.764068361817393,0.04796048438495859,0.2559596411435519,1.0
839,0.7521226415094325,0.6809523809523789,0.7237500000000011,0.6863607393244123,3552452.0,0.26666666666666666,0.4667410240067997,0.4198176268541063,-0.26654311247030604,0.5079002031488185,0.4100216607026099,95.63478098221013,0.09787854244620853,0.03138208130782726,0.4198176268541063,0.9339111964028396,-0.09427594269462702,-34371210.0,-0.04279761904762225,0.047473367932262533,0.004675748884640285,0.047473367932262533,0.06362734674547503,3.8313144908030763,0.04535797748034861,0.25704678477436665,1.0
840,0.7143867924528301,0.9082539682539682,0.7556250000000005,0.9291905672402819,3968669.0,0.26666666666666666,0.525855109411516,0.43404437162615755,-0.4951461956141244,0.5727141053167359,0.43121222831639244,95.84609951237958,0.1415018770003435,0.053406040446330516,0.43404437162615755,0.9660076488996023,-0.09791890564728717,-30402541.0,0.15262896825396766,0.22189322892955587,0.06926426067558822,0.22189322892955587,0.08006831106406824,3.2270223253116432,0.0591140854047163,0.26598163863672236,0.0
841,0.9408018867924518,1.0365079365079368,0.955000000000004,1.081516889738689,4349699.0,0.43333333333333335,0.5864032292330584,0.4530425928138953,-0.6284742969247938,0.6509914567662671,0.45775527572138414,96.34565954980539,0.193236181044883,0.08137206856604101,0.4530425928138953,1.0109291206464721,-0.10484393501868144,-26052842.0,0.08150793650793287,0.1073173692676549,0.02580943275972203,0.1073173692676549,0.08016057486570136,2.047046148321058,0.06054811982154245,0.2789432639162884,-1.0
842,1.056957547169811,1.0238095238095242,0.9612500000000018,0.9438495857233938,4561359.0,0.6,0.6322923305714908,0.46798903304676914,-0.4758605526766247,0.696046553528902,0.4775958598030988,96.51027500011405,0.21845069372580317,0.10878779359799345,0.46798903304676914,1.0393517259110223,-0.10337365981748398,-30614201.0,0.06255952380952234,0.05770736592916492,0.12026688973868727,0.12026688973868727,0.08486692343976071,1.4005511428108308,0.045889101338432305,0.28568134643212656,0.0
843,0.9408018867924518,1.0784126984126972,0.9937500000000007,1.1,4838413.0,0.7666666666666666,0.6863607393244117,0.48681005577404174,-0.6131899442259583,0.7581932376013787,0.5030001104233804,96.70553171392953,0.25519312717799825,0.13806886031399443,0.48681005577404174,1.0807244365578408,-0.10710432500975736,-25775788.0,0.08466269841269647,0.13456311268930332,0.04990041427660685,0.13456311268930332,0.09118929696905291,1.4380562226303035,0.05406840875292101,0.29695719039189955,-1.0
844,1.1,1.1,1.1,1.0426386233269604,5026783.0,0.9333333333333332,0.7414382834076919,0.5017431047448686,-0.5408955185820918,0.801954066174545,0.525026172174547,96.83005821251022,0.27692789399999806,0.16584066705119516,0.5017431047448686,1.1148594631717945,-0.1113732536820573,-30802571.0,0.0,0.0,0.0,0.0,0.08658045704472501,1.7315077642344239,0.05507754408328019,0.30655817921346296,-1.0
845,1.025707547169811,0.9984126984126988,1.0300000000000034,1.0037603569152354,5179403.0,1.1,0.7934353091140868,0.5167835667260573,-0.48697679018917805,0.8330011878269589,0.5445663429802894,96.94365588913925,0.2884348448466695,0.19035950261029003,0.5167835667260573,1.1431379709469287,-0.10957083749481411,-35981974.0,-0.031587301587304606,0.044225924914261694,0.012638623326957088,0.044225924914261694,0.08663154610155006,1.6428931028695963,0.05199702570639472,0.3131772021104357,-1.0
846,0.9962264150943397,0.9603174603174608,0.8856250000000031,0.9202676864244722,5400547.0,1.1,0.8396430847673689,0.5294927420114155,-0.3907749444130567,0.8464268029958071,0.5599010916922968,97.02312058331137,0.28652571130351023,0.20959274434893407,0.5294927420114155,1.16343608722355,-0.1044506032007192,-41382521.0,0.07469246031745769,0.04344289659777456,0.11813535691523225,0.11813535691523225,0.09241908106720385,1.5159435441714573,0.04620777565328223,0.31697167260606735,-1.0
847,0.926061320754718,0.8714285714285687,0.892500000000004,0.8762906309751471,5529997.0,1.1,0.8751221584873607,0.5417888062930948,-0.33450182468205236,0.8510212380695518,0.5728149504385356,97.1028792919967,0.2782062876310162,0.22331545300535052,0.5417888062930948,1.1793306584772127,-0.09575304589102318,-46912518.0,-0.02107142857143529,0.04883911499590354,0.027767686424468252,0.04883911499590354,0.09366332722540828,0.9449710001414693,0.03547907371999178,0.318770926092059,-1.0
848,0.8788915094339614,0.9730158730158734,0.9050000000000032,1.0298916507329516,5669769.0,1.1,0.9142659868281298,0.5563083293197282,-0.47358332141322346,0.8785397630946903,0.5914711422872873,97.18108170424802,0.28706862080740303,0.23606608656576103,0.5563083293197282,1.2060489584232268,-0.09343229978377043,-41242749.0,0.0680158730158702,0.0967252420407263,0.028709369024856102,0.0967252420407263,0.09458636990753301,0.8385481852315426,0.039143828340769175,0.3248703145517493,-1.0
849,1.0233490566037724,0.9730158730158734,0.9050000000000032,0.8558954748247295,5769103.0,1.1,0.9331739961759097,0.5682978657270615,-0.28759760909766796,0.8750560264377732,0.6022639721867746,97.24711563269327,0.2727920542509986,0.24341128010280855,0.5682978657270615,1.218478838651674,-0.0818831071975511,-47011852.0,0.0680158730158702,0.05687577771707819,0.12489165073294839,0.12489165073294839,0.10027236695347247,0.3607255041037547,0.018908009347779732,0.3250904864623063,-1.0
850,0.8606132075471699,0.8549206349206336,0.81875,0.8029955385595947,5895464.0,1.1,0.9393881453154891,0.5809312955076591,-0.22206424305193562,0.863969797533438,0.6104570973448489,97.32445954258641,0.2535127001885892,0.2454315641199647,0.5809312955076591,1.2251458568289715,-0.06328326581365329,-52907316.0,0.03617063492063366,0.0009748399040958589,0.03714547482472952,0.03714547482472952,0.0917897277484388,0.10237116108146083,0.006214149139579443,0.3221072806606562,-1.0
851,0.7992924528301891,0.8269841269841244,0.8550000000000025,0.8597195666029321,5984013.0,1.1,0.9538347142553657,0.5939178773876442,-0.2658016892152879,0.8633159158518218,0.6206310756819134,97.4026743169544,0.24268484016990832,0.24488221932995344,0.5939178773876442,1.2348810142113043,-0.047045259436015674,-46923303.0,-0.028015873015878157,0.023988588424529667,0.05200446144040782,0.05200446144040782,0.09216731887411757,0.2525768409323028,0.01444656893987665,0.32048156841182995,-1.0
852,0.8570754716981156,0.802857142857141,0.830000000000004,0.8202039515615048,6062111.0,0.1,0.9447524962821343,0.6069098157724483,-0.21329413578905654,0.8566833059610037,0.6287769073504682,97.47286110432066,0.22790639861053552,0.24148705518606986,0.6069098157724483,1.240207917265355,-0.026388285720458482,-52985414.0,-0.02714285714286291,0.05686242374579109,0.029719566602928182,0.05686242374579109,0.07841475177547051,-0.11729199533575763,-0.009082217973231424,0.3166490507464534,-1.0
853,0.8293632075471699,0.8073015873015862,0.8675000000000018,0.8463352453792211,6134207.0,0.1,0.9251540259188452,0.6144980027026973,-0.23183724267652384,0.8550912966407295,0.637656839514907,97.47843925860535,0.21743445712582243,0.23667653557402038,0.6144980027026973,1.2504101436015014,-0.021414138196106824,-46851207.0,-0.06019841269841564,0.012902364259918642,0.047296048438496996,0.047296048438496996,0.07341297503970735,-0.21745535977370767,-0.019598470363289,0.31795607044940205,-1.0
854,0.8523584905660385,0.8079365079365054,0.8675000000000018,0.8138304652645004,6189576.0,0.1,0.9143190992139374,0.6178874631532834,-0.19594300211121707,0.8487434764290019,0.6448475997495843,97.43558206833765,0.20389587667941766,0.23012040379509985,0.6178874631532834,1.2563266879714474,-0.020551761664880708,-53040783.0,-0.059563492063496426,0.038398737442715714,0.021164754620780712,0.038398737442715714,0.06659062901504305,-0.13775406847187732,-0.010834926704907785,0.31921961240908203,-1.0
855,0.8323113207547145,0.768571428571429,0.6325000000000024,0.5996813256851524,6458325.0,0.1,0.872625876354367,0.6132643468323301,0.013583021147177687,0.8104262224684098,0.6430040783591993,96.26495080689848,0.16742214410921052,0.217580751857922,0.6132643468323301,1.248885337891266,-0.022356644226605993,-59499108.0,0.13607142857142662,0.04525903669307141,0.18133046526449803,0.18133046526449803,0.07048790839630928,-0.45483515846804334,-0.04169322285957064,0.31781049552946805,1.0
856,0.6306603773584903,0.6428571428571409,0.658125000000004,0.6481198215423859,6576285.0,0.1,0.8397493095389857,0.6105085571296146,-0.037611264412771295,0.7854560069413292,0.6432128842034109,95.49649494563518,0.14224312273791828,0.20251322603392127,0.6105085571296146,1.2443138045782371,-0.02329669031900794,-52922823.0,-0.01526785714286305,0.043175817171988484,0.058443674314851535,0.058443674314851535,0.07535821458921357,-0.37838498685738564,-0.03287656681538121,0.31690262372431127,1.0
857,0.6607311320754711,0.6028571428571418,0.5550000000000018,0.5161886551943929,6730580.0,0.1,0.799118334395582,0.6062470991885888,0.09005844399419582,0.7440302605187236,0.6380282217948796,94.34143939761347,0.10600203872384395,0.18321098857190582,0.6062470991885888,1.2397752624134548,-0.02728106403627739,-59653403.0,0.047857142857139934,0.04526267868524414,0.09311982154238407,0.09311982154238407,0.07943270597489044,-0.48574512667470926,-0.04063097514340353,0.3167640816124331,1.0
858,0.5516509433962241,0.6092063492063481,0.580000000000004,0.5894837476099454,6837288.0,0.1,0.7715530061610382,0.6040452927940989,0.014561545184153535,0.720253873917373,0.6360468146852905,93.65303242644119,0.0842070592320826,0.1634102027039412,0.6040452927940989,1.237045354301285,-0.028954768713086998,-52816115.0,0.02920634920634413,0.09301769401195514,0.06381134480561101,0.09301769401195514,0.07733956739961735,-0.35944317473508813,-0.0275653282345439,0.31650003075359295,1.0
859,0.6082547169811313,0.5539682539682523,0.6237500000000032,0.6047801147227524,6906517.0,0.1,0.7489271298066719,0.6017478614720351,-0.0030322532507173205,0.7024886801951238,0.6347706228500848,92.90534278216455,0.067718057345039,0.14427177363216073,0.6017478614720351,1.233901915749739,-0.03040619280566892,-45909598.0,-0.06978174603175091,0.03551549364169304,0.03426625239005787,0.03551549364169304,0.07622926562009981,-0.30984071568841776,-0.02262587635436623,0.316077027138852,1.0
860,0.6229952830188651,0.5539682539682523,0.6175000000000018,0.5977692797960493,6975007.0,0.1,0.7129169322285968,0.5993339638920284,0.0015646840959790964,0.6863780032106508,0.6332603639499201,92.07542910066235,0.053117639260730654,0.12604094675787472,0.5993339638920284,1.2306269561192924,-0.03195902833523556,-52884605.0,-0.06353174603174949,0.05081186075450006,0.012719885277249432,0.05081186075450006,0.07240315051291428,-0.41958041958041914,-0.03601019757807519,0.315646496113632,1.0
861,0.6324292452830157,0.5520634920634911,0.5675000000000011,0.501529636711281,7061389.0,0.1,0.6833864457191426,0.5910976021568468,0.08956796544556578,0.6579397929799786,0.6278835995728328,89.65706751291972,0.030056193407145826,0.10684399608772895,0.5910976021568468,1.2168238154644988,-0.03462861115080529,-59945994.0,-0.015436507936509969,0.04570578773255818,0.03026927979604821,0.04570578773255818,0.0658043285962151,-0.41402933948916554,-0.02953048650945404,0.31286310665382605,1.0
862,0.5404481132075446,0.48984126984126986,0.5675000000000011,0.5168260038240952,7144041.0,0.1,0.6595389844911844,0.5789481439031822,0.06212214007908701,0.6362299792636888,0.6233506364810476,86.05990220686598,0.012879342782641245,0.08805106542671141,0.5789481439031822,1.1866970825777778,-0.028800794771413507,-52801953.0,-0.07765873015873126,0.01168836687001118,0.06597036328872008,0.06597036328872008,0.06820640263488098,-0.35637749027700405,-0.023847461227958295,0.30387446933729784,1.0
863,0.544575471698112,0.46507936507936376,0.3931250000000034,0.3421924792861709,7321960.0,0.1,0.6164117272147877,0.5632196728277045,0.22102719354153355,0.5909934408056091,0.6118747933302363,81.4937947140521,-0.020881352524627195,0.0662645818364437,0.5632196728277045,1.1550507129075758,-0.028611367252166953,-60123913.0,0.07195436507936037,0.0517466387447314,0.12370100382409177,0.12370100382409177,0.07418111450018798,-0.6019719771665788,-0.04312725727639677,0.2959155200399357,1.0
864,0.37712264150943253,0.3673015873015849,0.40500000000000325,0.4224984066284264,7480661.0,0.1,0.5832695984703645,0.5691948162311463,0.1466964096027199,0.5650711278552734,0.6041451448934277,82.21113412661929,-0.039074017038154385,0.04519686206152408,0.5691948162311463,1.1490634887334243,-0.01067385627113171,-52643252.0,-0.03769841269841834,0.025109108015413995,0.06280752071383233,0.06280752071383233,0.07467653924752475,-0.4848861605408342,-0.033142128744423204,0.289934336251139,1.0
865,0.48207547169811205,0.4879365079365051,0.45500000000000396,0.5200127469725956,7612407.0,0.1,0.556076056936479,0.5769890588485247,0.05697631187592911,0.5581390692579383,0.6007111694680877,82.84812681623427,-0.042572100210149344,0.027643069607189402,0.5769890588485247,1.1435182713360212,0.010459846361028147,-45030845.0,0.03293650793650116,0.0654381013080787,0.03250159337157754,0.0654381013080787,0.07618837698665655,-0.38557120265079925,-0.027193541533885462,0.2832646062437483,1.0
866,0.5504716981132084,0.49047619047618907,0.5625000000000021,0.5333970681963031,7672265.0,0.1,0.5327066071807959,0.5860181644359476,0.052621096239644505,0.5543326075561483,0.5979636551304638,83.65834161668401,-0.04363104757431546,0.01338824617088843,0.5860181644359476,1.1350361548839456,0.037000173987949525,-37358580.0,-0.07202380952381304,0.02953655649640652,0.042487253027406524,0.042487253027406524,0.07652908661871412,-0.3445845406844712,-0.023369449755683114,0.274508995223999,1.0
867,0.6507075471698108,1.0492063492063495,0.6800000000000018,1.0560229445506715,423759.0,0.26666666666666666,0.5707350754195891,0.6039834289356291,-0.4520395156150424,0.6315157363245365,0.6166599526578191,84.39687954695826,0.01485578366671736,0.013681753670054217,0.6039834289356291,1.1569779941320788,0.05098886373917921,-36934821.0,0.36920634920634765,0.5158092810100464,0.14660293180369877,0.5158092810100464,0.10440232126417648,0.7609735359761891,0.03802846823879325,0.2764972825982249,-1.0
868,1.055188679245282,1.0492063492063495,0.9800000000000025,0.9980242192479295,734530.0,0.43333333333333335,0.5998937752283844,0.6193860208200564,-0.37863819842787305,0.6879016567742893,0.6322258410900685,84.91910121458511,0.05567581568422075,0.022080566072887525,0.6193860208200564,1.1742749287191434,0.06449711292096949,-37669351.0,0.06920634920634694,0.006816595344321996,0.07602294455066894,0.07602294455066894,0.1058672604504946,0.5398760940112066,0.0291586998087953,0.2774444539495435,-1.0
869,0.9879716981132084,0.9984126984126988,0.955000000000004,0.9285532186105797,954306.0,0.6,0.6342574888464,0.6321329934140654,-0.29642022519651434,0.7249249739798724,0.6443208360909057,85.25108933859944,0.0806041378889667,0.03378528043610336,0.6321329934140654,1.1867277523463073,0.07753823448182329,-38623657.0,0.043412698412694795,0.00038847916476925093,0.043024219247925544,0.043412698412694795,0.10172500018968716,0.7988640572910175,0.034363713618015566,0.27729737946612104,-1.0
870,0.9242924528301856,0.8771428571428558,0.8050000000000018,0.7832377310388793,1154947.0,0.6,0.6504036541321444,0.6410558742298716,-0.14218185680900763,0.7338961673735658,0.6499909134357209,85.428651723064,0.08390525393784487,0.043809275136451664,0.6410558742298716,1.1911958990149416,0.09091584944480169,-39778604.0,0.07214285714285396,0.05141036146772393,0.12355321861057789,0.12355321861057789,0.1042696272395724,0.3286841820737332,0.01614616528574449,0.275070012392535,0.0
871,0.7969339622641506,0.8073015873015862,0.8050000000000018,0.8482472912683242,1245521.0,0.6,0.6706925855109421,0.6511339494370098,-0.19711334183131446,0.7514886479727594,0.6580830104901128,85.63345331715516,0.09340563748264663,0.053728547605690666,0.6511339494370098,1.1982933265370599,0.10397457233695961,-38533083.0,0.0023015873015843624,0.024063856262706906,0.021762268961122544,0.024063856262706906,0.10331532412465688,0.40257139846137924,0.020288931378797653,0.27357968855002507,-1.0
872,0.8582547169811313,0.7952380952380927,0.824375000000002,0.7634799235181638,1296574.0,0.6,0.6845018058211183,0.6625796685787136,-0.1009002549394502,0.7533334595951293,0.6623849253075842,85.96695330026998,0.09094853428754512,0.06117254494206156,0.6625796685787136,1.1951828088036085,0.12997652835381868,-39829657.0,-0.02913690476190922,0.053009196030231465,0.023872291268322243,0.053009196030231465,0.1034984353976345,0.27721505490990217,0.01380922031017621,0.2663015701124475,0.0
873,0.7757075471698108,0.7444444444444421,0.6956250000000018,0.6812619502868053,1423848.0,0.6,0.6994794986190787,0.6723656256639058,-0.008896324622899465,0.7422455350861563,0.6631554161230626,86.23736426102032,0.0790901189630937,0.064756059746268,0.6723656256639058,1.188108317692628,0.15662293363518365,-41253505.0,0.04881944444444031,0.019035479073721717,0.06785492351816202,0.06785492351816202,0.10534419671310148,0.3583682805947357,0.014977692797960351,0.25787134601436107,0.0
874,0.6931603773584903,0.7190476190476168,0.705000000000004,0.6940089228808141,1493759.0,0.6,0.7142447418738053,0.6836387295517325,-0.010370193329081512,0.734824517823796,0.6644147429295014,86.63436565380898,0.07040977489429456,0.06588680277587332,0.6836387295517325,1.1761280653047934,0.1911493937986718,-39759746.0,0.01404761904761287,0.037785668760811575,0.023738049713198706,0.037785668760811575,0.1029954721691091,0.34282895548155157,0.014765243254726576,0.24624466787653038,0.0
875,0.7055424528301891,0.6428571428571409,0.6306250000000005,0.6391969407265762,1587554.0,0.6,0.7389951136605056,0.6939956447843647,0.05479870405778853,0.7201125828857622,0.6633854448804024,87.70706268025562,0.05672713800535978,0.06405486982177061,0.6939956447843647,1.1601648897921981,0.22782639977653124,-41347300.0,0.01223214285714036,0.051151780023673155,0.06338392288081351,0.06338392288081351,0.09796904875716926,0.8679456137083144,0.024750371786700438,0.23308462250391673,0.0
876,0.669575471698112,0.5920634920634903,0.6443750000000023,0.6328234544295718,1646093.0,0.1,0.756522200977268,0.7025998512853207,0.06977639685574888,0.7066834862001945,0.6621380166987358,88.28229223370111,0.04454546950145866,0.06015298975770822,0.7025998512853207,1.1477901421694017,0.2574095604012396,-42993393.0,-0.05231150793651196,0.047133448663085886,0.005178059273426072,0.047133448663085886,0.09666287608627372,0.4978126414240407,0.017527087316762113,0.22259514544204054,0.0
877,0.6595518867924518,0.6809523809523789,0.6868750000000027,0.7175908221797357,1705596.0,0.1,0.7729870405778628,0.7101550881665614,-0.007435734013174322,0.7083615378893547,0.6644013965142868,88.4513822559893,0.043960141375067985,0.056914420081180174,0.7101550881665614,1.143391420043234,0.27691875628988877,-41287797.0,-0.005922619047623812,0.04812892652280709,0.0540515455704309,0.0540515455704309,0.09571399644146973,0.3799485231033237,0.01646483960059501,0.2166181659383363,0.0
878,0.7385613207547145,0.7571428571428548,0.7512500000000045,0.7832377310388793,1780767.0,0.1,0.7938070958147442,0.7182812831952421,-0.06495644784363719,0.7198809522200509,0.6692518591479435,88.52042085325238,0.05062909307210739,0.055657354679365625,0.7182812831952421,1.141752211596129,0.2948103547943552,-39507030.0,0.005892857142850261,0.0395520349631191,0.03365917782026884,0.0395520349631191,0.09546939493611245,0.4683952682518848,0.020820055236881352,0.21173546420044345,0.0
879,0.8051886792452819,0.7952380952380927,0.8443750000000051,0.8049075844486943,1839380.0,0.1,0.772880815806246,0.7256506267261535,-0.07925695772254071,0.7329619725629191,0.6747888275275659,88.54163586426186,0.0581731450353532,0.05616051275056315,0.7256506267261535,1.1423911102830577,0.30891014316924936,-37667650.0,-0.04913690476191235,0.012000364199213465,0.06113726896112581,0.06113726896112581,0.0575800605987024,-0.23779346973263404,-0.0209262800084981,0.2083702417784521,-1.0
880,0.8110849056603783,0.7488888888888873,0.75625,0.6914595283620159,1885726.0,0.1,0.7473337582324199,0.7321037816018704,0.040644253239854544,0.7265769811473956,0.6754692642963188,88.55848537806338,0.051107716851076734,0.05514995357066586,0.7321037816018704,1.1364974282049403,0.3277101349988004,-39553376.0,-0.007361111111112706,0.056018695559806986,0.04865758444869428,0.056018695559806986,0.05591303984946391,-0.3071715946101271,-0.025547057573826137,0.202196823301535,0.0
881,0.7255896226415096,0.7444444444444421,0.7425000000000018,0.7246016571064388,1922578.0,0.1,0.7303377947737416,0.7392872317824525,0.014685574676013724,0.7262730851410946,0.677474668084487,88.64482548972467,0.04879841705660759,0.05387964626785421,0.7392872317824525,1.1301385394964307,0.3484359240684742,-37630798.0,0.0019444444444403075,0.05298491608242628,0.051040471637985974,0.05298491608242628,0.05671072465527486,-0.21964445054567727,-0.016995963458678414,0.19542565385698915,0.0
882,0.7303066037735867,0.7050793650793657,0.7818750000000051,0.7449968132568529,1935798.0,0.1,0.7271510516252393,0.7471876991714477,0.00219088591459482,0.7291536586973651,0.6802306740098897,88.73406533267051,0.04892298468747547,0.05288831395177846,0.7471876991714477,1.1222066166011218,0.37216878174177354,-35695000.0,-0.07679563492063934,0.019522292027073007,0.05727334289356634,0.05727334289356634,0.051187401678857235,-0.048824151680364025,-0.0031867431485022024,0.18750945871483707,0.0
883,0.762735849056606,0.6936507936507915,0.7143750000000025,0.6474824729126837,1961290.0,0.1,0.7104206500956026,0.7512906309751445,0.1038081580624608,0.7165888608843373,0.6788940127406159,88.6641491157134,0.03769484814372137,0.04984962079016704,0.7512906309751445,1.11725130093412,0.3853299610161689,-37656290.0,-0.020724206349211016,0.05134601960606133,0.030621813256850317,0.05134601960606133,0.053460915290803435,-0.23668194454880143,-0.016730401529636712,0.1829803349794878,0.0
884,0.6801886792452819,0.667619047619047,0.7193750000000051,0.6761631612492053,1980716.0,0.1,0.7031442532398561,0.7537072445294252,0.07754408328021989,0.7103695224789323,0.6787825494144358,88.50666648690576,0.031586973064496426,0.04619709124503292,0.7537072445294252,1.1160259969897761,0.39138849206907417,-35675574.0,-0.05175595238095809,0.02013657470636332,0.07189252708732141,0.07189252708732141,0.0550345262122276,-0.11436680858168136,-0.0072763968557465475,0.1811593762301755,0.0
885,0.7043632075471699,0.629523809523809,0.7006250000000044,0.6589547482472916,2002279.0,0.1,0.7012853197365633,0.7543313150626737,0.09537656681538209,0.702459557212526,0.6779732514076136,88.24983030267259,0.0244863058049124,0.04185493415700882,0.7543313150626737,1.1158749449294612,0.39278768519588625,-37677853.0,-0.07110119047619534,0.04663935172539624,0.024461838750799103,0.04663935172539624,0.05326656189616378,-0.032743942370658585,-0.0018589335032928034,0.18077181493339373,0.0
886,0.6754716981132084,0.6536507936507924,0.7237500000000011,0.6672402804333991,2020945.0,0.1,0.699054599532612,0.7530566178032726,0.08581633736987349,0.6970412069388141,0.6775351709596864,87.71379126827617,0.0195060359791277,0.037385154521432595,0.7530566178032726,1.1154039137099154,0.39070932189662966,-35656908.0,-0.07009920634920874,0.0053039545964992385,0.0647952517527095,0.0647952517527095,0.05551736047882194,-0.038571034989433484,-0.0022307202039512455,0.18117364795332147,0.0
887,0.6813679245283012,0.6111111111111093,0.6643750000000018,0.6360101975780758,2059269.0,0.1,0.6987890376035703,0.7520076481835573,0.1159974506054815,0.687651820883316,0.6758402740869676,87.22659923100896,0.011811546796348438,0.03227043297641577,0.7520076481835573,1.1154336126174635,0.388581683749651,-37716177.0,-0.05326388888889255,0.05612916932228984,0.002865280433397288,0.05612916932228984,0.0549127976822783,-0.004985541928404835,-0.00026556192904170217,0.18171298221695312,0.0
888,0.2185819070904639,0.21227364185110567,0.2397849462365599,0.24030819140308105,2083378.0,0.1,0.6660794323513628,0.7376559320202823,0.49734774061720133,0.618829724040203,0.6580634543855844,84.0144503865714,-0.03923373034538147,0.01796960031205632,0.7376559320202823,1.1260489633277593,0.3492629007128055,-39799555.0,-0.02751130438545424,0.4237365557269701,0.39622525134151587,0.4237365557269701,0.08629638993760198,-0.6202602957886647,-0.03270960525220756,0.1941965156537384,0.0
889,0.24669926650366705,0.21468812877263446,0.2561477325853211,0.22206001622059937,2104758.0,0.1,0.6247851985214347,0.7197505804886554,0.497690564268056,0.5577882305294948,0.6402673956849728,79.95338835203134,-0.08247916515547804,-0.0021201527814505537,0.7197505804886554,1.1223683324967024,0.3171328284806083,-41904313.0,-0.041459603812686624,0.025620062630446583,0.01583954118224004,0.025620062630446583,0.0839270996926033,-0.6905478590904,-0.04129423382992803,0.20130887600402353,-1.0
890,0.22265688671556597,0.21468812877263446,0.25474520804114176,0.21881589618815803,2124227.0,0.1,0.577750045617208,0.7046457119566715,0.4858298157685135,0.5056386406308276,0.6230652936646947,76.56893718247773,-0.11742665303386701,-0.025181452831933848,0.7046457119566715,1.1268437135497031,0.2824477103636398,-44028540.0,-0.040057079268507295,0.007371887447964909,0.032685191820542386,0.032685191820542386,0.08335486276405524,-0.7206264617794618,-0.047035152904226774,0.21109900079651583,-1.0
891,0.23406682966585138,0.18249496981891192,0.1906965871902763,0.16569343065693368,2163785.0,0.1,0.5244821994678945,0.6851809917620241,0.5194875611050904,0.45333937755792086,0.6043970543582554,72.23853699419647,-0.15105767680033455,-0.05035669762561399,0.6851809917620241,1.1189109376419872,0.25145104588206096,-46192325.0,-0.008201617371364378,0.03632092636924611,0.02811930899788173,0.03632092636924611,0.08128683421473193,-0.7941460189241202,-0.05326784614931338,0.21686497293998155,1.0
892,0.1774246128769356,0.1575452716297793,0.19303412809724244,0.19894566098945746,2203466.0,0.1,0.4834393771868481,0.6676040550466595,0.4686583940572021,0.4142018827012342,0.5878480178942228,68.48440452080261,-0.1736461351929886,-0.07501458513908892,0.6676040550466595,1.1104429504601248,0.22476515963319443,-43988859.0,-0.03548885646746314,0.008148159027154378,0.02734069744030876,0.02734069744030876,0.07889700103810708,-0.7122815539750595,-0.04104282228104653,0.22141944770673255,1.0
893,0.20798696006519926,0.190543259557343,0.23043478260869713,0.23138686131386912,2231514.0,0.1,0.4423381442041339,0.6515129405549643,0.42012607924109524,0.3860764947954858,0.5732985829317594,64.97986029201915,-0.1872220881362736,-0.09745608573852585,0.6515129405549643,1.100540723057367,0.20248515805256184,-41757345.0,-0.03989152305135413,0.008402401432114459,0.03148912161923967,0.03148912161923967,0.07710568483284153,-0.680670256485654,-0.04110123298271414,0.22451389125120125,1.0
894,0.23202933985330035,0.190543259557343,0.2136044880785434,0.19570154095701434,2258755.0,0.1,0.3965635381791473,0.6364178125243923,0.440716271567378,0.35678804035879785,0.5578864587695248,61.82570117066508,-0.20109841841072695,-0.11818455227296609,0.6364178125243923,1.097102077503029,0.17573354754575582,-44016100.0,-0.023061228521200405,0.04084360175652613,0.01778237323532572,0.04084360175652613,0.07573653973808818,-0.7373122441940672,-0.04577460602498654,0.23034213248931826,1.0
895,0.2039119804400972,0.18249496981891192,0.2248246844319798,0.21638280616382702,2283200.0,0.1,0.360638565950076,0.6226697328408232,0.4062869266769962,0.3351872350980331,0.5439475341733739,58.91663195137942,-0.20876029907534083,-0.13629970163344104,0.6226697328408232,1.0933885474180518,0.15195091826359453,-41732900.0,-0.04232971461306789,0.013206571138102419,0.029123143474965474,0.029123143474965474,0.07388463339383018,-0.6658090138093864,-0.03592497222907139,0.23535940728861432,1.0
896,0.22591687041564726,0.17887323943661784,0.2079943899018243,0.18110300081103006,2303443.0,0.1,0.31938355258022805,0.6049866359674497,0.4238836351564197,0.311481968284648,0.5291375532198088,55.32931472772502,-0.2176555849351608,-0.15257087829378502,0.6049866359674497,1.0769821872146765,0.13299108472022292,-44036343.0,-0.02912115046520647,0.037509566727209176,0.008388416262002707,0.037509566727209176,0.07101938669715417,-0.7321607990644685,-0.04125501336984794,0.2359977756236134,1.0
897,0.19331703341483256,0.1655935613682086,0.21173445535296978,0.20300081103000736,2315560.0,0.1,0.28138739114545436,0.5913846638050598,0.3883838527750525,0.2947925594762418,0.5158258494569598,52.518656792989795,-0.22103328998071797,-0.16626336063117161,0.5913846638050598,1.0714041100121066,0.11136521759801304,-41720783.0,-0.04614089398476118,0.01550943944282146,0.030631454541939718,0.030631454541939718,0.06968539526519946,-0.6919351266988283,-0.03799616143477369,0.2400097231035234,1.0
898,0.20757946210268977,0.16358148893360216,0.21173445535296978,0.19286293592862905,2337200.0,0.1,0.24185594577005687,0.5786735679169146,0.3858106319882856,0.27911107893045517,0.5026436897211095,49.753734690546125,-0.22353261079065434,-0.17771721066306817,0.5786735679169146,1.0680243587649716,0.08932277706885766,-44057983.0,-0.048152966419367615,0.039419322096405196,0.00873364432296242,0.039419322096405196,0.06757073446050743,-0.710954296998741,-0.03953144537539751,0.24467539542402847,1.0
899,0.2096169519152408,0.15835010060362045,0.21266947171575482,0.18880778588807737,2350660.0,0.1,0.20458907812922367,0.5646962391520218,0.3758884532639445,0.2652182646162432,0.4898340609932306,46.81947649012886,-0.22461579637698742,-0.18709692780585202,0.5646962391520218,1.059549342565487,0.06984313573855672,-46408643.0,-0.05431937111213436,0.034512835325008595,0.019806535787125767,0.034512835325008595,0.06576937329406733,-0.7031371720028128,-0.0372668676408332,0.24742655170673256,1.0
900,0.19331703341483256,0.1543259557344058,0.1378681626928472,0.13933495539334864,2396472.0,0.1,0.1961746417950793,0.5505114683985186,0.41117651300517,0.24585160165887482,0.4755279750503783,43.87742371403765,-0.22967637339150349,-0.19561281692298232,0.5505114683985186,1.05439640029857,0.04662653649846715,-48805115.0,0.016457793041558588,0.03448183015367157,0.050939623195230155,0.050939623195230155,0.034702962249755664,-0.42018224772190516,-0.008414436334144368,0.25194246595002573,1.0
901,0.1501222493887532,0.1,0.1,0.1,2440191.0,0.1,0.18600297377669597,0.5349628174531181,0.43496281745311816,0.22341289371135561,0.4602003025993424,41.51239721292939,-0.2367874088879868,-0.20384773531598321,0.5349628174531181,1.047542414503082,0.022383220403154214,-51245306.0,0.0,0.039334955393348636,0.039334955393348636,0.039334955393348636,0.0358458699799975,-0.5496712929145345,-0.010171668018383281,0.25628979852498196,1.0
902,0.1,0.2871227364185106,0.11355773726040255,0.2942416869424175,2578272.0,0.1,0.19228845633955097,0.5241380512380748,0.2298963642956573,0.23430963113151898,0.45342648155212095,40.15180780040494,-0.21911685042060197,-0.206901558336907,0.5241380512380748,1.0346008974939656,0.013675204982184108,-48667034.0,0.17356499915810805,0.1871227364185106,0.013557737260402547,0.1871227364185106,0.04871566536316152,0.34469977761305515,0.006285482562854955,0.25523142312794533,0.0
903,0.3041564792176018,0.3897384305835011,0.3057035998129972,0.3745336577453354,2787595.0,0.1,0.2096918085969178,0.5194474748226618,0.14491381707732642,0.2558825583028754,0.4502063662947011,40.14611785028188,-0.19432380799182575,-0.20438600826789077,0.5194474748226618,1.031210663527932,0.007684286117391692,-45879439.0,0.08403483077050389,0.09549674364108363,0.011461912870579738,0.09549674364108363,0.05364698346914798,1.2604013705335309,0.017403352257366812,0.2558815943526351,0.0
904,0.37709861450692583,0.39175050301810754,0.4267882187938298,0.3834549878345491,2904323.0,0.1,0.22506758583400877,0.5139336241204153,0.1304786362858662,0.2755090859231329,0.4474818202351031,39.91486084496467,-0.1719727343119702,-0.19790335347670668,0.5139336241204153,1.0257365621583134,0.002130686082517319,-42975116.0,-0.035037715775722234,0.01721684527277212,0.05225456104849435,0.05225456104849435,0.055723138769830115,0.9274357929066328,0.015375777237090972,0.255901469018949,0.0
905,0.386471067644662,0.3382293762575447,0.3781673679289387,0.3635847526358468,2968971.0,0.1,0.23608407677750687,0.5107543761504456,0.14716962351459884,0.28905918849431966,0.44405745012901093,40.005283312959975,-0.15499826163469127,-0.1893223351083036,0.5107543761504456,1.0243927073167427,-0.0028839550158513694,-45944087.0,-0.039937991671394,0.04522561157700444,0.005287619905610441,0.04522561157700444,0.05686784626631051,0.5713284262180094,0.011016490943498138,0.2568191655831485,0.0
906,0.3799511002444994,0.32736418511066245,0.3440392706872387,0.3080291970802914,3038372.0,0.1,0.24544471478777996,0.5048907396810779,0.19686154260078648,0.2919776513536999,0.4385052765351856,39.70096404823236,-0.1465276251814857,-0.18076339312294004,0.5048907396810779,1.0212762773463218,-0.011494797984165972,-48982459.0,-0.016675085576576265,0.03622056752518432,0.019545481948608057,0.03622056752518432,0.05648259341369869,0.5739743058433544,0.00936063801027309,0.25819276883262193,0.0
907,0.3237163814180931,0.27102615694164844,0.3057035998129972,0.2930251419302511,3089033.0,0.1,0.25183157610164864,0.49839584441456736,0.20537070248431627,0.2921388037500924,0.4325673118574332,39.35777656602716,-0.1404285081073408,-0.1726964161198202,0.49839584441456736,1.0174841699949284,-0.02069248116579364,-52071492.0,-0.034677442871348774,0.03700304013864297,0.0023255972672941994,0.03700304013864297,0.05713925146900515,0.35419790104948023,0.006386861313868672,0.2595441627901805,0.0
908,0.3037489812550923,0.2891348088531188,0.3473118279569899,0.31248986212489915,3121445.0,0.1,0.2627804812111378,0.492452523213085,0.17996266108818587,0.29526973580775495,0.42766619146018686,39.073767315741115,-0.1323964556524319,-0.16463642402634254,0.492452523213085,1.0134221226845057,-0.028517076258335716,-48950047.0,-0.058177019103871075,0.0038903330771322686,0.054286686026738806,0.054286686026738806,0.058537344743965956,0.72548141513659,0.010948905109489092,0.26048479973571037,0.0
909,0.32330888345558184,0.27102615694164844,0.3431042543244519,0.29829683698296916,3132890.0,0.1,0.2707218167072179,0.48821850655207855,0.18992166956910939,0.2957354436808648,0.4223858096447902,39.3961460682872,-0.12665036596392543,-0.15703921241385915,0.48821850655207855,1.0121815633489852,-0.035744550244828144,-52082937.0,-0.07207809738280346,0.04146370518325071,0.030614392199552753,0.04146370518325071,0.05944003229740854,0.46943667598882266,0.00794133549608015,0.26198152839845334,0.0
910,0.316381418092908,0.32736418511066245,0.3538569424964958,0.3619626926196261,3163609.0,0.1,0.2848134630981343,0.4849921875686521,0.12302949494902599,0.30592425120990496,0.4199195599702937,40.13439181265036,-0.11399530876038871,-0.14843043168316508,0.4849921875686521,1.0101414551548544,-0.040157080017550195,-48919328.0,-0.026492757385833343,0.029067348127693293,0.055560105513526636,0.055560105513526636,0.06078509758216866,0.8767872161480224,0.014091646390916422,0.26257463379310114,0.0
911,0.37343113284433505,0.3676056338028161,0.4108929406264611,0.35385239253852274,3234264.0,0.1,0.29856718031900475,0.48523510242807616,0.13138270988955342,0.3132978114143077,0.4172229408914459,41.53617978621737,-0.10392512947713822,-0.13952937124195972,0.48523510242807616,1.0101252556725722,-0.0396550508164199,-52153592.0,-0.04328730682364501,0.005642941183189976,0.04893024800683499,0.04893024800683499,0.061986548638987525,0.874140893470789,0.013753717220870447,0.26244507662224803,0.0
912,0.371393643031784,0.32736418511066245,0.4179055633473595,0.3607461476074597,3256586.0,0.1,0.317018113003514,0.483948597031806,0.12320244942434627,0.3205975554440234,0.4149177656553648,40.65293028679754,-0.0943202102113414,-0.13048753903583604,0.483948597031806,1.009768792794183,-0.04187159873057106,-48897006.0,-0.09054137823669706,0.02648820742786029,0.06405317080883677,0.06405317080883677,0.06307934427345474,1.5890570430733453,0.018450932684509255,0.2629100978811885,0.0
913,0.3652811735941309,0.325352112676056,0.418373071528752,0.3546634225466331,3275072.0,0.1,0.33824006488240016,0.48050381943959836,0.12584039689296528,0.3258384580751941,0.4124584047121513,39.31871503984194,-0.08661994663695716,-0.12171402055606027,0.48050381943959836,1.0075239661314277,-0.04651632725223093,-52172078.0,-0.09302095885269601,0.035394034931403695,0.05762692392129232,0.05762692392129232,0.06460367498411672,2.5466342254663306,0.02122195187888609,0.26351007334591464,0.0
914,0.36976365118174426,0.325352112676056,0.418373071528752,0.3595296025952951,3295702.0,0.1,0.3436807245201399,0.47688158057291075,0.11735197797761565,0.3310217110782866,0.4102980454420755,37.77177611555613,-0.07927633436378889,-0.113226483317606,0.47688158057291075,1.0048058608752446,-0.05104269972942299,-48876376.0,-0.09302095885269601,0.029311309870577062,0.06370964898211895,0.06370964898211895,0.05431925103108407,0.22188533627342322,0.0054406596377398015,0.26396214015116687,0.0
915,0.369356153219233,0.3515090543259557,0.418373071528752,0.3579075425790744,3318298.0,0.1,0.34229521492295145,0.46233750969850246,0.10442996711942804,0.3351579928476386,0.40815965757011624,34.006649039103635,-0.07300166472247765,-0.10518151959858034,0.46233750969850246,0.9628367668001176,-0.03816174740311279,-52194674.0,-0.06686401720279633,0.0080205482693394,0.05884346893345693,0.05884346893345693,0.05126481147211518,-0.044391511476829515,-0.0013855095971884168,0.2502496285508076,0.0
916,0.37017114914425375,0.31931589537223315,0.4071528751753174,0.3546634225466331,3338292.0,0.1,0.3398959178156251,0.44893415976722556,0.09427073722059248,0.33815882818594545,0.4059761377732394,30.666864051898514,-0.06781730958729393,-0.09770867759632307,0.44893415976722556,0.9246758622663731,-0.02680754273192204,-55532966.0,-0.08783697980308425,0.03859164720684127,0.049245332596242974,0.049245332596242974,0.051014042434427566,-0.07508460236886749,-0.002399297107326337,0.2378708512495738,0.0
917,0.36691116544417246,0.3257545271629766,0.418373071528752,0.35506893755068913,3357353.0,0.1,0.33918626655852874,0.43698657057847773,0.0819176330277886,0.3407603834728291,0.4038982928661965,27.825726369868022,-0.06313790939336739,-0.09079452395573194,0.43698657057847773,0.89187060553889,-0.017897464381934514,-52175613.0,-0.09261854436577543,0.028908895383656485,0.06370964898211895,0.06370964898211895,0.05255437888485378,-0.023421815748381425,-0.00070965125709647,0.22744201748020612,0.0
918,0.3685411572942122,0.3257545271629766,0.418373071528752,0.3546634225466331,3375341.0,0.1,0.34307245201405717,0.42805793915155593,0.07339451660492285,0.3428993125611067,0.40188870632254087,25.797594940477268,-0.058989393761434195,-0.0844334979168724,0.42805793915155593,0.8718678087712317,-0.01575193046811979,-55550954.0,-0.09261854436577543,0.02931441038771254,0.0633041339780629,0.0633041339780629,0.054811342755926994,0.15139547130068287,0.0038861854555284716,0.22190493480983786,0.0
919,0.36976365118174426,0.3338028169014077,0.417438055165967,0.3643957826439571,3404153.0,0.1,0.34902000540686595,0.4179776993885483,0.053581916744591174,0.3462064618046221,0.4003583829070884,23.50718801130178,-0.054151921102466305,-0.07837718255399118,0.4179776993885483,0.8444407424798159,-0.008485343702719361,-52146801.0,-0.08363523826455932,0.020860605645225405,0.06277463261933391,0.06277463261933391,0.05695897546265124,0.24356490451148516,0.005947553392808835,0.21323152154563382,0.0
920,0.36691116544417246,0.3233400402414478,0.418373071528752,0.3583130575831287,3416158.0,0.1,0.3528386050283851,0.4095367230149017,0.05122366543177298,0.34806901500131543,0.3986422471795798,21.049842340319344,-0.05057323217826437,-0.07281639247884582,0.4095367230149017,0.8239318600059833,-0.004858413976179865,-55562959.0,-0.09503303128730423,0.04105574240250931,0.053977288884794916,0.053977288884794916,0.05693319236748925,0.14663898261094466,0.003818599621519129,0.20719756849554077,0.0
921,0.3685411572942122,0.32173038229376194,0.3431042543244519,0.29505271695052604,3453356.0,0.1,0.35256826169234823,0.401490697320396,0.10643798036986996,0.3399126614550401,0.39441410308859803,18.88584637692456,-0.05450144163355791,-0.06915340230978824,0.401490697320396,0.8092780492310977,-0.006296654590305706,-59016315.0,-0.021373872030689967,0.03658267528936676,0.015208803258676795,0.03658267528936676,0.05652643987633225,-0.01087547580207271,-0.00027034333603692673,0.20389367595535085,0.0
922,0.30456397718011485,0.29597585513078284,0.3253389434315114,0.32952149229521444,3495745.0,0.1,0.34986482833198057,0.393897209183196,0.06437571688798155,0.33831402004583616,0.39176542509703133,16.434995951474534,-0.05345140505119517,-0.06601300285806963,0.393897209183196,0.7929128687332203,-0.005118450366828287,-55520570.0,-0.029363088300728535,0.0009231381802567995,0.030286226480985334,0.030286226480985334,0.05442028329028714,-0.08962581223392263,-0.002703433360367639,0.19950782977501214,0.0
923,0.34612876935615267,0.31126760563380207,0.37676484338476113,0.35385239253852274,3513844.0,0.1,0.3498648283319805,0.3879525310959448,0.034100138557422055,0.3407045388908649,0.3902179543803575,14.180370990309086,-0.04951341548949262,-0.06271308538435423,0.3879525310959448,0.7804886313156139,-0.004583569123724318,-52006726.0,-0.06549723775095906,0.018253886661412366,0.04724335108954669,0.04724335108954669,0.054279708547179784,0.0,0.0,0.19626805010983456,0.0
924,0.3603911980440099,0.3237424547283684,0.3856474988312296,0.32668288726682915,3566261.0,0.1,0.3470262233035946,0.3815746026133877,0.05489171534655857,0.3385473617179363,0.3876246863349074,12.230013579570311,-0.04907732461697106,-0.0599859332308776,0.3815746026133877,0.7677543193181814,-0.00460511409140596,-55572987.0,-0.06190504410286124,0.030109937810154364,0.031795106292706876,0.031795106292706876,0.05159153650416896,-0.09442446043164954,-0.00283860502838588,0.19308985835239684,0.0
925,0.35305623471882475,0.3108651911468815,0.37302477793361566,0.3222222222222214,3583003.0,0.1,0.34432278994322707,0.37333775678093944,0.051115534558718034,0.3360358017955186,0.3849551980037773,10.43546477504276,-0.04891939620825869,-0.05777262582635383,0.37333775678093944,0.7468994301502785,-0.000223916588399653,-59155990.0,-0.06215958678673417,0.015817696119947655,0.04634189066678651,0.04634189066678651,0.05065111706629347,-0.09147038646238215,-0.002703433360367639,0.18678083668466955,0.0
926,0.3392013039934806,0.2871227364185106,0.3524544179523147,0.3104622871046224,3606373.0,0.1,0.340233846985671,0.36348826836564246,0.05302598126102004,0.3321014149199961,0.38191467102830157,8.491983582586343,-0.04981325610830545,-0.05618075188274415,0.36348826836564246,0.7173089398935832,0.00966759683770163,-62762363.0,-0.06533168153380409,0.035099485803710806,0.03023219573009328,0.035099485803710806,0.04826693680142613,-0.1364764267990064,-0.004088942957556056,0.17691033576397042,0.0
927,0.31964140179299105,0.2738430583500996,0.3113136979897163,0.31167883211678704,3659369.0,0.1,0.336381454447147,0.3532126693587277,0.04153383724194065,0.3289594791041178,0.3790479020931377,6.721961534356538,-0.05008842298901989,-0.0549622861039993,0.3532126693587277,0.6824589431548256,0.02396639556262975,-59102994.0,-0.03747063963961672,0.03661922875452284,0.000851410885093884,0.03661922875452284,0.04641491678651496,-0.12916383412644572,-0.0038523925385239486,0.16462313689804897,0.0
928,0.316381418092908,0.27102615694164844,0.33375409069658735,0.30397404703973974,3677707.0,0.1,0.3321573398215726,0.3451400551645136,0.04116600812477389,0.3251155664788289,0.37598366311136633,5.202641305411262,-0.05086809663253744,-0.054143448209706936,0.3451400551645136,0.6591561832239515,0.03112392710507572,-62780701.0,-0.0627279337549389,0.0406526751751386,0.022075258579800305,0.0406526751751386,0.045698862001422924,-0.14292247884747245,-0.004224114625574445,0.15700806402971895,0.0
929,0.315566422167889,0.2951710261569417,0.3435717625058444,0.3274939172749377,3701915.0,0.1,0.32985942146526,0.33686697725135734,0.009373059976419629,0.32548146660130717,0.37400448981192025,3.530531435702457,-0.04852302321061308,-0.05301936320988817,0.33686697725135734,0.6302923800834735,0.043441574419241125,-59078786.0,-0.04840073634890274,0.008803020882798052,0.03959771546610469,0.03959771546610469,0.04368953420842173,-0.0776610324349053,-0.002297918356312619,0.1467127014160581,0.0
930,0.3510187449062737,0.29919517102615634,0.3604020570359999,0.30519059205190613,3713848.0,0.1,0.3257366855906994,0.32770434764292095,0.022513755591014817,0.32235979359370703,0.3711957592911033,1.7009606603420622,-0.04883596569739629,-0.05218268370738979,0.32770434764292095,0.5954070465708943,0.06000164871494762,-62792634.0,-0.061206886009843586,0.02829874624878137,0.032908139761062216,0.032908139761062216,0.041156534690338344,-0.1394923393551304,-0.004122735874560579,0.13385134946398666,1.0
931,0.31923390383048156,0.275855130784706,0.3426367461430594,0.30519059205190613,3726465.0,0.1,0.3208029197080285,0.32057326679165477,0.015382674739748636,0.3197183779718915,0.3685016708323605,0.7509066707852554,-0.04878329286046901,-0.05150280553800564,0.32057326679165477,0.5711672072388714,0.06997932634443821,-62792634.0,-0.06678161535835336,0.029335461267200102,0.03744615409115326,0.03744615409115326,0.03904582814632329,-0.16247496105052084,-0.004933765882670915,0.12529697022360828,1.0
932,0.3086389568052169,0.269014084507042,0.33328658251519483,0.3031630170316294,3747324.0,0.1,0.3162070829954035,0.3128024304537886,0.009639413422159182,0.3171713993656973,0.3658347870037592,0.19586747079667077,-0.048663387638061884,-0.050934921958016896,0.3128024304537886,0.5404320224052375,0.08517283850233975,-66539958.0,-0.06427249800815282,0.03617650754486412,0.0280959904632887,0.03617650754486412,0.03756242970132906,-0.15391579900407193,-0.0045958367126249415,0.11381479597572441,1.0
933,0.30823145884270386,0.2625754527162968,0.3318840579710155,0.2865369018653684,3767273.0,0.1,0.3154974317383071,0.30504372532083185,0.01850682345546345,0.3124583997502621,0.3625981386307637,0.05400827370263528,-0.050139738880501605,-0.05077588534251384,0.30504372532083185,0.5085884689873569,0.10149898165430685,-70307231.0,-0.06930860525471871,0.040587564315332614,0.0287210409393861,0.040587564315332614,0.03789617045349288,-0.028862012094555856,-0.00070965125709647,0.1017723718332625,1.0
934,0.29641401792991073,0.2625754527162968,0.285133239831698,0.24801297648013013,3814139.0,0.1,0.30870505542038335,0.2963098231551388,0.04829684667500869,0.3025437192471649,0.3579211932368602,0.05312719313508296,-0.055377473989695336,-0.05169620307195014,0.2963098231551388,0.47018006284681824,0.12243958346345937,-74121370.0,-0.02255778711540124,0.023961449149071612,0.001403662033670372,0.023961449149071612,0.0373691056758334,-0.24735417179423846,-0.006792376317923693,0.08693511984583972,1.0
935,0.2544417277913599,0.24285714285714236,0.26970546984572363,0.271127331711272,3848341.0,0.1,0.3018113003514458,0.2887080967829137,0.01758076507164169,0.29771042885702753,0.35437858664397903,0.052376566686447745,-0.0566681577869515,-0.05269059401495042,0.2887080967829137,0.43093257674499685,0.14648361682083053,-70273029.0,-0.026848326988581278,0.005155833622987771,0.021692493365593507,0.021692493365593507,0.03523986753217064,-0.2337840935136385,-0.006893755068937561,0.07111223998104159,1.0
936,0.28052159739201377,0.28873239436619647,0.31832632071061473,0.30154095701540873,3910102.0,0.1,0.29971613949716075,0.28998377939983716,-0.011557177615571568,0.2982997408813939,0.3522219486999557,0.33693498582277925,-0.05392220781856183,-0.05293691677567271,0.28998377939983716,0.43153166607682936,0.14843589272284494,-66362927.0,-0.029593926344418264,0.017605062654924453,0.04719898899934272,0.04719898899934272,0.036523524424390295,-0.07696127110228734,-0.002095160854285035,0.07077394333849611,1.0
937,0.31964140179299105,0.27867203219315895,0.3426367461430594,0.31289537712895343,3946222.0,0.1,0.29893890240605514,0.29187618275209454,-0.021019194376858896,0.30054522338101847,0.3506167825133842,0.7846857791695214,-0.05007155913236572,-0.05236384524701131,0.29187618275209454,0.4321373695647391,0.15161499593945,-62416705.0,-0.06396471394990044,0.02286892482224978,0.04109578912765066,0.04109578912765066,0.03608634929612897,-0.028945381323935204,-0.0007772370911056647,0.07013059340632227,1.0
938,0.31760391198044,0.2694164989939626,0.3426367461430594,0.3027575020275751,3977591.0,0.1,0.29829683698296783,0.2936249662070824,-0.009132535820492726,0.3008855739420272,0.3486633424935552,1.2246120554496542,-0.04777776855152799,-0.051446629907914654,0.2936249662070824,0.43224856744177104,0.15500136497239375,-66394296.0,-0.0732202471490968,0.04347887813499085,0.029741369014105956,0.04347887813499085,0.03678463199040231,-0.024817136886100655,-0.0006420654230872754,0.06931180061734432,1.0
939,0.31352893235533796,0.2951710261569417,0.3426367461430594,0.3364152473641514,4066258.0,0.1,0.3003582049202482,0.29718167072181617,-0.03923357664233523,0.3063516775454309,0.34816342024337543,2.14992461815028,-0.04181174269794452,-0.04951965246592063,0.29718167072181617,0.43107627247323344,0.1632870689703989,-62328038.0,-0.047465719986117705,0.007586475870633436,0.03987924411548427,0.03987924411548427,0.037056299937149095,0.07936507936508042,0.0020613679372803637,0.06694730087570863,1.0
940,0.34449877750611113,0.31126760563380207,0.3795698924731198,0.3323600973235997,4145374.0,0.1,0.30272370911056984,0.29996113814544406,-0.03239895917815566,0.31035297289591846,0.3475183866548131,2.94289074049712,-0.03716541375889465,-0.04704880472451544,0.29996113814544406,0.43103448725632,0.16888778903456816,-66473412.0,-0.06830228683931772,0.025147641730349335,0.04315464510896838,0.04315464510896838,0.03726479743163491,0.09338313767342443,0.0023655041903216656,0.06553667455543795,1.0
941,0.3424612876935601,0.31126760563380207,0.37536231884058,0.3173560421735594,4199849.0,0.1,0.30187888618545505,0.30175216274668765,-0.015603879426871747,0.3114303681694017,0.3462872705535374,3.5306283024658853,-0.034856902384135746,-0.044610424256439504,0.30175216274668765,0.431338672676071,0.17216565281730428,-70673261.0,-0.06409471320677795,0.021092491689797654,0.0430022215169803,0.0430022215169803,0.03754850626920788,-0.030955918771667923,-0.0008448229251148595,0.06479325496469168,1.0
942,0.44474327628361754,0.7937625754527161,0.4160355306217859,0.775993511759934,645810.0,0.26666666666666666,0.3411124628277907,0.3138415788050818,-0.46215193295485224,0.38290162102948355,0.36382630080685974,6.797327561886959,0.019075320222623815,-0.03187327536062684,0.3138415788050818,0.4992580802720094,0.12842507733815417,-70027451.0,0.3777270448309302,0.4764065332791567,0.0986794884482265,0.4764065332791567,0.07450670572904909,1.5426521392505927,0.039233576642335656,0.09270825073346381,1.0
943,0.7890790546047256,0.9044265593561359,0.8779336138382433,0.7532846715328464,1192249.0,0.43333333333333335,0.378453636117869,0.325027034333603,-0.42825763719924337,0.4398836287992317,0.37972256083649186,9.861155725542716,0.060161067962739845,-0.013466406695953503,0.325027034333603,0.5475011410524119,0.1025529276147942,-71219700.0,0.026492945517892608,0.1284330475962019,0.10194010207830928,0.1284330475962019,0.08208894685446981,1.468243422800954,0.037341173290078356,0.11123705335940441,1.0
944,0.7691116544417284,0.8746478873239422,0.8381954184198225,0.9025141930251429,1526951.0,0.6,0.4283995674506618,0.340056434171397,-0.5624577588537458,0.5110575617570642,0.4010609948033756,14.01506966917951,0.10999656695368859,0.011226188033974916,0.340056434171397,0.6142667851185166,0.06584608322427737,-69692749.0,0.036452468904119684,0.12136321579109577,0.08491074688697609,0.12136321579109577,0.08918783920832245,1.9769930444087853,0.04994593133279279,0.13710517547355983,1.0
945,0.9215158924205372,1.0758551307847068,1.050444132772324,1.1,2127219.0,0.7666666666666666,0.49618815896188107,0.35874391727493854,-0.7412560827250616,0.6016640907175159,0.42958911746446227,18.83147670760924,0.17207497325305365,0.04339594507779066,0.35874391727493854,0.7070486617925928,0.010439172757284232,-67565530.0,0.02541099801238289,0.17334093775956394,0.14792993974718105,0.17334093775956394,0.10025062032867504,2.8389470704783557,0.06778859151121931,0.17415237225882715,-1.0
946,1.1,1.1,1.1,0.9824006488240066,2543012.0,0.9333333333333332,0.5573871316572042,0.37519261962692557,-0.607208029197081,0.6602389458108221,0.4521528534383212,23.008542104818304,0.20808609237250092,0.07633397453673271,0.37519261962692557,0.7637425304248564,-0.013357291171005259,-70108542.0,0.0,0.0,0.0,0.0,0.09825383289958574,2.9610856769130094,0.06119897269532304,0.19427495539896542,-1.0
947,0.9928280358598197,0.9390342052313873,1.0018232819074346,0.9134630981346298,2791466.0,1.1,0.610915112192484,0.3902896052987288,-0.523173492835901,0.6991965077067925,0.4709818430177623,26.93372496878527,0.22821466468903023,0.10671011256719223,0.3902896052987288,0.8047069435950113,-0.024127732997553664,-72900008.0,-0.06278907667604738,0.04336644359261932,0.019422633083428065,0.04336644359261932,0.10005999541850456,2.369129524379312,0.053527980535279816,0.20720866914814123,-1.0
948,0.92640586797066,0.937826961770622,1.0064983637213651,0.9037307380373057,2937044.0,0.26666666666666666,0.6610975939443088,0.40621451743714454,-0.4975162206001612,0.7306633123730253,0.48864506322264156,31.00334198090448,0.24201824915038372,0.13377173988383054,0.40621451743714454,0.8395524726812498,-0.02712343780696075,-75837052.0,-0.06867140195074317,0.02436386363599219,0.09303526558673536,0.09303526558673536,0.10387968513412062,1.9970414201183462,0.05018248175182475,0.21666897762205264,-1.0
949,0.9158109209453954,0.8987927565392354,1.0340813464235628,0.9353609083536089,2993542.0,0.43333333333333335,0.7129697215463633,0.42361786969451143,-0.5117430386590974,0.762155250216192,0.5068783630239055,35.41270097773594,0.2552768871922865,0.15807276934552172,0.42361786969451143,0.87349978779799,-0.026264048408967178,-72843510.0,-0.13528858988432735,0.004937981498070343,0.130350608386257,0.130350608386257,0.11131758673900449,1.9893727319854873,0.05187212760205462,0.2249409590517393,-1.0
950,0.9553382233088822,0.9603621730382293,1.0812996727442745,0.9953771289537702,3082431.0,0.6,0.7706880237902131,0.4382248580697479,-0.5571522708840222,0.7980355392527425,0.5268170881638999,38.85496383477366,0.27121845108884257,0.1807019056941859,0.4382248580697479,0.9156341275527748,-0.039184411413279,-69761079.0,-0.12093749970604517,0.025001264684620494,0.14593876439066567,0.14593876439066567,0.11985591059364405,2.287704259308862,0.057718302243849585,0.23870463474151346,-1.0
951,1.0144254278728604,0.9531187122736412,0.9602150537634419,0.8566909975669098,3253663.0,0.7666666666666666,0.8140443363071094,0.44826980264936406,-0.40842119491754575,0.8070594559164606,0.5402813293640227,40.8930327895279,0.2667781265524378,0.1979171498658363,0.44826980264936406,0.9402713180909378,-0.043731712792209665,-73014742.0,-0.0070963414898006505,0.042258416680128974,0.035162075190328324,0.042258416680128974,0.1200541749740311,1.546528447444559,0.043356312516896534,0.24600075772078686,-1.0
952,0.8636511817440912,0.8340040241448697,0.9017765310892937,0.8538523925385245,3428101.0,0.9333333333333332,0.8575020275750198,0.4580697485806969,-0.39578264395782764,0.8142583692429319,0.5530801482691045,42.92993012838998,0.2611782209738275,0.21056936408743457,0.4580697485806969,0.9633571897956141,-0.04721769263422032,-76442843.0,-0.06777250694442394,0.02268697342204007,0.04508553352238387,0.04508553352238387,0.12021508234181573,1.5690580771107974,0.0434576912679104,0.2526437206074586,-1.0
953,0.8632436837815817,0.8336016096579474,0.9761103319308088,0.8408759124087591,3500506.0,0.9333333333333332,0.9011286834279532,0.4680133144092992,-0.3728625979994599,0.8183533758838285,0.5648269141523556,44.68179548042611,0.25352646173147286,0.21916078361624225,0.4680133144092992,0.984369046807551,-0.04834241798895261,-79943349.0,-0.14250872227286138,0.020250782880577134,0.12225793939228424,0.12225793939228424,0.12681972549809106,1.6496294403271232,0.043626655852933315,0.2581778661991259,-1.0
954,0.8579462102689476,0.8094567404426559,0.88494623655914,0.7674776966747764,3638741.0,0.9333333333333332,0.9004190321708566,0.47758515815085095,-0.28989253852392544,0.8105263483132051,0.5730983746634748,46.633475252221594,0.23742797364973034,0.22281422162293987,0.47758515815085095,0.9988364617095233,-0.04366614540782149,-83582090.0,-0.07548949611648403,0.03141917196610322,0.04407032415038081,0.04407032415038081,0.09079170807069308,-0.010974080267557862,-0.00070965125709647,0.2606256517793362,0.0
955,0.7723716381418079,0.7539235412474848,0.88494623655914,0.7723438767234384,3713992.0,0.9333333333333332,0.9020072992700728,0.487570965125709,-0.2847729115977294,0.8046521219147794,0.58123084413531,48.676783034515346,0.2234212777794694,0.2229356328542458,0.487570965125709,1.0127289551647032,-0.037587024913285194,-79868098.0,-0.1310226953116551,0.013554155427291548,0.11746853988436357,0.11746853988436357,0.08987799909470655,0.0253014642549525,0.0015882670992160008,0.2625789950194971,0.0
956,0.781744091279544,0.7861167002012074,0.88494623655914,0.8064071370640707,3778360.0,0.9333333333333332,0.8939983779399835,0.49786090835360847,-0.3085462287104623,0.8049221242454396,0.590421713234443,50.65416142590901,0.2145004110109966,0.22124858848559598,0.49786090835360847,1.028333517916707,-0.03261170120949003,-76089738.0,-0.09882953635793257,0.01377282347776898,0.11260235983570155,0.11260235983570155,0.08914792776509035,-0.10648813803019574,-0.008008921330089347,0.26523630478154925,0.0
957,0.8135289323553362,0.7700201207243452,0.8900888265544648,0.763828061638279,3828191.0,0.9333333333333332,0.8659840497431732,0.5075594755339274,-0.25626858610435155,0.7985999607674149,0.5974995233733751,52.30883120013486,0.20110043739403982,0.21721895826728477,0.5075594755339274,1.040145434934789,-0.02502648386693418,-79917929.0,-0.12006870583011953,0.03638701633972552,0.083681689490394,0.083681689490394,0.08167632374265953,-0.30561085305611,-0.02801432819681009,0.2662929797004308,0.0
958,0.7833740831295838,0.7297786720321916,0.8012622720897621,0.7098945660989461,3970929.0,0.9333333333333332,0.8432752095160848,0.5148080562314132,-0.19508650986753284,0.7849529769722658,0.6020870761376841,53.525418819858835,0.18286590083458176,0.21034834678074418,0.5148080562314132,1.0487680317965853,-0.019151919333758705,-83888858.0,-0.07148360005757048,0.03404938960608739,0.037434210451483096,0.037434210451483096,0.08479584128028313,-0.2773879303227933,-0.022708840227088373,0.26697998778258597,0.0
959,0.7218418907905452,0.7289738430583504,0.8152875175315571,0.7350364963503647,4046479.0,0.9333333333333332,0.8284063260340627,0.5227493917274932,-0.21228710462287148,0.7772735184150503,0.6075135830851405,54.35636915769629,0.16975993532990985,0.2022306644905773,0.5227493917274932,1.0582664400683552,-0.01276765661336876,-79842379.0,-0.0863136744732067,0.019079276959404368,0.10539295143261107,0.10539295143261107,0.08996471693361578,-0.1953298410725376,-0.014868883482022088,0.267758524170431,0.0
960,0.8392510402219159,0.6490417136414862,0.871084337349393,0.8216783216783327,4087102.0,0.1,0.8215686246708152,0.5323521453539698,-0.28932617632436286,0.7841050266094014,0.6162550009869034,55.5143828203008,0.16785002562249796,0.19535453671696146,0.5323521453539698,1.0725124617808932,-0.007808171072953729,-75755277.0,-0.22204262370790673,0.0859947827088785,0.13604784099902822,0.13604784099902822,0.09354909821797351,-0.09079299055067214,-0.006837701363247757,0.27008015821346176,0.0
961,0.8073509015256576,0.6817361894024841,0.9277108433734881,0.9013986013986098,4125647.0,0.1,0.8187384324245651,0.5437424615800527,-0.35765613981855715,0.8021501919615873,0.627893515289422,57.07636346746563,0.17425667667216527,0.19113496470800223,0.5437424615800527,1.0915993488856244,-0.0041144257255189,-71629630.0,-0.24597465397100393,0.1399421322758485,0.10603252169515542,0.1399421322758485,0.09434839187543946,-0.03630930761771767,-0.0028301922462499185,0.2739284436527858,0.0
962,0.8739251040221901,0.7865839909808287,0.9795180722891516,1.025874125874131,4181588.0,0.1,0.8212798488345951,0.5576246391483618,-0.46824948672576927,0.8365692587173633,0.6441376218438999,58.832292760200396,0.19243163687346343,0.1913942991410945,0.5576246391483618,1.119990120874196,-0.004740842577472315,-67448042.0,-0.1929340813083229,0.11481461041778118,0.07811947089054172,0.11481461041778118,0.0917547123776991,0.030638635380758616,0.002541416410030075,0.28118274086291706,0.0
963,1.0015256588072092,0.8688838782412617,0.9915662650602414,0.9587412587412615,4340430.0,0.1,0.8297840372657911,0.570142008235074,-0.3885992505061875,0.8553649510287322,0.6569785866152208,61.84499966970001,0.19838636441351143,0.1927927121955779,0.570142008235074,1.1410302488274469,-0.0007462323572988705,-71788472.0,-0.1226823868189797,0.1569902476328694,0.0343078608138897,0.1569902476328694,0.10131569829042746,0.11912143522481844,0.008504188431195972,0.28544412029618643,0.0
964,0.9571428571428541,0.7459977452085681,1.0397590361445723,0.9643356643356696,4365342.0,0.1,0.8389909765822199,0.5828435132723455,-0.3814921510633241,0.8721296761528765,0.6695237734609534,64.73599320745878,0.20260590269192313,0.19475535029484695,0.5828435132723455,1.1612268887226174,0.004460137822073551,-67423130.0,-0.2937612909360042,0.21274351353269338,0.08101777740331084,0.21274351353269338,0.1152871966246199,0.12939387739920205,0.00920693931642876,0.289191687725136,0.0
965,0.9363384188626881,0.824915445321308,1.0397590361445723,0.9923076923076962,4413069.0,0.1,0.8516102915737981,0.5961193206631166,-0.39618837164457965,0.8906186017151565,0.6826986272914326,67.46064821042599,0.2079199744237239,0.19738827512062235,0.5961193206631166,1.18234532553906,0.009893315787173118,-63010061.0,-0.21484359082326432,0.13942021901436163,0.07542337180890268,0.13942021901436163,0.11671738659312636,0.18008814102564563,0.01261931499157809,0.2931130024379717,0.0
966,0.9571428571428541,0.7459977452085681,0.9939759036144536,0.9363636363636431,4457777.0,0.1,0.8656841198812036,0.6082380751176376,-0.32812556124600545,0.8976562993533852,0.6930523011311146,69.63260616798352,0.2046039982222706,0.19883141974095203,0.6082380751176376,1.1981123260436135,0.018363824191661715,-67467838.0,-0.24797815840588555,0.24630994709912812,0.0016682113067574278,0.24630994709912812,0.13357068850552198,0.22005322163835217,0.014073828307405556,0.29493712546298795,0.0
967,0.90721220527046,0.742615558060875,1.015662650602407,0.9643356643356696,4476095.0,0.1,0.8816834355155562,0.6207368226528817,-0.343598841682788,0.9079146631968136,0.7041250914659944,71.97700606615757,0.20378957173081913,0.19982305013892546,0.6207368226528817,1.214912783926042,0.026560861379721246,-62991743.0,-0.2730470925415319,0.19374807830276808,0.07929901423876384,0.19374807830276808,0.1399273167070557,0.24858329741245533,0.015999315634352602,0.2970879806365802,0.0
968,0.9515950069348079,0.7629086809470124,0.9915662650602414,0.909790209790215,4576280.0,0.1,0.8902986915760681,0.6322259299905293,-0.2775642797996857,0.9082032088265677,0.7125195860914728,73.97877731687454,0.19568362273509488,0.19899516465815933,0.6322259299905293,1.226999568689095,0.03745229129196348,-67568023.0,-0.228657584113229,0.20142698338865728,0.02723060072457173,0.20142698338865728,0.14732936866980198,0.12820208053035897,0.008615256060512019,0.2973868193492829,0.0
969,0.8850208044382825,0.678354002254791,0.8469879518072275,0.7909090909090949,4628187.0,0.1,0.8925554440153028,0.6425562711146661,-0.14835281979442883,0.8901579599161872,0.7157191577166818,75.83044098000445,0.17443880219950536,0.19408389216642855,0.6425562711146661,1.2305931392338318,0.05451940299550018,-72196210.0,-0.1686339495524365,0.23143620753542393,0.06280225798298744,0.23143620753542393,0.1596422451735545,0.035454352400632994,0.0022567524392346585,0.29401843405958294,0.0
970,0.761581137309291,0.6264937993235605,0.8722891566264991,0.817482517482523,4647586.0,0.1,0.901521106630601,0.6527221258060684,-0.16476039167645462,0.8789771226187003,0.7198727642377365,77.58132818949878,0.15910435838096382,0.1870879854093356,0.6527221258060684,1.2354997256386326,0.0699445259735042,-67548624.0,-0.24579535730293856,0.16441529158553436,0.08138006571740419,0.16441529158553436,0.17022400193472542,0.15155483155026883,0.008965662615298076,0.2913887999162821,0.0
971,0.7907073509015262,0.6062006764374303,0.9048192771084359,0.8034965034965097,4662991.0,0.1,0.9072261072261131,0.6620897114510264,-0.14140679204548334,0.8673647196768248,0.7232859780850334,79.00148869767636,0.14407874159179146,0.17848613664582677,0.6620897114510264,1.239674341224418,0.0845050816776346,-72211615.0,-0.29861860067100565,0.21128184104509273,0.08733675962591292,0.21128184104509273,0.1790480760690989,0.09313824209554977,0.0057050005955120815,0.2887923148866959,0.0
972,0.8004160887655999,0.6095828635851163,0.871084337349393,0.769930069930075,4686720.0,0.1,0.9029137529137582,0.6713240277565107,-0.09860604217356428,0.8523747735619402,0.7251898185685044,80.46899345963836,0.12718495499343585,0.1682259003153486,0.6713240277565107,1.2411232289679706,0.1015248265450508,-76898335.0,-0.2615014737642767,0.19391363991139343,0.06758783385288325,0.19391363991139343,0.18387022597846267,-0.0629787234042617,-0.004312354312354809,0.28489960060572994,0.0
973,0.7837725381414685,0.5915445321307814,0.8349397590361448,0.7097902097902192,4705176.0,0.1,0.8869463869463923,0.6793983608308439,-0.0303918489593753,0.8304386868278294,0.7245612631081662,82.1952214252556,0.10587742371966324,0.15575620499621154,0.6793983608308439,1.2398969229032633,0.1188997987584246,-81603511.0,-0.24339522690536342,0.17838553779929356,0.06500968910606986,0.17838553779929356,0.18707384310541642,-0.21256788207912802,-0.015967365967365883,0.28024928103620966,0.0
974,0.6936199722607469,0.5656144306651626,0.7987951807228896,0.7601398601398642,4737799.0,0.1,0.86480186480187,0.6887666436024115,-0.07137321653745277,0.8196234827219886,0.726013450742113,84.25145871963542,0.09361003197987561,0.14332697039294437,0.6887666436024115,1.2390127513292741,0.1385205358755488,-76865712.0,-0.23318075005772698,0.14417577912505664,0.08900497093267035,0.14417577912505664,0.18952060716435604,-0.25903203817314224,-0.022144522144522238,0.27512305386343133,0.0
975,0.735228848821086,0.6332581736189397,0.871084337349393,0.8594405594405629,4766781.0,0.1,0.8565268065268118,0.7001783462549902,-0.15926221318557265,0.8257491868325385,0.7314594551787844,86.44790237049054,0.0942897316537541,0.13351952264510633,0.7001783462549902,1.2411184363877172,0.15923825612226317,-72098931.0,-0.2378261637304533,0.12688168652092457,0.11094447720952871,0.12688168652092457,0.1870115604050273,-0.10357403355215067,-0.00827505827505822,0.2704700450663635,0.0
976,0.8323162274618582,0.7459977452085681,0.9554216867469861,0.9293706293706364,4797610.0,0.1,0.8536130536130592,0.7132074417202173,-0.2161631876504191,0.8416909472230152,0.7395374622886558,88.26610827946458,0.10215348493435938,0.12724631510295695,0.7132074417202173,1.2452163228030013,0.18119856063743334,-67301321.0,-0.20942394153841803,0.11344281423199476,0.09598112730642328,0.11344281423199476,0.17873650212996908,-0.036258158085567205,-0.0029137529137527687,0.266004440541392,0.0
977,0.9127600554785061,0.7234498308906424,1.0108433734939752,0.9433566433566497,4817401.0,0.1,0.8495337995338051,0.7260379151802527,-0.21731872817639697,0.8573318235512666,0.7478566125363291,90.08032924742548,0.10947521101493751,0.12369209428535306,0.7260379151802527,1.2496859172982584,0.20238991306224707,-62483920.0,-0.28739354260333283,0.205920798479994,0.08147274412333882,0.205920798479994,0.18427821708543846,-0.04933051444679082,-0.004079254079253876,0.26182400105900283,0.0
978,0.90721220527046,0.8587373167981965,1.015662650602407,1.0832167832167898,4870650.0,0.1,0.8617715617715674,0.7422467941628547,-0.34096998905393516,0.8920833558075009,0.7615447827681846,92.08254135074908,0.13053857303931626,0.12506139003614572,0.7422467941628547,1.2608199836418392,0.22367360468387,-57613270.0,-0.15692533380421037,0.08461932655845317,0.0723060072457572,0.08461932655845317,0.17080399870704888,0.15683345780433045,0.012237762237762231,0.25928659473949234,0.0
979,1.1,0.8587373167981965,1.0662650602409571,1.0762237762237832,4914299.0,0.1,0.8710955710955769,0.7583099854997687,-0.3179137907240145,0.9204126512561597,0.7743888233173927,93.64561052330703,0.146023827938767,0.12925387761666998,0.7583099854997687,1.2692894823715055,0.24733048862803186,-62527569.0,-0.2075277434427606,0.2244794664185933,0.016951722975832695,0.2244794664185933,0.17336494771670097,0.11602610587382278,0.009324009324009461,0.2554897484358684,0.0
980,1.0403606102635252,0.8361894024802708,1.1,1.0692307692307765,4953741.0,0.1,0.8843822843822903,0.774269730337251,-0.29496103889352554,0.9433077463291776,0.7864231884567143,95.27243175390353,0.15688455787246325,0.13478001366782863,0.774269730337251,1.2749256633334567,0.2736137973410452,-67481310.0,-0.26381059751972924,0.24003437374351233,0.02377622377621691,0.24003437374351233,0.17658223024627226,0.17524980784012434,0.013286713286713464,0.2503279664981029,0.0
981,1.0833564493758616,0.8260428410371986,1.0807228915662663,1.0160839160839203,4980281.0,0.1,0.9031468531468593,0.7894686264668042,-0.2266152896171162,0.9545040801375995,0.7957970957068043,96.84089152893861,0.15870698443079512,0.13956540782042193,0.7894686264668042,1.273662604413567,0.30527464852004116,-72461591.0,-0.2546800505290677,0.24318792819357793,0.011492122335489796,0.24318792819357793,0.1775615403011184,0.2847038019451802,0.01876456876456879,0.2420969889733815,0.0
982,1.0001386962551977,0.7617812852311147,0.9843373493975903,0.9307692307692349,5018728.0,0.1,0.9125874125874186,0.803692715097827,-0.12707651567140787,0.9508525648501587,0.8013061624440464,98.54536452214876,0.14954640240611228,0.14156160673756,0.803692715097827,1.2623489208089256,0.3450365093867284,-77480319.0,-0.22255606416647566,0.2543026308528057,0.031746566686330024,0.2543026308528057,0.18505215190672433,0.13857998289135742,0.009440559440559326,0.2293281028555493,0.0
983,0.909986130374476,0.7076662908680887,0.9216867469879503,0.8706293706293792,5042831.0,0.1,0.9181818181818242,0.816182340908621,-0.05444702972075821,0.9385105349700388,0.8041356811454885,100.0,0.13437485382455028,0.14012425615495805,0.816182340908621,1.2474261504919653,0.3849385313252767,-82523150.0,-0.21402045611986154,0.22310293990114616,0.009082483781284623,0.22310293990114616,0.18603724347806214,0.0835509138381223,0.0055944055944057896,0.21562190479167212,0.0
984,0.8461858529819665,0.7133032694475702,0.9674698795180688,0.9293706293706364,5060364.0,0.1,0.9314685314685377,0.8292621257493549,-0.10010850362128154,0.9371043956470538,0.8092473116852904,100.0,0.12785708396176343,0.13767082171631914,0.8292621257493549,1.2340111503149473,0.42451310118376245,-77462786.0,-0.2541666100704987,0.157326101181809,0.09684050888868967,0.157326101181809,0.18298828191726343,0.20708446866485142,0.013286713286713455,0.2023745122827962,0.0
985,0.9169209431345337,0.7076662908680887,0.9698795180722811,0.9041958041958068,5072801.0,0.1,0.9476689976690033,0.841580884646581,-0.06261491954922582,0.9320415354237851,0.8131227603591891,100.0,0.11891877506459603,0.13392041238597452,0.841580884646581,1.2170637999286786,0.4660979693644833,-82535587.0,-0.2622132272041924,0.22170433850254767,0.04050888870164471,0.22170433850254767,0.18659818197586794,0.2738916256157502,0.01620046620046563,0.18774145764104885,-1.0
986,0.9002773925104023,0.678354002254791,0.9674698795180688,0.8748251748251817,5080296.0,0.1,0.9572261072261132,0.8534989611631979,-0.02132621366198384,0.9232390184086153,0.8156412262557601,100.0,0.10759779215285525,0.12865588833935068,0.8534989611631979,1.193781544605709,0.513216377720687,-87615883.0,-0.2891158772632778,0.22584180194101577,0.06327407532226204,0.22584180194101577,0.19340368387719786,0.15087396504140127,0.009557109557109792,0.17014129172125547,-1.0
987,0.8642163661581165,0.6490417136414862,0.8457831325301214,0.7517482517482591,5119886.0,0.1,0.9482517482517546,0.8621517320878667,0.11040348033960756,0.8968558235377913,0.8130333497452498,100.0,0.08382247379254149,0.11968920542998886,0.8621517320878667,1.1681127417619162,0.5561907224138172,-92735769.0,-0.19674141888863517,0.22578346118369552,0.029042042295060355,0.22578346118369552,0.20164549843242877,-0.12530512611879074,-0.008974358974358646,0.15298050483702472,-1.0
988,0.7490984743411943,0.6298759864712465,0.871084337349393,0.7755244755244831,5138153.0,0.1,0.9354312354312416,0.8713843233003851,0.09585984777590195,0.8781894623049746,0.8115023752872592,100.0,0.06668708701771542,0.10908878174753417,0.8713843233003851,1.135987790285053,0.6067808563157171,-87597616.0,-0.2412083508781464,0.12187226527701256,0.11933608560113385,0.12187226527701256,0.20234795268618025,-0.1655379984951073,-0.012820512820512775,0.13230173349233398,-1.0
989,0.7865464632454916,0.5881623449830883,0.8831325301204757,0.7979020979021015,5152037.0,0.1,0.9233100233100293,0.8813956994613964,0.08349360155929486,0.865837560089148,0.8109472619245996,100.0,0.05489029816454838,0.09824908503093702,0.8813956994613964,1.091018981023903,0.6717724178988899,-82445579.0,-0.2949701851373874,0.18736213054139483,0.10760805459599254,0.18736213054139483,0.20080139702463032,-0.15418828762046144,-0.012121212121212347,0.10481164078125327,-1.0
990,0.7657420249653256,0.5881623449830883,0.8132530120481846,0.7139860139860218,5176121.0,0.1,0.8925407925407987,0.8801038765911066,0.16611786260508477,0.8424757837655902,0.8069896599679229,99.77290461767538,0.035486123797667246,0.08569649278428307,0.8801038765911066,1.093117479382822,0.6670902737993911,-87621700.0,-0.22509066706509628,0.20973975291901326,0.015350914146083028,0.20973975291901326,0.21122809922134367,-0.34086507424144286,-0.03076923076923067,0.10650680139585773,-1.0
991,0.7061026352288508,0.5193912063134135,0.8108433734939723,0.68041958041958,5197284.0,0.1,0.8595571095571152,0.8785858538595802,0.19816627344000026,0.8175440601738964,0.8018235342720722,99.49750472382246,0.015720525901824156,0.07170129940779128,0.8785858538595802,1.0962785784419982,0.6608931292771623,-92818984.0,-0.2914521671805588,0.19459480767260828,0.09685735950795049,0.19459480767260828,0.20873771099251157,-0.36777128005198634,-0.0329836829836836,0.10884636229120896,-1.0
992,0.6700416088765649,0.571251409244644,0.8144578313252978,0.7587412587412657,5219494.0,0.1,0.8336829836829893,0.8755905843953328,0.11684932565406703,0.808497475338107,0.800065074046325,98.93901586592447,0.008432401291782021,0.059047519784589435,0.8755905843953328,1.0958792654642784,0.6553019033263872,-87599490.0,-0.2432064220806538,0.10916817117493594,0.13403825090571786,0.13403825090571786,0.1999047007560287,-0.29038587311968433,-0.025874125874125898,0.11014434053447278,-1.0
993,0.735228848821086,0.5588500563697835,0.8349397590361448,0.7419580419580484,5243228.0,0.1,0.8108391608391665,0.8681313769361254,0.12617333497807703,0.7982606394334826,0.7976933584508851,97.5249255604278,0.0005672809825975067,0.04735147202419105,0.8681313769361254,1.0815176158342867,0.6547451380379641,-92842718.0,-0.27608970266636135,0.19989120237148228,0.07619850029487907,0.19989120237148228,0.19629664027085406,-0.26978664831383015,-0.022843822843822664,0.10669311944908068,-1.0
994,0.7033287101248277,0.5430665163472369,0.8349397590361448,0.7139860139860218,5250217.0,0.1,0.7927738927738988,0.8625394053770008,0.148553391390979,0.7852953124415655,0.7942767321461967,96.40873108432316,-0.008981419704631177,0.036084893678426606,0.8625394053770008,1.0777529423024657,0.647325868451536,-98092935.0,-0.2918732426889079,0.19889152561081147,0.09298171707809644,0.19889152561081147,0.19167904816735457,-0.2329075882794841,-0.01806526806526776,0.1076067684627324,-1.0
995,0.7074895977808623,0.5408117249154486,0.7987951807228896,0.6706293706293763,5268859.0,0.1,0.7761072261072318,0.857480369387308,0.18685099875793165,0.7676543983166133,0.7892299010638774,95.3564397617963,-0.021575502747264053,0.024552814393288474,0.857480369387308,1.079124307630307,0.635836431144309,-103361794.0,-0.257983455807441,0.1731742890705732,0.08480916673686778,0.1731742890705732,0.1875183272648068,-0.2297188755020091,-0.016666666666666902,0.1108219691214995,-1.0
996,0.6520110957004149,0.5205186020293112,0.7987951807228896,0.7125874125874162,5285283.0,0.1,0.7580419580419636,0.8534982167737687,0.1409108041863525,0.7591825543582753,0.7861016362281034,94.45464802137751,-0.026919081869828054,0.01425843514066517,0.8534982167737687,1.0785891442004865,0.628407289347051,-98076511.0,-0.27827657869357836,0.15011076860006511,0.12816581009351324,0.15011076860006511,0.18691704954966148,-0.2332580887885648,-0.018065268065268352,0.11254546371335884,-1.0
997,0.699167822468793,0.5171364148816181,0.4927710843373475,0.37972027972028,5386532.0,0.1,0.7143356643356698,0.8419223703439075,0.4622020906236275,0.7008037428755067,0.7695146420849269,92.06169188101026,-0.0687108992094202,-0.0023354317293519024,0.8419223703439075,1.1039369303898967,0.5799078102979182,-103463043.0,0.02436533054427059,0.1954509977057981,0.2198163282500687,0.2198163282500687,0.1867597153619549,-0.5800464037122979,-0.0437062937062939,0.13100728002299467,0.0
998,0.37323162274618793,0.2488162344983124,0.1,0.3377622377622401,5525902.0,0.1,0.6695804195804245,0.8282220601107507,0.4904598223485106,0.644951203627312,0.7518920949697152,89.28694859845659,-0.10694089134240325,-0.023256523651962173,0.8282220601107507,1.1240477990705537,0.5323963211509478,-108988945.0,0.14881623449831238,0.1309040452219676,0.27972027972028,0.27972027972028,0.19124958851022691,-0.6139088729016791,-0.04475524475524514,0.14791286947990145,0.0
999,0.32746185852982135,0.22063134160090528,0.2578313253012027,0.21888111888112008,5586669.0,0.1,0.6251748251748296,0.8149343543047968,0.5960532354236767,0.5794019598202055,0.7301365449252828,86.69674892122794,-0.1507345851050773,-0.048752135942585206,0.8149343543047968,1.1589144464113523,0.47095426219824116,-114575614.0,-0.037199983700297395,0.11713089616133485,0.07993091246103745,0.11713089616133485,0.18219520809169687,-0.7088372093023269,-0.04440559440559492,0.1719900460532778,0.0
1000,0.2581137309292657,0.3119503945884986,0.4361445783132524,0.2524475524475548,5639736.0,0.1,0.5815850815850856,0.8024050868029016,0.5499575343553468,0.5291012817628746,0.7106390350282326,84.27473462114267,-0.18153775326535793,-0.07530925940713976,0.8024050868029016,1.182509069853833,0.4223011037519701,-108935878.0,-0.12419418372475377,0.09306927570737852,0.2172634594321323,0.2172634594321323,0.1901444742712902,-0.6744815148782688,-0.043589743589744025,0.19005199152546573,0.0
1001,0.26366158113731186,0.2273957158962773,0.4433734939759034,0.2678321678321737,5663751.0,0.1,0.5374125874125916,0.7904666754575561,0.5226345076253824,0.4889060334658437,0.6925652853467608,81.96966747707374,-0.20365925188091705,-0.10097925790189521,0.7904666754575561,1.2004563655224125,0.38047698539269975,-103272127.0,-0.21597777807962612,0.02505183655127749,0.19092594152834863,0.19092594152834863,0.190441458520203,-0.6643295354951739,-0.04417249417249399,0.20499484503242818,0.0
1002,0.2428571428571459,0.15524239007891652,0.225301204819273,0.14895104895105363,5710907.0,0.1,0.4903263403263442,0.7775807036299783,0.6286296546789247,0.4366052666174145,0.6703769491673441,79.54890204777368,-0.23377168254992964,-0.1275377428315021,0.7775807036299783,1.2274619318303601,0.3276994754295966,-108983034.0,-0.07005881474035647,0.11258977775325715,0.042530963012900685,0.11258977775325715,0.18234562725639,-0.7913809990205638,-0.04708624708624735,0.22494061410019087,0.0
1003,0.16102635228849352,0.18229988726042592,0.35421686746987857,0.17412587412588323,5737429.0,0.1,0.44813519813520286,0.7651178285758627,0.5909919544499795,0.3962238216187174,0.6501218032472845,77.20500352373101,-0.25389798162856714,-0.15280979059091512,0.7651178285758627,1.2475578982436555,0.2826777589080701,-103245605.0,-0.17191698020945265,0.0333488383093723,0.20526581851882494,0.20526581851882494,0.1832348781602414,-0.744090441932155,-0.042191142191141395,0.2412200348338963,0.0
1004,0.19015256588072163,0.1,0.29277108433734467,0.1,5764337.0,0.1,0.3932400932400973,0.7504010132203613,0.6504010132203614,0.35065092598506853,0.6276678520943342,74.54087821828955,-0.27701692610926565,-0.17765121769458525,0.7504010132203613,1.269407822517681,0.23139420392304166,-109009942.0,-0.19277108433734466,0.07412587412588323,0.11864521021146143,0.11864521021146143,0.18195212476905334,-0.8682027649769597,-0.05489510489510548,0.25950340464865984,1.0
1005,0.1,0.2240135287485913,0.2999999999999957,0.2930069930069962,5796823.0,0.1,0.3558275058275097,0.7405922409572095,0.44758524795021337,0.34178262860382663,0.6140082251928102,72.64038057871964,-0.27222559658898354,-0.19656609347346493,0.7405922409572095,1.2760964279284164,0.20508805398600272,-103213119.0,-0.07598647125140442,0.12401352874859128,0.1999999999999957,0.1999999999999957,0.18196119123809615,-0.6050895381715354,-0.03741258741258768,0.2677520934856034,1.0
1006,0.2858529819694894,0.1777903043968422,0.4373493975903585,0.2622377622377726,5811076.0,0.1,0.31818181818182223,0.7312660575434351,0.4690282953056625,0.3295449568552029,0.5996502471130126,70.94549645751124,-0.2701052902578097,-0.2112739328303339,0.7312660575434351,1.2842611025913304,0.1782710124955399,-109024195.0,-0.25955909319351633,0.11521668861015397,0.14434240458336234,0.14434240458336234,0.17741543115247538,-0.6327130264446515,-0.03764568764568743,0.2764975225239476,1.0
1007,0.23730929264909975,0.5205186020293112,0.4373493975903585,0.4804195804195842,5925813.0,0.1,0.30233100233100624,0.7259615384615438,0.24554195804195955,0.35275643740356927,0.594783689288791,69.76462432375493,-0.24202725188522173,-0.2174245966413115,0.7259615384615438,1.283673465687299,0.16824961123578852,-103098382.0,0.0831692044389527,0.2582808397915386,0.1751116353525859,0.2582808397915386,0.18450764371255582,-0.2836287799791454,-0.01585081585081601,0.2788559636128776,0.0
1008,0.47725381414701784,0.5396843291995438,0.6325301204819226,0.5517482517482563,6026741.0,0.1,0.2889277389277429,0.7203379953380006,0.16858974358974432,0.3833705626873673,0.5930271408177488,68.42632682734597,-0.20965657813038147,-0.2158709929391255,0.7203379953380006,1.2795487674685484,0.16112722320745276,-97071641.0,-0.0928457912823788,0.059264748779959575,0.15211054006233837,0.15211054006233837,0.18467429133441193,-0.2257114818449436,-0.01340326340326333,0.2796053860652739,0.0
1009,0.5549237170596427,0.40552423900789447,0.4867469879518026,0.4076923076923137,6081740.0,0.1,0.2912587412587457,0.7100524475524527,0.302360139860139,0.3871123696112052,0.5854624537514045,66.33704645398652,-0.19835008414019928,-0.21236681117934028,0.7100524475524527,1.2738018579570793,0.146303037147826,-103153381.0,-0.08122274894390813,0.1462240127403618,0.06500126379645366,0.1462240127403618,0.1785415983752697,0.07366482504605543,0.002331002331002807,0.28187470520231334,0.0
1010,0.40235783633842315,0.43032694475760846,0.5578313253011998,0.5573426573426644,6126651.0,0.1,0.3095571095571144,0.7002913752913806,0.14294871794871622,0.41330164464681435,0.584314706959211,64.1289059169618,-0.1710130623123966,-0.20409606140595157,0.7002913752913806,1.25789346031396,0.14268929026880117,-97026730.0,-0.12750438054359137,0.022634637065294783,0.15013901760888615,0.15013901760888615,0.16774315986598687,0.6501035196687464,0.01829836829836869,0.27880104251128973,0.0
1011,0.568793342579751,0.4190529875986456,0.5698795180722896,0.42587412587412954,6187556.0,0.1,0.3268065268065318,0.689189976689982,0.2633158508158525,0.41523587252793975,0.5778477444659422,61.82299557273182,-0.16261187193800247,-0.19579922351236176,0.689189976689982,1.2469899038683212,0.13139004951164301,-103214286.0,-0.15082653047364403,0.1382896697440188,0.012536860729625232,0.1382896697440188,0.1695063909978772,0.9456869009584725,0.01724941724941746,0.2788999635891695,0.0
1012,0.3926490984743495,0.3311161217587383,0.5734939759036152,0.43986013986014283,6215710.0,0.1,0.34242424242424757,0.6782634032634084,0.23840326340326556,0.41902422134827866,0.5722155973391749,59.50995031150361,-0.15319137599089627,-0.18727765400806867,0.6782634032634084,1.2345912886130495,0.12193551791376733,-96998576.0,-0.2423778541448769,0.09475800411539126,0.14761985002948563,0.14761985002948563,0.16370275688098998,0.7423822714681396,0.01561771561771567,0.27816394267482053,1.0
1013,0.4439667128987551,0.42581736189402475,0.6060240963855378,0.5587412587412629,6275695.0,0.1,0.36666666666667164,0.6692307692307744,0.1104895104895115,0.4405191501779685,0.5716656243351785,57.34875122357501,-0.13114647415721004,-0.17605141803789695,0.6692307692307744,1.218766658042604,0.11969488041894472,-90722881.0,-0.18020673449151303,0.01404277796611808,0.16616395652539495,0.16616395652539495,0.16163925813074384,1.0861618798955313,0.024242424242424104,0.27476794440591484,1.0
1014,0.545214979195569,0.40665163472378507,0.4132530120481931,0.4538461538461561,6440006.0,0.1,0.3920745920745969,0.6591783216783268,0.20533216783217068,0.44256945843461276,0.5668566663560347,55.14158428887044,-0.12428720792142195,-0.16569857601460197,0.6591783216783268,1.20640023986486,0.1119564034917937,-97162887.0,-0.00660137732440802,0.15208962401747783,0.1454882466930698,0.15208962401747783,0.16493091198609555,2.046948356807431,0.02540792540792521,0.27361095909326655,1.0
1015,0.4647711511789211,0.39988726042841305,0.3409638554216826,0.43986013986014283,6563052.0,0.1,0.41421911421911844,0.6482517482517534,0.20839160839161053,0.44215264019238665,0.5616731346623248,52.78602349335472,-0.11952049446993818,-0.15646295970566923,0.6482517482517534,1.1915128011895137,0.10499069531399285,-103725939.0,0.058923405006730434,0.05395889341774307,0.1128822984244735,0.1128822984244735,0.15723228531156627,1.5261044176705676,0.022144522144521634,0.27163052646888025,1.0
1016,0.40235783633842315,0.3311161217587383,0.5337349397590344,0.3699300699300764,6611379.0,0.1,0.4367132867132915,0.6370046620046671,0.2670745920745907,0.4310414755366466,0.5538468871222331,50.48410772766636,-0.12280541158558644,-0.14973145008165267,0.6370046620046671,1.1804997697721369,0.09350955423719742,-110337318.0,-0.20261881800029613,0.10874401810140455,0.09387479989889158,0.10874401810140455,0.15640718596906153,2.6993006993007636,0.022494172494173032,0.27174755388373484,1.0
1017,0.8461858529819665,1.1,0.7518072289156578,0.7881118881118979,315187.0,0.1,0.47797202797203325,0.6369463869463922,-0.15116550116550576,0.48597538516360833,0.5634087238973214,49.41961360839163,-0.07743333873371311,-0.13527182781206476,0.6369463869463922,1.1803746777785986,0.0935180961141856,-110022131.0,0.3481927710843423,0.7300699300699237,0.3818771589855814,0.7300699300699237,0.2005796801415555,1.6897374701670689,0.041258741258741814,0.2717141454161033,-1.0
1018,0.8101248266296807,0.6219842164599768,0.6192771084337337,0.5713286713286777,446797.0,0.1,0.5037296037296087,0.631818181818187,0.060489510489509346,0.49910665995823433,0.5637319870577849,47.81454299130575,-0.0646253270995506,-0.12114252766956193,0.631818181818187,1.1729276152980308,0.09070874833834319,-110468928.0,0.002707108026243077,0.1661276716519211,0.16883477967816418,0.16883477967816418,0.20262071139945567,1.1786666666666048,0.025757575757575424,0.27055471673992193,1.0
1019,0.6062413314840484,0.4664036076662853,0.29518072289156405,0.305594405594411,592243.0,0.1,0.48916083916084435,0.6214452214452267,0.31585081585081576,0.4693355439022615,0.5531957592429533,45.75963050193371,-0.08386021534069177,-0.1136860652037879,0.6214452214452267,1.168170634696886,0.07471980819356727,-111061171.0,0.17122288477472125,0.1049250636623924,0.27614794843711366,0.27614794843711366,0.20410963711992025,-0.36390101892284676,-0.014568764568764436,0.27336270662582973,1.0
1020,0.30249653259362785,0.3311161217587383,0.36506024096385514,0.4426573426573469,681491.0,0.1,0.48006993006993515,0.6146270396270449,0.171969696969698,0.4652312052491977,0.5486839871374183,44.05492946177095,-0.08345278188822058,-0.10763940854067446,0.6146270396270449,1.16195034530169,0.06730373395239975,-110379680.0,-0.03394411920511686,0.0255217161643273,0.059465835369444164,0.059465835369444164,0.19638924506217906,-0.19771863117870603,-0.009090909090909113,0.2736616528373226,1.0
1021,0.4578363384188634,0.5881623449830883,0.6120481927710827,0.6608391608391656,776170.0,0.1,0.5011655011655062,0.6136072261072312,-0.04723193473193443,0.49532473687842354,0.5532617493293264,42.99775205580783,-0.057937012450902825,-0.09769892932272015,0.6136072261072312,1.1603883306408802,0.06682612157358214,-109603510.0,-0.023885847787994408,0.14550500232574137,0.16939085011373578,0.16939085011373578,0.19831981484329356,0.620926243567741,0.021095571095570993,0.2733905522668245,1.0
1022,0.6520110957004149,0.4912063134160064,0.6891566265060248,0.6020979020979084,823729.0,0.1,0.5048951048951098,0.6103146853146905,0.008216783216782098,0.5117513776814212,0.5552550616872276,41.54083948546143,-0.0435036840058064,-0.0868598802593374,0.6103146853146905,1.1553919051683987,0.0652374654609823,-110427239.0,-0.19795031309001843,0.1696328474231592,0.02831746566685922,0.1696328474231592,0.19994430066114965,0.0803011292346274,0.0037296037296036624,0.2725386099268541,1.0
1023,0.5951456310679631,0.4438556933483596,0.6542168674698757,0.6006993006993028,849418.0,0.1,0.5194638694638742,0.6049242424242475,0.0042249417249446974,0.525435673530326,0.5571099285856796,39.594009980268694,-0.031674255055353595,-0.07582275521854064,0.6049242424242475,1.1450319415207657,0.06481654332772935,-111276657.0,-0.21036117412151611,0.15824220874954875,0.05211896537196736,0.15824220874954875,0.20160701224494382,0.4105090311986792,0.014568764568764436,0.27005384954825906,1.0
1024,0.568793342579751,0.7617812852311147,0.7265060240963862,0.9363636363636431,933496.0,0.1,0.560839160839166,0.6050699300699353,-0.3312937062937078,0.5886553601200671,0.5725896717602904,37.84440217441439,0.01606568835977673,-0.057445066502877166,0.6050699300699353,1.1455387913676924,0.06460106877217797,-110343161.0,0.03527526113472845,0.16108198453181188,0.12580672339708343,0.16108198453181188,0.20272885678680433,1.1287758346581884,0.04137529137529169,0.27023443064887864,0.0
1025,0.9363384188626881,0.9489289740698993,1.0397590361445723,1.1,1073469.0,0.1,0.6059440559440606,0.6083333333333384,-0.4916666666666617,0.6673237662554414,0.5941166239333397,36.4781462096241,0.07320714232210168,-0.031314624737881394,0.6083333333333384,1.1589429850927817,0.05772368157389518,-109269692.0,-0.09083006207467303,0.01256533770625623,0.10339539978092926,0.10339539978092926,0.1974981437247655,0.9687108886107489,0.045104895104894766,0.2753048258797216,0.0
1026,1.0930651872399495,0.867756482525364,0.9120481927710798,1.0580419580419602,1152112.0,0.1,0.6562937062937111,0.6078088578088627,-0.4502331002330975,0.7274342572995213,0.6130523518561405,33.9784677087449,0.11438190544338078,-0.002175318701628959,0.6078088578088627,1.1566156461763812,0.05900206944134434,-110421804.0,-0.044291710245715876,0.23224351747463612,0.18795180722892024,0.23224351747463612,0.20417763484619536,1.3312788906009176,0.05034965034965034,0.2744033941837592,0.0
1027,1.0403606102635252,0.8361894024802708,1.015662650602407,0.9167832167832216,1187231.0,0.1,0.696037296037301,0.6044871794871843,-0.3122960372960373,0.7565648664508599,0.6254495300164296,31.09413576679121,0.1311153364344303,0.024482812325582894,0.6044871794871843,1.1435559176312484,0.06541844134312025,-111609035.0,-0.17947324812213605,0.22185255556168937,0.042379307439553315,0.22185255556168937,0.21325848960763005,1.0842607313195516,0.0397435897435899,0.26953436907203204,0.0
1028,0.9252427184465958,0.7189402480270516,0.8999999999999971,0.841258741258747,1219400.0,0.1,0.7353146853146901,0.599737762237767,-0.24152097902098002,0.7695946933443809,0.6342580692508099,27.940969812794933,0.13533662409357106,0.04665357467918053,0.599737762237767,1.1259432807960252,0.07353224367950872,-112828435.0,-0.18105975197294555,0.19784296875617002,0.016783216783224475,0.19784296875617002,0.22068340216219384,1.2741020793950608,0.03927738927738922,0.26310275927912913,0.0
1029,0.7920943134535378,0.7009019165727167,0.8590361445783102,0.7811188811188913,1258364.0,0.1,0.7347319347319395,0.5948426573426623,-0.186276223776229,0.7713676453096903,0.6402523881025682,24.74346880402392,0.13111525720712203,0.06354591118476882,0.5948426573426623,1.1094702833605883,0.0802150313247364,-114086799.0,-0.1581342280055935,0.14035682468603028,0.017777403319563234,0.14035682468603028,0.17154064338020272,-0.008873114463176068,-0.0005827505827505538,0.25731381300896294,0.0
1030,0.7629680998613025,0.5881623449830883,0.8012048192771019,0.7475524475524565,1280031.0,0.1,0.7494172494172546,0.5910256410256461,-0.1565268065268104,0.7677037687316544,0.644631982365829,21.636162691036105,0.12307178636582539,0.07545108622098014,0.5910256410256461,1.0981378657116747,0.08391341633961757,-115366830.0,-0.21304247429401357,0.192956536135803,0.02008593815821058,0.192956536135803,0.17355078975167262,0.3084455324357416,0.014685314685314902,0.2535561123430143,0.0
1031,0.7338418862690744,0.6062006764374303,0.8493975903614398,0.748951048951055,1293659.0,0.1,0.7863636363636416,0.588490675990681,-0.16046037296037408,0.7648187349192545,0.6488899034509402,18.803939166709,0.11592883146831423,0.08354663527044695,0.588490675990681,1.0910896013711457,0.08589175061021614,-114073171.0,-0.24319691392400955,0.14135177111502628,0.10184514280898327,0.14135177111502628,0.16231777497483202,1.4508009153317847,0.036946386946387,0.2512994626902324,0.0
1032,0.816666666666665,0.6294117647058804,0.9713998660415285,0.8173038229376267,1305858.0,0.6,0.8175841763869981,0.58615595085666,-0.23114787208096677,0.7728933638451578,0.655763940981009,15.681534981135101,0.11712942286414885,0.09026319278918735,0.58615595085666,1.0832976880828782,0.08901421363044165,-112767313.0,-0.34198810133564805,0.11953928424517457,0.22244881709047348,0.22244881709047348,0.17589969011825113,0.846357767457812,0.03122054002335665,0.24857086861310915,0.0
1033,0.8323529411764689,0.6264705882352913,0.9760884125920967,0.8042253521126724,1312531.0,0.6,0.8295330256597904,0.584073233104928,-0.22015211900774445,0.7777136697324678,0.6618235904149543,12.566715861474776,0.1158900793175135,0.09538857009485258,0.584073233104928,1.0765881091046081,0.09155835710524773,-114079844.0,-0.34961782435680533,0.19083323470233537,0.15878458965446995,0.19083323470233537,0.17768655550063442,0.21697592965197177,0.011948849272792236,0.24625743799984012,0.0
1034,0.798039215686272,0.7431372549019585,0.9425987943737425,0.9641851106639819,1339063.0,0.6,0.8597069597069632,0.585934898434903,-0.37825021222907895,0.8064015837219315,0.6741648769557309,9.933389854862696,0.13223670676620058,0.10275819742912218,0.585934898434903,1.0835881230593418,0.08828167381046409,-112740781.0,-0.19946153947178402,0.061088097210713954,0.13837344226107007,0.13837344226107007,0.17508160507046033,0.6013759677694306,0.030173934047172796,0.24882661231221945,0.0
1035,0.9499999999999978,0.8058823529411739,1.0792364367046212,1.0255533199195157,1379425.0,0.6,0.8951114613086477,0.5916391706884708,-0.4339141492310449,0.8401172354446367,0.6885072623828242,9.130970043774411,0.15160997306181245,0.11252855255566024,0.5916391706884708,1.1031408006829868,0.08013754069395496,-111361356.0,-0.2733540837634473,0.158302757722808,0.11505132604063928,0.158302757722808,0.17508665081823194,0.7072657130208411,0.03540450160168441,0.25575081499725794,0.0
1036,1.0294117647058791,0.8029411764705848,1.0397186872069661,0.9028169014084518,1392006.0,0.6,0.8923159000623818,0.5942910962277201,-0.3085258051807317,0.8497633379006082,0.6972545945879518,7.287461354106725,0.1525087433126564,0.12052459070705948,0.5942910962277201,1.110980948068903,0.07760124438653726,-112753362.0,-0.2367775107363813,0.22261214344893088,0.014165367287450437,0.22261214344893088,0.18021416406132518,-0.03582661014632049,-0.0027955612462659354,0.25834492592059144,0.0
1037,0.9107843137254882,0.7078431372548998,1.0330207635632953,0.9128772635814876,1400954.0,0.6,0.8767223386941723,0.5966864121793741,-0.31619085140211345,0.8594731726207434,0.7060555198529941,5.058271946604421,0.15341765276774932,0.12710320311919746,0.5966864121793741,1.1182750688385146,0.07509775552023368,-111352408.0,-0.32517762630839553,0.19497376415355205,0.13020386215484347,0.19497376415355205,0.18784569442571042,-0.1701115785622841,-0.015593561368209377,0.2607943283295702,0.0
1038,0.897058823529408,0.7078431372548998,1.032350971198929,0.9189134808853104,1411458.0,0.6,0.8651282989311181,0.6009557344064426,-0.3179577464788679,0.8686178354306768,0.7147435998951295,6.346451073784934,0.15387423553554735,0.13245740960246744,0.6009557344064426,1.1297712896875536,0.07214017912533155,-109940950.0,-0.32450783394402916,0.2050341263265878,0.11947370761744136,0.2050341263265878,0.18557824516337304,-0.13149618131791718,-0.011594039763054148,0.2644077776405555,0.0
1039,0.9245098039215683,0.7549019607843149,1.0578030810448724,0.9843058350100605,1417926.0,0.6,0.8707551837833547,0.6072866980437442,-0.3770191369663163,0.8864159892121205,0.7257461401039021,8.20305841542907,0.16066984910821835,0.13809989750361762,0.6072866980437442,1.1471494173307342,0.06742397875675421,-108523024.0,-0.3029011202605575,0.1640115201009955,0.13888960015956198,0.1640115201009955,0.1807581588749819,0.07365167358076219,0.005626884852236576,0.269931359643495,0.0
1040,0.9656862745098017,0.78333333333333,1.094641661085062,1.0044265593561357,1427897.0,0.6,0.8843525019581372,0.612405141806554,-0.39202141754958164,0.904571461541969,0.7371208510937892,9.716609477462939,0.16745061044817977,0.14397004009253006,0.612405141806554,1.1626918901350523,0.06211839347805581,-107095127.0,-0.311308327751732,0.20097250167673053,0.11033582607500148,0.20097250167673053,0.1810189532850286,0.19395675800437595,0.013597318174782389,0.2751433741642491,0.0
1041,0.9882352941176457,0.7656862745098024,1.0765572672471522,0.9692152917505034,1436094.0,0.6,0.9000272028441049,0.6171396678438968,-0.3520756239066065,0.9145166661894358,0.7465940935695734,11.25986751620323,0.16792257261986243,0.14876054659799653,0.6171396678438968,1.1758262554366932,0.05845308025110052,-108531221.0,-0.31087099273734975,0.23874028484633325,0.0721307078910165,0.23874028484633325,0.18921757496505384,0.24080382023563285,0.015674700885967674,0.27934329379639816,0.0
1042,0.9696078431372527,0.7431372549019585,1.0363697253851307,0.9249496981891333,1444927.0,0.6,0.9148103070638278,0.6215347445981284,-0.3034149535910049,0.9161217480355431,0.75387391416629,12.66340076220834,0.16224783386925312,0.15145800405224785,0.6215347445981284,1.1866162759416135,0.05645321325464325,-109976148.0,-0.29323247048317225,0.22607803684854488,0.06715443363462736,0.22607803684854488,0.191977700024449,0.2373040864456919,0.014783104219723064,0.2825407656717426,0.0
1043,0.9205882352941174,0.7078431372548998,1.0095780308104474,0.8444668008048261,1452223.0,0.6,0.9227699530516421,0.6251563577267835,-0.2193104430780426,0.9050979100000482,0.7575715830086792,13.847197774813466,0.14752632699136903,0.1506716686400721,0.6251563577267835,1.1937406547371536,0.0565720607164133,-111428371.0,-0.3017348935555476,0.21710656093423353,0.08462833262131408,0.21710656093423353,0.1982905991760496,0.12753270322212096,0.007959645987814254,0.2842921485051851,0.0
1044,0.8549019607843128,0.65490196078431,0.9988613529805747,0.8384305835010067,1465701.0,0.6,0.9245305164319237,0.62777809045415,-0.21065249304685674,0.894841398230965,0.760871950375713,14.72550067372245,0.133969447855252,0.1473312244831081,0.62777809045415,1.1991628947893258,0.056393286118974206,-112894072.0,-0.3439593921962647,0.1895648400205161,0.1543945521757486,0.1895648400205161,0.19555026775355314,0.025849335302806198,0.0017605633802816694,0.2856924021675879,0.0
1045,0.85,0.7078431372548998,1.0055592766242456,0.9400402414486905,1471130.0,0.6,0.9358484238765921,0.6394514229901586,-0.3005888184585319,0.9017950664183074,0.7681849418480793,18.368412976200545,0.13361012457022814,0.1445870045005321,0.6394514229901586,1.213024112856301,0.06587873312401604,-111422942.0,-0.2977161393693458,0.13058744624610696,0.16712869312323886,0.16712869312323886,0.19357488928862843,0.16887665749312308,0.01131790744466817,0.28678634493307126,0.0
1046,0.915686274509801,0.702941176470587,1.0249832551908917,0.9098591549295761,1482380.0,0.6,0.9313212608987249,0.6513701087644781,-0.25848904616509805,0.9030356954200411,0.7739675627901812,22.216145159974758,0.12906813262985994,0.14148323012639769,0.6513701087644781,1.2231062845468368,0.07963393298211952,-112905322.0,-0.32204207872030477,0.2370990649781035,0.08494301374220126,0.2370990649781035,0.2018020245150479,-0.05634390651085086,-0.00452716297786715,0.2858680878911793,0.0
1047,0.9009803921568625,0.7019607843137251,1.018285331547221,0.8897384305834976,1489243.0,0.6,0.9200033534540566,0.6653463027582777,-0.2243921278252199,0.9009899623682651,0.7786929043327655,26.55009581937928,0.12229705803549962,0.13764599570821806,0.6653463027582777,1.226595910918137,0.1040966945984182,-114394565.0,-0.3163245472334958,0.20789837061585104,0.10842617661764475,0.20789837061585104,0.2059349922561348,-0.1324308416715737,-0.01131790744466818,0.28062480407992973,0.0
1048,0.8754901960784295,0.65490196078431,1.0095780308104474,0.8545271629778654,1494530.0,0.6,0.915979208584841,0.6778896279776591,-0.1766375350002063,0.8938418393851266,0.7817881801958307,30.48141638707365,0.11205365918929588,0.13252752840443363,0.6778896279776591,1.228248515200268,0.12753074075505,-115889095.0,-0.35467607002613744,0.2348364697991876,0.11983960022694984,0.2348364697991876,0.2069536861186562,-0.053487853799869534,-0.00402414486921554,0.27517944361130453,0.0
1049,0.8382352941176435,0.636274509803917,1.0095780308104474,0.8625754527162982,1499157.0,0.6,0.911787391012742,0.6902801130794116,-0.1722953396368866,0.8890316260514607,0.7850856198905436,34.31735151878166,0.10394600616091709,0.12681122395573033,0.6902801130794116,1.2295947061632844,0.15096551999553876,-114389938.0,-0.3733035210065304,0.21825265317394837,0.15505086783258204,0.21825265317394837,0.20889359353702255,-0.055102490632574774,-0.004191817572099114,0.26965729654193643,0.0
1050,0.8421568627450945,0.6490196078431353,1.0102478231748138,0.8806841046277633,1506532.0,0.6,0.9086016096579463,0.7055245517393431,-0.1751595528884201,0.8877473919862765,0.7889875988594096,38.803401363418125,0.09875979312686689,0.12120093778995765,0.7055245517393431,1.223266734422769,0.18778236905591728,-112883406.0,-0.3612282153316785,0.21355584487316293,0.14767237045851556,0.21355584487316293,0.20960373674923716,-0.04160280271513239,-0.003185781354795599,0.25887109134171293,0.0
1051,0.8705882352941167,0.6450980392156843,1.022973878097789,0.8665995975855111,1512102.0,0.6,0.8987927565392341,0.719951087644752,-0.14664850994075906,0.8844938851553895,0.7921554355421077,43.024239701401434,0.09233844961328186,0.1154284401546225,0.719951087644752,1.2153116904138384,0.22459048487566557,-114395508.0,-0.37787583888210474,0.23558606541207894,0.1422897734700258,0.23558606541207894,0.21556828219182744,-0.11958299264104877,-0.009808853118712454,0.24768030138454322,0.0
1052,0.8705882352941167,0.6676470588235283,1.022973878097789,0.9038229376257533,1516654.0,0.6,0.8904091213950354,0.7366973988452886,-0.16712553878046466,0.8874675855354455,0.7967132927700115,47.89673557963745,0.09075429276543401,0.11049361067678481,0.7366973988452886,1.1997353253921879,0.2736594722983894,-112878854.0,-0.3553268192742608,0.19895253876198282,0.15637428051227797,0.19895253876198282,0.2153999519489318,-0.10016025641025661,-0.008383635144198534,0.23151896327344962,0.0
1053,0.8813725490196042,0.7470588235294094,1.022973878097789,0.9631790744466805,1533288.0,0.6,0.8899061032863834,0.7506593172086152,-0.21251975723806527,0.8991155069064046,0.8035078144711,51.52566930732768,0.09560769243530465,0.10751642702848878,0.7506593172086152,1.19923382649234,0.30208480792489056,-111345566.0,-0.2759150545683796,0.15676411409634383,0.11915094047203578,0.15676411409634383,0.20856860438643268,-0.006227942702927036,-0.0005030181086519055,0.22428725464186233,0.0
1054,0.9735294117647036,0.7666666666666643,1.077896851975885,0.985311871227362,1556858.0,0.6,0.8949362843729025,0.7657233611458983,-0.21958851008146363,0.9123764860327057,0.8109283882162535,55.13275146891256,0.10144809781645225,0.10630276118608148,0.7657233611458983,1.1954623316507784,0.3359843906410183,-109788708.0,-0.31123018530922064,0.19651240778001622,0.11471777752920442,0.19651240778001622,0.2061048019640553,0.06525995214270108,0.005030181086519055,0.21486948525244,0.0
1055,0.9882352941176457,0.8647058823529384,1.0765572672471522,1.0647887323943643,1609645.0,0.6,0.9132964453386974,0.7778977184787065,-0.28689101391565786,0.9358245239344993,0.8212900349174008,57.581238512642415,0.1145344890170985,0.10794910675228489,0.7778977184787065,1.2077285241494982,0.34806691280791474,-108179063.0,-0.21185138489421373,0.12060598887442353,0.0912453960197902,0.12060598887442353,0.1980630876257378,0.26090064331665697,0.018360160965794858,0.21491540283539587,0.0
1056,1.0323529411764683,0.8254901960784288,1.0919624916275965,0.988329979879277,1621970.0,0.6,0.9257880617035533,0.7869931711481026,-0.20133680873117432,0.943902286387542,0.8281079918546203,59.63217060601116,0.11579429453292178,0.10951814430841227,0.7869931711481026,1.2157501944944336,0.35823614780177165,-109801033.0,-0.26647229554916774,0.23929853631593556,0.027173759233232175,0.23929853631593556,0.20220756231702278,0.17878569714422898,0.012491616364855851,0.2143785116731655,0.0
1057,0.9911764705882348,0.7803921568627444,1.0966510381781647,1.0034205231388342,1629587.0,0.6,0.9310697518443986,0.7994041756365718,-0.20401634750226239,0.9530589381954331,0.8352636053764249,62.83315922983963,0.11779533281900822,0.11117358201053147,0.7994041756365718,1.217669177928748,0.38113917334439573,-108171446.0,-0.31625888131542024,0.20793782301653252,0.10832105829888772,0.20793782301653252,0.2056083231414639,0.06742294520548264,0.005281690140845313,0.20913250114608806,0.0
1058,0.9833333333333328,0.7647058823529406,1.0725385130609504,0.9722334004024112,1642505.0,0.6,0.9362676056338014,0.8080477327836498,-0.1641856676187614,0.956008855458045,0.8408542092550365,65.52636836345427,0.11515464620300853,0.11196979484902689,0.8080477327836498,1.2230125837043797,0.39308288186291984,-109813951.0,-0.3078326307080098,0.23871464078589366,0.06911798992211615,0.23871464078589366,0.20574295445877974,0.06855373728438541,0.005197853789402925,0.207482425460365,0.0
1059,0.959803921568627,0.7666666666666643,1.0792364367046212,0.9752515090543227,1651113.0,0.6,0.9433936955063702,0.8194930949332372,-0.1557584141210855,0.9589692637036262,0.8463398133284767,68.75648803947473,0.11262945037514949,0.11210172595425141,0.8194930949332372,1.221500143351884,0.41748604651459054,-108162838.0,-0.31256977003795694,0.20556673373574696,0.10700303630220998,0.20556673373574696,0.20554865138543774,0.09611035730438777,0.00712608987256876,0.20100352420932333,0.0
1060,0.9666666666666671,0.7607843137254896,1.080576021433354,0.9692152917505034,1655845.0,0.6,0.9529510395707569,0.8305213272642864,-0.13869396448621696,0.9605455757108381,0.8513551389783552,71.9103610962038,0.10919043673248285,0.11151946810989771,0.8305213272642864,1.2187931437697448,0.4422495107588279,-109818683.0,-0.31979170770786436,0.21446719532883307,0.10532451237903129,0.21446719532883307,0.20385121184624153,0.13421238521309453,0.0095573440643865,0.19413590825272925,0.0
1061,0.9705882352941145,0.7666666666666643,1.0899531145344938,0.9913480885311848,1660955.0,0.6,0.9636820925553308,0.8395339695515766,-0.15181411897960828,0.9652844238370453,0.8570691369192871,74.50853935570385,0.10821528691775817,0.1108586318714698,0.8395339695515766,1.2220756598866138,0.4569922792165393,-108157728.0,-0.32328644786782956,0.20254862508383908,0.12073782278399048,0.20254862508383908,0.2025425428387324,0.14928854676929926,0.010731052984573886,0.19127084516751863,0.0
1062,0.9833333333333328,0.7568627450980386,1.077896851975885,0.9470824949698148,1665878.0,0.6,0.9692152917505017,0.8498097266583193,-0.09727276831149545,0.9624841270882406,0.8607431515335944,77.4163743909931,0.10174097555464623,0.10903510060810509,0.8498097266583193,1.2161854690519243,0.48343398426471434,-109823606.0,-0.3210341068778463,0.2344853434331462,0.08654876344470008,0.2344853434331462,0.20428666771873102,0.07539410555174708,0.005533199195170961,0.1831878711968025,0.0
1063,0.9460784313725469,0.7352941176470601,1.0511051574012016,0.9229376257545269,1676185.0,0.6,0.9739101274312528,0.8598738409477856,-0.06306378480674124,0.956400049959977,0.8632817015017956,80.51091945672371,0.09311834845818134,0.10585175017812035,0.8598738409477856,1.2062402313989509,0.5135074504966205,-111499791.0,-0.3158110397541415,0.21178837732275468,0.1040226624313868,0.21178837732275468,0.20230352704462065,0.06501044810773382,0.004694835680751315,0.17318319522558256,0.0
1064,0.9019607843137244,0.7274509803921546,1.054454119223037,0.9309859154929562,1684405.0,0.6,0.9761737089201864,0.8715625043970122,-0.05942341109594396,0.9524901831188969,0.8660451388075573,83.77470878759293,0.08644504431133959,0.1019704090047642,0.8715625043970122,1.1868600988481663,0.5562649099458581,-109815386.0,-0.3270031388308824,0.19548664536237226,0.13151649346851013,0.19548664536237226,0.20201470259465312,0.030053428317007747,0.002263581488933575,0.15764879722557706,0.0
1065,0.9401960784313722,0.713725490196078,1.0504353650368352,0.9058350100603597,1690715.0,0.6,0.971395036887993,0.8740150694376053,-0.031819940622754395,0.9453124641868142,0.8676692151852227,83.9024871610893,0.07764324900159159,0.09710497700412968,0.8740150694376053,1.1884912782195964,0.5595388606556142,-111506101.0,-0.3367098748407572,0.21726042529687817,0.11944944954387904,0.21726042529687817,0.2070560618613643,-0.059536243994153804,-0.004778672032193398,0.1572381043909956,0.0
1066,0.9176470588235318,0.6921568627450995,1.025653047555258,0.8756539235412454,1702895.0,0.6,0.9622568745808168,0.8803551788587005,0.004701255317455133,0.9345957656259576,0.8679951216487337,85.41976414092096,0.06660064397722387,0.09100411039874853,0.8803551788587005,1.181907726631234,0.5788026310861671,-113208996.0,-0.33349618481015864,0.21367814731526025,0.11981803749489839,0.21367814731526025,0.208486540155968,-0.11129262813967744,-0.009138162307176382,0.15077627388626672,0.0
1067,0.8745098039215676,0.6490196078431353,1.0303415941058263,0.8756539235412454,1707237.0,0.6,0.9464956405097236,0.8922314188159262,0.016577495274680776,0.9255277899206171,0.8683077258076117,88.42592037963244,0.0572200641130054,0.08424730114159992,0.8922314188159262,1.1417203902591124,0.6427424473727399,-113208996.0,-0.381321986262691,0.2266343156981101,0.15468767056458088,0.2266343156981101,0.21732223405794185,-0.17762660619803528,-0.015761234071093245,0.12474448572159315,0.0
1068,0.8696078431372548,0.7225490196078418,1.0303415941058263,0.9601609657947655,1718497.0,0.6,0.9441482226693475,0.9030127442979556,-0.05714822149680987,0.9308559708243322,0.8720568376438221,90.46820058412652,0.05879913318051011,0.07915766754938196,0.9030127442979556,1.1150532811978082,0.690972207398103,-111490499.0,-0.3077925744979845,0.1531049039334036,0.15468767056458088,0.15468767056458088,0.2102713285786623,-0.028501628664499568,-0.002347417840375954,0.10602026844992629,0.0
1069,0.9333333333333321,0.7147058823529399,1.0310113864701926,0.8766599597585468,1724761.0,0.6,0.9335848423876568,0.9075090109421095,0.030849051183562626,0.9225181229680576,0.872244720179117,90.84375014003348,0.05027340278894055,0.07338081459729368,0.9075090109421095,1.1073749257847276,0.7076430960994913,-113215260.0,-0.3163055041172528,0.24545508344182565,0.07085042067542713,0.24545508344182565,0.21339776694743673,-0.12632845398035442,-0.010563380281690618,0.09993295742130906,0.0
1070,0.8666666666666657,0.6666666666666664,0.9814467515070312,0.8826961770623732,1747489.0,0.6,0.9261234071093204,0.9133548083372025,0.030658631274829262,0.9163916697517984,0.8726713102559847,91.81695530039492,0.043720359495813765,0.0674487235769977,0.9133548083372025,1.0920187438248896,0.7346908728495153,-111467771.0,-0.3147800848403648,0.20999329309188042,0.10478679174848438,0.20999329309188042,0.21100432130626898,-0.0920943708609252,-0.0074614352783364995,0.0893319677438436,0.0
1071,0.8745098039215676,0.6480392156862734,0.9935030140656366,0.845472837022131,1760328.0,0.6,0.9153085177733046,0.9184542570105948,0.07298141998846375,0.9054810801010803,0.8715611684913376,93.29924435329565,0.033919911609742726,0.06074296118354671,0.9184542570105948,1.0730094064748716,0.763899107546318,-113228099.0,-0.34546379837936314,0.23465696137609982,0.11080683700326333,0.23465696137609982,0.21342850694296503,-0.13307200330100977,-0.010814889336015968,0.0772775747321384,0.0
1072,0.85,0.6450980392156843,1.003549899531143,0.8746478873239404,1770713.0,0.6,0.9074279007377575,0.9171685122389343,0.042520624914993865,0.9007375119815203,0.8716871570151172,92.96626397852036,0.02905035496640307,0.05440443994011798,0.9171685122389343,1.072141291896627,0.7621957325812414,-111457386.0,-0.3584518603154586,0.20037479780644674,0.15807706250901188,0.20037479780644674,0.21225414048276617,-0.09757110234586208,-0.007880617035546914,0.0774863898288464,0.0
1073,0.8715686274509785,0.688235294117645,1.02967180174146,0.9018108651911433,1782789.0,0.6,0.8999664654594207,0.9130395719304164,0.01122870673927312,0.9009026432445392,0.8729166961243428,91.84883620655965,0.02798594712019642,0.049120741376133675,0.9130395719304164,1.0583740509801636,0.7677050928806692,-109674597.0,-0.34143650762381494,0.18641259320629544,0.1550239144175195,0.18641259320629544,0.21090947115963754,-0.09031865232393088,-0.007461435278336796,0.07266723952487358,0.0
1074,0.9088235294117645,0.688235294117645,1.0477561955793662,0.9088531187122711,1787269.0,0.6,0.8967806841046254,0.9099314711110478,0.0010783523987766275,0.902125793316498,0.8743834888830336,91.20159820051308,0.02774230443346437,0.04484505398759982,0.9099314711110478,1.0488369011678964,0.7710260410541991,-107887328.0,-0.3595209014617212,0.21357557107349834,0.14594533038822288,0.21357557107349834,0.20916699012966689,-0.040365413214360046,-0.003185781354795303,0.06945271502842429,0.0
1075,0.9049019607843135,0.688235294117645,1.025653047555258,0.8847082494969797,1795175.0,0.6,0.8935949027498298,0.9092632426259178,0.024554993128938163,0.8994461711904183,0.8748049076836029,91.86645584896284,0.024641263506815392,0.04080429589144294,0.9092632426259178,1.0483425169585736,0.770183968293262,-109682503.0,-0.33741775343761315,0.2206178245946262,0.11679992884298696,0.2206178245946262,0.20990277740232285,-0.04142140832788521,-0.003185781354795599,0.06953963716632793,0.0
1076,0.8745098039215676,0.665686274509801,1.022973878097789,0.8756539235412454,1801454.0,0.6,0.8889839034205207,0.90997980892347,0.034325885382224586,0.8957858253982378,0.874839561392078,93.09478340677543,0.020946264006159843,0.03683268951438632,0.90997980892347,1.0479779899612105,0.7719816278857294,-111483957.0,-0.35728760358798806,0.21902197498717868,0.13826562860080938,0.21902197498717868,0.21186405487105672,-0.059433758374757506,-0.004610999329309233,0.06899909051887029,0.0
1077,0.8843137254901968,0.6598039215686263,0.9981915606162083,0.8615694164989897,1814988.0,0.6,0.8852951039570732,0.9116558617438887,0.050086445244899025,0.8905217624906612,0.8742979228250131,94.40467293444199,0.01622383966564811,0.03271091954463868,0.9116558617438887,1.045140959861125,0.7781707636266525,-113298945.0,-0.33838763904758196,0.21585000197261905,0.1225376370749629,0.21585000197261905,0.21174651959403512,-0.04886717014660369,-0.0036887994634475043,0.06674254905861811,0.0
1078,0.835294117647058,0.6294117647058804,0.9981915606162083,0.8283702213279674,1822833.0,0.6,0.8813547954392998,0.9133395653642117,0.08496934403624423,0.8809599869271698,0.8724233227639091,95.44743731006952,0.00853666416326071,0.027876068468363085,0.9133395653642117,1.0402455226207192,0.786433608107704,-115121778.0,-0.36877979591032783,0.2321576517931092,0.13662214411721862,0.2321576517931092,0.21328647830052253,-0.05399816176470407,-0.003940308517773161,0.06345297862825383,0.0
1079,0.8323529411764689,0.6088235294117638,0.9941728064300029,0.8384305835010067,1831848.0,0.6,0.8782528504359467,0.9152037223340024,0.07677313883299564,0.8744170017846832,0.8710358640184845,96.1550423037277,0.0033811377661986386,0.022977082327930196,0.9152037223340024,1.0346550034869753,0.7957524411810295,-113289930.0,-0.3853492770182392,0.21954669191620368,0.1658025851020355,0.21954669191620368,0.21269584298536368,-0.042509191176467453,-0.00310194500335322,0.05972564057648641,0.0
1080,0.8284313725490179,0.6058823529411747,0.9446081714668452,0.7730382293762567,1845675.0,0.6,0.8626592890677376,0.9142815224681405,0.14124329309188388,0.8588202675680021,0.8670359605636997,96.54033225875526,-0.008215692995697577,0.01673852726320464,0.9142815224681405,1.037446164412968,0.7911168805233132,-115135605.0,-0.3387258185256705,0.2325482305598321,0.10617758796583843,0.2325482305598321,0.21918422298496795,-0.19488683989941158,-0.015593561368209071,0.06158232097241369,0.0
1081,0.7490196078431367,0.6058823529411747,0.9432685867381089,0.8162977867203182,1863319.0,0.6,0.8576291079812185,0.9145330315224665,0.09823524480214829,0.8522783474375892,0.8649650146925413,97.11616440160743,-0.012686667254952044,0.010853488359573305,0.9145330315224665,1.0368258025061157,0.7922402605388172,-113272286.0,-0.3373862337969342,0.167155876435082,0.1702303573618522,0.1702303573618522,0.21291549581163682,-0.06885471654808306,-0.005030181086519055,0.06114638549182463,0.0
1082,0.7970588235294102,0.6088235294117638,0.962692565304755,0.7851106639839024,1874568.0,0.6,0.8494969818913461,0.9108023138832982,0.12569164989939585,0.8419448576754835,0.8617056534391274,96.07325922901254,-0.019760795763643868,0.004730631534929871,0.9108023138832982,1.0377447956208545,0.783859832145742,-115146854.0,-0.35386903589299123,0.2074742573085544,0.14639477858443684,0.2074742573085544,0.21270557616302632,-0.11055390927741071,-0.008132126089872571,0.06347124086877816,-1.0
1083,0.7774509803921553,0.5607843137254903,0.9492967180174133,0.7579476861166995,1883891.0,0.6,0.8422032193158934,0.9052271965124062,0.14727951039570675,0.8290222158972091,0.8574706343647426,94.48989506760235,-0.02844841846753343,-0.0019051784655627901,0.9052271965124062,1.0350548848173562,0.7753995082074563,-117030745.0,-0.388512404291923,0.22432635025841208,0.16418605403351094,0.22432635025841208,0.211844691903219,-0.10352213231794283,-0.00729376257545263,0.06491384415247496,-1.0
1084,0.7666666666666678,0.5754901960784288,0.8957133288680502,0.6965794768611658,1913516.0,0.6,0.8273641851106621,0.9009305835010043,0.20435110663983846,0.8086464098916639,0.8509036483441884,93.30200019869498,-0.04225723845252449,-0.009975590462955132,0.9009305835010043,1.04405406110467,0.7578071058973386,-118944261.0,-0.32022313278962145,0.18245749003827072,0.13776564275135073,0.18245749003827072,0.21035158292253767,-0.2035886818495498,-0.014839034205231213,0.07156173880183285,1.0
1085,0.6901960784313722,0.5598039215686285,0.902411252511721,0.7901408450704203,1928746.0,0.6,0.8180583501006019,0.8983735747820237,0.10823272971160347,0.8057993999191648,0.8484235339248509,92.58321281899586,-0.0426241340056861,-0.016505299171501328,0.8983735747820237,1.0449685967637348,0.7517785528003128,-117015515.0,-0.3426073309430926,0.13677555529253738,0.20583177565055522,0.20583177565055522,0.211969848126226,-0.12382864792503245,-0.009305835010060251,0.07329751099085548,-1.0
1086,0.7931372549019592,0.5901960784313708,0.9553248492967178,0.7629778672032174,1957069.0,0.6,0.805902079141514,0.8951249161636469,0.1321470489604295,0.7992114718090191,0.8449359556913147,91.64203285830078,-0.04572448388229566,-0.022349136113660198,0.8951249161636469,1.0466876154520368,0.7435622168752569,-118972584.0,-0.365128770865347,0.19994476663904948,0.16518400422629753,0.19994476663904948,0.2108339477566886,-0.16050475979632484,-0.012156270959087815,0.07578134964419497,-1.0
1087,0.7696078431372534,0.5431372549019592,0.902411252511721,0.709657947686113,1995565.0,0.6,0.7913145539906087,0.8894030851777313,0.17974513749161825,0.7854340065593413,0.8394144043441636,90.00485255410001,-0.05398039778482233,-0.028675388447892625,0.8894030851777313,1.0477954018168618,0.7310107685386007,-120968149.0,-0.35927399760976186,0.21984061230125818,0.1394333853085037,0.21984061230125818,0.21076918006557457,-0.1978621787582464,-0.014587525150905556,0.07919615831956531,1.0
1088,0.6921568627450995,0.5509803921568611,0.9104487608841246,0.7519114688128766,2027803.0,0.6,0.7810026827632445,0.8841423541247467,0.1322308853118701,0.7802766930598852,0.8358428559551314,88.5175148756754,-0.055566162895246185,-0.03405354333736334,0.8841423541247467,1.0436977499959608,0.7245869582535327,-118940346.0,-0.3594683687272635,0.1586775555292519,0.20079081319801162,0.20079081319801162,0.20924991658314399,-0.14131433823529282,-0.010311871227364064,0.07977769793560699,-1.0
1089,0.7539215686274495,0.7617647058823515,0.9292029470864008,0.9913480885311848,2129116.0,0.6,0.7918175720992607,0.8846034540576775,-0.10674463447350735,0.8127492154400852,0.8421900083051744,88.37670123127172,-0.02944079286508927,-0.033130993242908524,0.8846034540576775,1.0452871185675485,0.7239197895478064,-116811230.0,-0.16743824120404938,0.00985323706947483,0.1772914782735242,0.1772914782735242,0.2060367062748861,0.1506305464736135,0.010814889336016265,0.08034183225493555,-1.0
1090,0.97843137254902,0.8058823529411739,1.066510381781646,1.0215291750502993,2198939.0,0.6,0.8079141515761217,0.8866155264922853,-0.13491364855801402,0.844869209226272,0.8495099742947713,88.29666862124054,-0.0046407650684993085,-0.027432947608026684,0.8866155264922853,1.0517209291190617,0.7215101238655087,-114612291.0,-0.260628028840472,0.1854657355900109,0.07516229325046109,0.1854657355900109,0.20214571325796124,0.23317949963565443,0.016096579476860984,0.08255270131338825,-1.0
1091,0.9941176470588203,0.78333333333333,1.0765572672471522,0.9692152917505034,2237841.0,0.6,0.8188128772635798,0.8892144533869869,-0.08000083836351646,0.8639993757684614,0.854395905619495,88.26198296663847,0.009603470148966453,-0.02002566405662806,0.8892144533869869,1.0555324193462994,0.7228964874276744,-116850132.0,-0.2932239339138222,0.23819584171696928,0.055028092196852896,0.23819584171696928,0.20369980907469168,0.15598752099831947,0.010898725687458052,0.08315898297965627,-1.0
1092,1.051960784313723,1.1,1.0819156061620903,0.9832997987927555,133687.0,0.6,0.8363346747149548,0.8922325620388983,-0.0910672367538572,0.8823532870029682,0.8596572890143219,88.27545091368097,0.0226959979886463,-0.011481331647573187,0.8922325620388983,1.0600370056965829,0.7244281183812138,-116716445.0,0.01808439383790983,0.13078470824949673,0.1127003144115869,0.13078470824949673,0.19521951554883044,0.27199375325351394,0.017521797451374905,0.0839022218288423,-1.0
1093,0.9539215686274488,0.8637254901960766,0.9459477561955779,0.824346076458751,231336.0,0.6,0.8370053655264909,0.8898222669349413,0.06547619047619024,0.8734291007653964,0.8582160150324618,87.23548880398623,0.015213085732934561,-0.006142448171471637,0.8898222669349413,1.0581442826734697,0.7215002511964127,-116947781.0,-0.08222226599950133,0.11957430859667895,0.037352042597177615,0.11957430859667895,0.19099817815173267,0.009859502095147077,0.0006706908115360714,0.08416100786926427,-1.0
1094,0.831372549019607,0.6098039215686256,0.4737441393168126,0.1,391462.0,0.1,0.7799128101944989,0.8729502012072415,0.7729502012072416,0.7544400083399507,0.8272684225821573,82.47521697471896,-0.07282841424220654,-0.01947964138561862,0.8729502012072415,1.1561925643260735,0.5897078380884095,-117339243.0,0.13605978225181303,0.2145421548901254,0.35060193714193844,0.35060193714193844,0.20292548480451467,-0.872629420809841,-0.05709255533199187,0.14162118155941603,1.0
1095,0.1,0.1921568627450995,0.1,0.40181086519114684,546632.0,0.1,0.7502347417840362,0.8627850435949012,0.4609741784037543,0.7001893709324425,0.8099028079947691,79.26392174136137,-0.10971343706232661,-0.03752640052096022,0.8627850435949012,1.1769050700932269,0.5486650170965756,-116792611.0,0.09215686274509949,0.09215686274509949,0.0,0.09215686274509949,0.19191136084507196,-0.4698699230156619,-0.02967806841046272,0.1570600132491628,1.0
1096,0.4019607843137244,0.217647058823529,0.5326858673811138,0.21167002012072303,618667.0,0.1,0.7098256203889992,0.849392186452044,0.637722166331321,0.6250325477306395,0.7854851431835835,75.35586567066593,-0.160452595452944,-0.06211163950735697,0.849392186452044,1.215471091111382,0.48331328179270594,-117411278.0,-0.3150388085575848,0.18416380636761784,0.13087500218996695,0.18416380636761784,0.19205355387251755,-0.6961294049682278,-0.040409121395036905,0.183039452329669,1.0
1097,0.2401960784313694,0.1,0.47441393168117896,0.27806841046277453,669755.0,0.1,0.6671529175050289,0.8372149564050955,0.5591465459423209,0.5716534496894295,0.7647742561337546,71.73734885149337,-0.19312080644432505,-0.08831347289475058,0.8372149564050955,1.238678355432447,0.4357515573777439,-116741523.0,-0.374413931681179,0.11167002012072302,0.26274391156045596,0.26274391156045596,0.19679623186500927,-0.6480774127832969,-0.04267270288397048,0.20073169951367578,1.0
1098,0.28823529411764637,0.25686274509803864,0.5514400535833864,0.48229376257545054,729618.0,0.1,0.6437625754527149,0.828915157612339,0.3466213950368885,0.5579058055180481,0.7532444400701502,68.63719509252364,-0.1953386345521021,-0.1097185052262209,0.828915157612339,1.242982069793258,0.41484824543141996,-116011905.0,-0.2945773084853478,0.021205665364735893,0.2733716431206119,0.2733716431206119,0.20291513823847282,-0.36787974683544433,-0.0233903420523139,0.20703345609045953,1.0
1099,0.47156862745097994,0.7078431372548998,0.748359008707299,0.9028169014084518,837830.0,0.1,0.6598591549295765,0.8296696847753169,-0.07314721663313495,0.6109690510396487,0.7593494384921217,67.28607669063365,-0.14838038745247295,-0.1174508816714713,0.8296696847753169,1.2441489083899522,0.4151904611606817,-115174075.0,-0.04051587145239921,0.22554937467944924,0.26606524613184845,0.26606524613184845,0.20676719105768868,0.2721859937624125,0.016096579476861567,0.2072396118073176,-1.0
1100,0.8990196078431388,0.8058823529411739,0.9794373744139285,1.03460764587525,959888.0,0.6,0.6834171696847742,0.8323943661971814,-0.20221327967806857,0.6761442194758951,0.7705844673649024,65.77390161526404,-0.09444024788900729,-0.1128487549149785,0.8323943661971814,1.2505679615583287,0.41422077083603404,-114214187.0,-0.1735550214727546,0.09693454846727789,0.0766204730054767,0.09693454846727789,0.19811250233012753,0.37597002943537516,0.02355801475519778,0.2090867976805737,-1.0
1101,1.0225490196078426,0.9421568627450995,1.1,1.1,1066774.0,1.1,0.6924714956405088,0.835244802146209,-0.2647551978537911,0.7413528010949881,0.784029999309192,64.4725116389732,-0.042677198214203904,-0.0988144435748236,0.835244802146209,1.2588896471162876,0.4115999571761305,-113147413.0,-0.15784313725490062,0.09245078313015054,0.06539235412475009,0.09245078313015054,0.19104244440151305,0.10960016237061354,0.009054325955734605,0.21182242248503924,-1.0
1102,1.1,0.9284313725490193,1.0792364367046212,0.9651911468812869,1134028.0,1.1,0.6877766599597579,0.8348256203889991,-0.13036552649228783,0.7757894696774956,0.7914243318631551,62.447124957864155,-0.01563486218565946,-0.08217852729699077,0.8348256203889991,1.257903321659113,0.4117479191188852,-114281441.0,-0.1508050641556019,0.17156862745098078,0.020763563295378873,0.17156862745098078,0.18988435205659385,-0.055150679535156955,-0.004694835680751029,0.21153885063505695,-1.0
1103,0.9519607843137251,0.8039215686274502,0.8843268586738112,0.6633802816901401,1212045.0,1.1,0.6622904091213943,0.8264629443326611,0.16308266264252103,0.7584957484486716,0.7861980441009911,58.8696631840965,-0.02770229565231952,-0.07128328096805651,0.8264629443326611,1.246831762421841,0.4060941262434813,-115493486.0,-0.08040529004636099,0.1612695782538367,0.08086428820747571,0.1612695782538367,0.18347383010133278,-0.3155490969483091,-0.025486250838363606,0.2101844090445899,0.0
1104,0.5366576819406944,0.5583333333333286,0.45483870967742346,0.6034387895460739,1277081.0,0.1,0.6306353250175041,0.8184443778673859,0.215005588321312,0.7346408316944258,0.7787384826905863,55.766744418361384,-0.044097650996160476,-0.06584615497367731,0.8184443778673859,1.2408784989994162,0.3960102567353556,-116770567.0,0.10349462365590512,0.1050469483568115,0.20854157201271661,0.20854157201271661,0.18995356874826777,-0.3863125058227972,-0.03165508410389014,0.21121706056601514,0.0
1105,0.6053908355795116,0.5249999999999971,0.36788218793829797,0.3077028885832135,1312014.0,0.1,0.5875817260278758,0.8039502604808105,0.49624737189759704,0.6689580712157778,0.7595125400739587,50.8272294014747,-0.09055446885818097,-0.07078781775057805,0.8039502604808105,1.2476629598592044,0.3602375611024167,-118082581.0,0.15711781206169917,0.07843878954607675,0.23555660160777592,0.23555660160777592,0.19961875983252586,-0.6267309357435749,-0.04305359898962813,0.2218563496891969,0.0
1106,0.34123989218328743,0.39999999999999714,0.41556802244039515,0.4383768913342422,1344246.0,0.1,0.6157798003057294,0.7928282498752237,0.35445135854098153,0.6334840435416953,0.7464049625743784,47.25533961876719,-0.11292091903268309,-0.07921443800699907,0.7928282498752237,1.2459721977403773,0.3396843020100702,-116738335.0,-0.01556802244039801,0.09229711141678365,0.10786513385718166,0.10786513385718166,0.17939069289212947,3.383768913342421,0.028198074277853518,0.22657197393257675,1.0
1107,0.4234501347708871,0.3416666666666671,0.34263674614306294,0.47551581843190716,1373490.0,0.1,0.6219218797424595,0.7824170896539234,0.30690127122201627,0.6091812396786509,0.7353482628134611,43.28873085994484,-0.1261670231348102,-0.0886049550325613,0.7824170896539234,1.241365424556033,0.32346875475181375,-115364845.0,-0.0009700794763958243,0.09671022466757506,0.09574014519117924,0.09671022466757506,0.17977013971900244,0.18343195673839707,0.006142079436730026,0.22947416745105484,1.0
1108,0.5204851752021525,0.33333333333332715,0.46185133239832366,0.3585969738651954,1391352.0,0.1,0.6341657925544989,0.7696958746979795,0.4110989008327841,0.5706298141688886,0.7199706591829197,39.05682424941438,-0.1493408450140311,-0.10075213302885527,0.7696958746979795,1.2411721989742488,0.2982195504217103,-116756197.0,-0.1285179990649965,0.14218248509858,0.0136644860335835,0.14218248509858,0.17627169627991598,0.6941320913593463,0.012243912812039367,0.23573816213813462,1.0
1109,0.3681940700808596,0.2666666666666643,0.40855539971949495,0.44250343878954224,1407337.0,0.1,0.6478687115817295,0.7582616111616951,0.31575817237215287,0.5509180641105276,0.7086454665138021,35.504505328602875,-0.15772740240327454,-0.11214718690373915,0.7582616111616951,1.2343767557367602,0.28214646658662995,-115348860.0,-0.14188873305283067,0.09193030719853112,0.04995842585429955,0.09193030719853112,0.16203722924975558,0.5913473884110287,0.013702919027230642,0.23805757228753258,1.0
1110,0.4638814016172489,0.2666666666666643,0.3706872370266495,0.27744154057771764,1422860.0,0.1,0.6307976930819184,0.7443107579451932,0.46686921736747555,0.5088447527977875,0.691045306271513,31.427003831957876,-0.18220055347372544,-0.12615786021773642,0.7443107579451932,1.2367859405537989,0.25183557533658746,-116771720.0,-0.10402057035998524,0.17583677212287796,0.07181620176289272,0.17583677212287796,0.15390932333327775,-0.4247457418976792,-0.017071018499811075,0.24623759130430287,1.0
1111,0.321024258760103,0.1,0.38190743338009125,0.3077028885832135,1436866.0,0.1,0.5812048586798152,0.7314933675874574,0.42379047900424394,0.47789985061093,0.6753986769781128,27.615734351425118,-0.19749882636718286,-0.1404260534476257,0.7314933675874574,1.2368335213537782,0.22615321382113662,-115334854.0,-0.2819074333800913,0.17744154057771763,0.10446589280237362,0.17744154057771763,0.14652401453710015,-0.6591746475911369,-0.04959283440210319,0.2526700768831604,1.0
1112,0.3345013477088926,0.5516666666666609,0.358064516129032,0.578679504814302,1473479.0,0.1,0.5432108469247362,0.7241536506983189,0.14547414588401697,0.4934044127960642,0.6714509556653042,23.90218115873249,-0.17804654286924004,-0.14795015133194858,0.7241536506983189,1.227888708976184,0.2204185924204538,-113861375.0,0.19360215053762886,0.24396377808344738,0.05036162754581852,0.24396377808344738,0.1587764503384476,-0.4406773358757128,-0.037994011755079,0.25186752913893257,1.0
1113,0.5770889487870562,0.4333333333333286,0.6357643758765817,0.559422283356254,1494888.0,0.1,0.4981627038710907,0.7169367188919834,0.1575144355357294,0.5035610082668627,0.6668783567955471,22.65162488311053,-0.1633173485286844,-0.15102359077129576,0.7169367188919834,1.2199640752856895,0.2139093624982773,-115356263.0,-0.20243104254325317,0.1453461714809734,0.057084871062279774,0.1453461714809734,0.16318439936768284,-0.49143428785795096,-0.04504814305364551,0.25151367819685305,1.0
1114,0.5824797843665749,0.37499999999999856,0.6357643758765817,0.5112792297111411,1501744.0,0.1,0.4603367107735786,0.7093455794371893,0.1980663497260482,0.5047484269505979,0.6605273720165916,20.355242736256216,-0.15577894506599377,-0.15197466163023537,0.7093455794371893,1.2135843744147539,0.20510678445962494,-116858007.0,-0.2607643758765832,0.18442228335625543,0.07634209252032775,0.18442228335625543,0.16425553735978907,-0.4702818904181002,-0.037825993097512146,0.2521193974887822,1.0
1115,0.5231805929919119,0.398333333333332,0.5123422159887795,0.5236588720770271,1518757.0,0.1,0.44869325997248577,0.7020123491983515,0.17835347712132443,0.5076577262008177,0.6549409026313032,16.49756549235886,-0.1472831764304855,-0.1510363645902854,0.7020123491983515,1.2066088203703773,0.19741587802632576,-115339250.0,-0.11400888265544751,0.11294589637780916,0.0010629862776383447,0.11294589637780916,0.1602285638701201,-0.2106203839178563,-0.011643450801092747,0.2522982355860129,1.0
1116,0.5258760107816641,0.40333333333332744,0.6161290322580711,0.559422283356254,1523924.0,0.1,0.44502521779000087,0.6936636266475493,0.13424134329129533,0.515621504224731,0.6510421834772195,12.809595914195498,-0.13542067925248857,-0.14791322752272604,0.6936636266475493,1.1940551624963753,0.19327209079872332,-113815326.0,-0.2127956989247437,0.12032553874369967,0.09247016018104404,0.12032553874369967,0.1528772277643687,-0.07294278550262001,-0.003668042182484991,0.250195767924413,1.0
1117,0.5595687331536311,0.5399999999999977,0.6511921458625579,0.6364511691884388,1543347.0,0.1,0.4724209078404362,0.6886592768440054,0.052208107655566605,0.5342106834499167,0.6504466318735957,11.191888858876695,-0.11623594842367901,-0.14157777170291663,0.6886592768440054,1.1863719912148405,0.19094656247317032,-112271979.0,-0.11119214586256021,0.019422283356256287,0.09176986250630392,0.09176986250630392,0.1408949995059127,1.0683951721055114,0.027395690050435444,0.24885635718541754,1.0
1118,0.6902964959568706,0.8966666666666668,0.7647966339410942,0.9555708390646472,1755126.0,0.1,0.5155204034846367,0.6901774989690529,-0.26539334009559434,0.59903532277526,0.6629006811466999,9.807618360607265,-0.06386535837143992,-0.1260352890366213,0.6901774989690529,1.1907445552478484,0.1896104426902574,-110516853.0,0.13187003272557263,0.26021549747822803,0.1283454647526554,0.26021549747822803,0.1535908631409999,1.1797929086915957,0.043099495644200424,0.25028352813939775,0.0
1119,0.9530997304582186,1.0549999999999984,0.8194950911640987,1.1,1970839.0,0.1,0.5675607519486444,0.6954801481977583,-0.4045198518022418,0.676106811579066,0.6807414696713243,9.873581406881428,-0.00463465809225827,-0.10175516284774871,0.6954801481977583,1.2080170061634936,0.18294329023202305,-108546014.0,0.2355049088358997,0.09942916093535115,0.13607574790054855,0.2355049088358997,0.16515708682169364,1.3132774081573855,0.05204034846400774,0.2562684289828676,0.0
1120,1.1,1.1,1.1,1.0325997248968322,2041537.0,0.1,0.6237276478679474,0.6987708114805269,-0.3338289134163053,0.7309518751664147,0.6951030311091001,10.978733213297787,0.03584884405731459,-0.07423436146673607,0.6987708114805269,1.217991473424342,0.17955014953671178,-110587551.0,0.0,0.0,0.0,0.0,0.15330854639681193,1.8795550441120272,0.056166895919303066,0.25961033097190755,0.0
1121,1.0730458221024208,1.0266666666666624,1.0775596072931308,1.0009628610728982,2065574.0,0.1,0.6702659330582271,0.7008364780613968,-0.3001263830115014,0.7724920268443353,0.7075871058015,11.803910753911637,0.0649049210428353,-0.04640650496482179,0.7008364780613968,1.2241299421241496,0.17754301399864403,-112653125.0,-0.05089294062646843,0.005933058230169763,0.04495988239629867,0.04495988239629867,0.14939434432995924,1.262045383898052,0.046538285190279666,0.2616467320313764,0.0
1122,1.0285714285714236,0.9333333333333286,1.017251051893409,0.8840440165061864,2082987.0,0.1,0.7208161393855996,0.7003196217654368,-0.18372439474074953,0.7896538714076969,0.7147894286874056,11.915058784033647,0.07486444272029136,-0.022152315427799163,0.7003196217654368,1.2228221791124514,0.17781706441842238,-114736112.0,-0.08391771856008046,0.06762952773956965,0.016288190820510806,0.06762952773956965,0.14037707396468355,2.1864154685175765,0.05055020632737239,0.2612512786735072,0.0
1123,0.9032345013477027,0.8666666666666657,1.0158485273492333,0.9431911966987613,2094679.0,0.1,0.7737734983952286,0.7015380164988073,-0.24165318019995397,0.813274998375553,0.7241119498307262,12.33314889845785,0.0891630485448267,0.00011075736672601019,0.7015380164988073,1.2260658503066924,0.1770101826909224,-112641433.0,-0.14918186068256756,0.01737734983952066,0.1318045108430469,0.1318045108430469,0.136573988153461,2.065265981224904,0.05295735900962898,0.26226391690394246,0.0
1124,0.949056603773576,0.8666666666666657,0.8854137447405307,0.7973865199449776,2108164.0,0.1,0.7919990829894514,0.6999074455905515,-0.09747907435442604,0.8108306170785413,0.7271027486108997,12.033391247311329,0.08372786846764158,0.016834179586909123,0.6999074455905515,1.2227079229818587,0.17710696819924432,-114749597.0,-0.018747078073864998,0.07652453003209558,0.057777451958230586,0.07652453003209558,0.12262071748251502,0.3779415260280534,0.018225584594222966,0.2614002386956536,0.0
1125,0.8277628032344978,0.7300000000000025,0.8769985974754547,0.7918844566712465,2120813.0,0.1,0.8113709307657008,0.6984556755941402,-0.09342878107710628,0.8079158231697268,0.7297468999603016,11.436833329874943,0.07816892320942515,0.02910112831141233,0.6984556755941402,1.2198072738937462,0.17710407729453415,-116870410.0,-0.1469985974754522,0.06738651994497502,0.07961207753047717,0.07961207753047717,0.11714287631997367,0.4155397098598499,0.01937184777624938,0.26067579914980304,0.0
1126,0.7927223719676476,0.7566666666666663,0.8826086956521791,0.8744154057771624,2130490.0,0.1,0.8416322787712026,0.6994149502701652,-0.17500045550699717,0.8181465281862553,0.7356517369324184,11.204129426013964,0.08249479125383696,0.03977986089989726,0.6994149502701652,1.2219112386662845,0.1769186618740458,-114739920.0,-0.12594202898551288,0.03521779000458025,0.09072423898093263,0.09072423898093263,0.10933470595536343,0.7102502017756194,0.03026134800550177,0.2612481441980597,0.0
1127,0.8964959568733079,0.8433333333333323,0.9849929873772808,0.9376891334250302,2140359.0,0.1,0.876134800550203,0.7014828367269157,-0.23620629669811455,0.83653769822299,0.7438981612790556,11.269695714558495,0.09263953694393434,0.050351796108704674,0.7014828367269157,1.2270035995995414,0.17596207385429008,-112599561.0,-0.14165965404394854,0.0310820724438301,0.11057758160011844,0.11057758160011844,0.10913734639055588,0.7906488048332001,0.03450252177900026,0.2627603814363128,0.0
1128,0.9436657681940644,0.8583333333333328,0.9443197755960767,0.8359009628610664,2152545.0,0.1,0.8991746905089374,0.7027924770078493,-0.1331084858532171,0.8364397389365402,0.7476533776701582,11.727890673788295,0.08878636126638206,0.05803870914024016,0.7027924770078493,1.2293539910089208,0.17623096300677765,-114752106.0,-0.08598644226274388,0.0793558000916974,0.006630642171046475,0.0793558000916974,0.10572320150288901,0.4942217850995827,0.023039889958734367,0.2632807570005358,0.0
1129,0.8291105121293739,0.7466666666666683,0.9078541374474071,0.8551581843191144,2156980.0,0.1,0.9174002751031604,0.7036020686244907,-0.15155611569462368,0.8393194997646286,0.7520413289619523,11.905829262534795,0.0872781708026763,0.06388660147272739,0.7036020686244907,1.2309953347606588,0.1762088024883226,-112595126.0,-0.1611874707807388,0.08923429619439815,0.07195317458634065,0.08923429619439815,0.1055119043102302,0.34363518478496413,0.018225584594222966,0.26369663306808405,0.0
1130,0.8924528301886795,0.7966666666666654,0.9373071528751765,0.8496561210453834,2168573.0,0.1,0.9085740486015549,0.704946765646605,-0.14470935539877838,0.840909749192437,0.7560256061898475,12.49925685817476,0.08488414300258951,0.06808610977869982,0.704946765646605,1.233516840932029,0.17637669036118098,-114763699.0,-0.1406404862085111,0.05849151765244898,0.08214896855606213,0.08214896855606213,0.0906730269000497,-0.11083921117029649,-0.008826226501605325,0.264285037642712,0.0
1131,0.8628032345013409,0.7649999999999991,0.9457223001402525,0.8524071526822524,2171691.0,0.1,0.8879413113250759,0.706914671200054,-0.1454924814821984,0.8426785804985625,0.7599595468630069,13.392252355121542,0.08271903363555555,0.07101269455007098,0.706914671200054,1.2369920556422151,0.176837286757893,-112592008.0,-0.18072230014025337,0.08465612104538422,0.09606617909486914,0.09606617909486914,0.07905313275496383,-0.22508440665249785,-0.020632737276478973,0.2650386922210805,0.0
1132,0.8560646900269461,0.7333333333333328,0.9036465638148726,0.8276478679504734,2177234.0,0.1,0.8708619899128794,0.7096452626810813,-0.1180026052693921,0.8403661631834718,0.7627223354788218,14.484108036999856,0.07764382770464995,0.07233892118098678,0.7096452626810813,1.240854296178487,0.17843622918367563,-114769242.0,-0.1703132304815398,0.11907381934891959,0.051239411132620205,0.11907381934891959,0.08897595103404045,-0.19848141734381697,-0.017079321412196563,0.26560451674870283,0.0
1133,0.8196765498652269,0.7099999999999923,0.8769985974754547,0.7506189821182886,2181308.0,0.1,0.8499999999999953,0.7088218905362452,-0.041797091582043366,0.826558904558059,0.7622283210559428,14.577956200824374,0.06433058350211618,0.07073725364521266,0.7088218905362452,1.2396436103064734,0.17800017076601715,-116950550.0,-0.16699859747546242,0.1176478679504811,0.04935072952498132,0.1176478679504811,0.09503328316355565,-0.2501030644496385,-0.020861989912884137,0.26541085988511404,0.0
1134,0.795417789757407,0.65833333333333,0.7647966339410942,0.7533700137551506,2195452.0,0.1,0.8391104997707423,0.7086217269227437,-0.044748286832406836,0.8152990752037653,0.7618667574926451,14.745966026206403,0.053432317711120225,0.06727626645839418,0.7086217269227437,1.239367264055849,0.17787618978963837,-114755098.0,-0.10646330060776421,0.0922856487849586,0.014177651822805615,0.0922856487849586,0.09708795991733805,-0.14781391006691058,-0.010889500229252983,0.2653727685665527,0.0
1135,0.7927223719676476,0.7333333333333328,0.875596072931279,0.8372764786794974,2202572.0,0.1,0.8302842732691369,0.7112804463184393,-0.12599603236105805,0.8186802142000318,0.7649447052961901,15.935640159698508,0.05373550890384171,0.0645681149474837,0.7112804463184393,1.2433241867596436,0.17923670587723517,-112552526.0,-0.1422627395979461,0.02003668042181772,0.12222605917612839,0.12222605917612839,0.09628975561176152,-0.11229400612513474,-0.008826226501605325,0.2660218702206021,0.0
1136,0.85471698113207,0.7649999999999991,0.8924263674614309,0.7822558459422225,2213789.0,0.1,0.8290233837689073,0.7119126208419674,-0.07034322510025515,0.8130764652372919,0.7656512824654158,16.46899275886632,0.04742518277187613,0.06113952851236219,0.7119126208419674,1.2442256234609075,0.1795996182230274,-114766315.0,-0.12742636746143177,0.07227647867949827,0.0551498887819335,0.07227647867949827,0.09593575133237842,-0.018975332068316253,-0.0012608895002295857,0.26615650130947,0.0
1137,0.7846361185983767,0.6799999999999983,0.8769985974754547,0.7726272352131985,2218730.0,0.1,0.82741861531407,0.7073559363978427,-0.06527129881535587,0.8068535067720468,0.7659360152306314,16.03375830466375,0.04091749154141544,0.057095121118172845,0.7073559363978427,1.2336073730892774,0.18110449970640807,-116985045.0,-0.19699859747545645,0.10225584594222425,0.0947427515332322,0.10225584594222425,0.09782273203335734,-0.024318221295815512,-0.0016047684548373316,0.2631257183457173,0.0
1138,0.7738544474393464,0.831666666666662,0.8840112201963549,0.8551581843191144,2238577.0,0.1,0.8258138468592328,0.703889874090943,-0.15126831022817144,0.8142849956254419,0.7695777364179164,15.17802339801986,0.044707259207525496,0.054617548736043374,0.703889874090943,1.2238420633961007,0.18393768478578532,-114746468.0,-0.052344553529692917,0.059039431453463465,0.11138398498315638,0.11138398498315638,0.09954437753354266,-0.022022966808244337,-0.0016047684548373316,0.2599760946525788,0.0
1139,0.8938005390835556,0.7883333333333326,0.9359046283310007,0.8331499312242044,2245177.0,0.1,0.8171022466758305,0.7010551790799783,-0.13209475214422617,0.8171872934098668,0.7721725198793975,14.17473236206827,0.04501477353046934,0.05269699369492857,0.7010551790799783,1.2165628331481018,0.18554752501185479,-116991645.0,-0.1475712949976682,0.06682485098578184,0.08074644401188635,0.08074644401188635,0.09705844940118998,-0.11148599090509126,-0.00871160018340215,0.25775382703406174,0.0
1140,0.8695417789757357,0.734999999999998,0.833520336605892,0.7052269601100377,2253011.0,0.1,0.8062127464465781,0.695261994940755,-0.009964965169282691,0.7999626267483547,0.7694400480520767,12.889238980637373,0.030522578696278058,0.04826211069519847,0.695261994940755,1.2040181010967763,0.18650588878473362,-119244656.0,-0.09852033660589399,0.09814993122420645,0.000370405381687533,0.09814993122420645,0.09862462699556573,-0.15632713509955343,-0.010889500229252391,0.2543780530780107,0.0
1141,0.7536388140161691,0.7649999999999991,0.8349228611500749,0.7519944979367196,2264075.0,0.1,0.7976157725813785,0.6937546703882127,-0.05823982754850687,0.7925829146234877,0.7687279847820621,12.933244748544041,0.023854929841425676,0.04338067452444392,0.6937546703882127,1.201375900617478,0.1861334401589474,-116980581.0,-0.06992286115007573,0.05977303988996141,0.12969590104003714,0.12969590104003714,0.10199642739936898,-0.12063696316551631,-0.008596973865199567,0.25381061511463265,0.0
1142,0.7522911051212929,0.6,0.7353436185133247,0.6804676753782658,2280545.0,0.1,0.783516735442452,0.7058477469585934,0.025380071580327623,0.775334416278069,0.7651255231737437,17.827797104788914,0.010208893104325267,0.03674631824042019,0.7058477469585934,1.1823906367067947,0.2293048572103923,-119261126.0,-0.13534361851332477,0.1519944979367196,0.016650879423394827,0.1519944979367196,0.10781688818109043,-0.19912578921806012,-0.014099037138926462,0.23827144487410057,0.0
1143,0.7253369272237137,0.6366666666666617,0.8237026647966402,0.7011004126547448,2287311.0,0.1,0.7709078404401599,0.7120829458640849,0.010982533209340173,0.7639138003360191,0.7625122533566416,20.53953870245701,0.0014015469793774438,0.029677363988211643,0.7120829458640849,1.180131153023166,0.24403473870500397,-116973815.0,-0.1870359981299785,0.043801008711604084,0.14323498941837443,0.14323498941837443,0.11174762237471587,-0.17750524447312976,-0.012608895002292305,0.23402410357954048,0.0
1144,0.7469002695417742,0.6166666666666657,0.8293127629733504,0.7244841815680857,2294183.0,0.1,0.7623108665749608,0.7227665742275716,-0.0017176073405140713,0.7578477051409525,0.7609600871611903,24.981194092797296,-0.0031123820202378916,0.023119414786521738,0.7227665742275716,1.166955932747951,0.27857721570719207,-114679632.0,-0.21264609630668474,0.08443374598807907,0.12821235031860567,0.12821235031860567,0.11250916662218972,-0.12464683397041154,-0.008596973865198976,0.22209467926018978,0.0
1145,0.7361185983827511,0.6,0.8194950911640987,0.7176066024759237,2300294.0,0.1,0.7595598349380971,0.7319236198945123,0.014317017418588596,0.7516567662694096,0.7591905571740366,28.945158615746493,-0.007533790904627025,0.016988773648291988,0.7319236198945123,1.1563450769566546,0.30750216283237003,-116979926.0,-0.2194950911640987,0.12448418156808572,0.095010909596013,0.12448418156808572,0.11307885942365677,-0.0439802089059913,-0.0027510316368637433,0.21221072853107112,0.0
1146,0.744204851752022,0.5733333333333291,0.791444600280505,0.6790921595598277,2304791.0,0.1,0.7533700137551534,0.7360235864983534,0.05693142693852571,0.7404929806217817,0.7559212348224362,31.107376478309618,-0.015428254200654523,0.010505368078502686,0.7360235864983534,1.1543524519327828,0.31769472106392405,-119284717.0,-0.21811126694717586,0.14427326914259453,0.07383799780458133,0.14427326914259453,0.11741116112012644,-0.09859412086908936,-0.006189821182943571,0.2091644327172147,0.0
1147,0.7159029649595666,0.6016666666666651,0.808274894810657,0.7176066024759237,2312992.0,0.1,0.7433975240715224,0.7321650386039259,0.014558436128002228,0.7369719993685728,0.7543573722776806,30.416417633374735,-0.0173853729091078,0.004927219880980589,0.7321650386039259,1.1476159086333875,0.3167141685744643,-116971725.0,-0.20660822814399182,0.07742549289316258,0.12918273525082924,0.12918273525082924,0.1179908841263515,-0.1429275505174944,-0.009972489683631144,0.20772543501473079,0.0
1148,0.7576819407008045,0.763333333333334,0.8475455820476853,0.8620357634112764,2321812.0,0.1,0.750045850527277,0.728569791052593,-0.1334659723586834,0.7562125784520657,0.7587524086504804,29.21974358743506,-0.0025398301984147498,0.003433809865101521,0.728569791052593,1.136242760151948,0.320896821953238,-114649913.0,-0.08421224871435129,0.0457267308574103,0.1299389795717616,0.1299389795717616,0.12279609253404011,0.10198698786706983,0.00664832645575449,0.2038364845496775,0.0
1149,0.8560646900269461,0.763333333333334,0.9106591865357657,0.7795048143053606,2327713.0,0.1,0.7506189821182905,0.7218928080172878,-0.057612006288072726,0.7597959993525726,0.7595994456159857,27.655119627405085,0.0001965537365868908,0.002786358639398595,0.7218928080172878,1.1149508374004333,0.32883477863414234,-116977626.0,-0.14732585320243174,0.09870243007794244,0.04862342312448931,0.09870243007794244,0.12249997454534996,0.00890154886950656,0.0005731315910135019,0.19652901469157275,0.0
1150,0.8142857142857082,0.6666666666666629,0.8573632538569441,0.7781292984869296,2332475.0,0.1,0.7441999082989416,0.717995686175739,-0.06013361231119063,0.7626165069117044,0.7603557661413303,27.28104184704719,0.002260740770374081,0.002681235065593692,0.717995686175739,1.104859913091235,0.33113145926024284,-119310101.0,-0.19069658719028126,0.1128381476386977,0.07785843955158356,0.1128381476386977,0.12262115476664508,-0.09007559916358165,-0.006419073819348735,0.19343211345774805,0.0
1151,0.8196765498652269,0.715000000000002,0.875596072931279,0.7616231086657436,2337964.0,0.1,0.7382393397524032,0.7200424117377305,-0.04158069692801303,0.7624636764123258,0.7604074944076328,28.784121188894105,0.0020561820046930412,0.002556224453413562,0.7200424117377305,1.1067657568855336,0.3333190665899275,-121648065.0,-0.16059607293127698,0.06312929848692761,0.09746677444434937,0.09746677444434937,0.124014515636017,-0.08585108139343134,-0.005960568546538407,0.19336167257390152,0.0
1152,0.7913746630727715,0.6466666666666668,0.808274894810657,0.6983493810178757,2347062.0,0.1,0.7376662081613897,0.7220197157267266,0.023670334708850937,0.7525999386593335,0.7578745101876426,30.302419601808296,-0.005274571528309124,0.000990065257069025,0.7220197157267266,1.1072753233377122,0.3367641081157412,-123995127.0,-0.16160822814399012,0.11495644199907673,0.04665178614491339,0.11495644199907673,0.1254150582005895,-0.009752291788573841,-0.0005731315910135019,0.19262780380549271,0.0
1153,0.7334231805929846,0.6499999999999971,0.8194950911640987,0.7850068775790916,2351369.0,0.1,0.740417239798254,0.7319635488308073,-0.053043328748284324,0.7575856215700655,0.7589819537546405,35.01603066096395,-0.001396332184575022,0.0005127857687402156,0.7319635488308073,1.097677056705895,0.3662500409557195,-121643758.0,-0.16949509116410155,0.04834938101787856,0.121145710146223,0.121145710146223,0.12470254229277167,0.04389976220962999,0.0027510316368643353,0.1828567539375439,0.0
1154,0.7792452830188651,0.725,0.8896213183730722,0.7767537826684986,2364173.0,0.1,0.7484410820724402,0.739013067400271,-0.03774071526822764,0.7605345694313629,0.7597073345266346,38.605234567104965,0.0008272349047282468,0.0005756755959378219,0.739013067400271,1.0945106199615369,0.38351551483900503,-124007931.0,-0.16462131837307226,0.06000687757909162,0.10461444079398063,0.10461444079398063,0.12075420419754342,0.14149989892864223,0.008023842274186066,0.17774877628063296,0.0
1155,0.8142857142857082,0.6999999999999943,0.8896213183730722,0.7987620357634085,2370805.0,0.1,0.7565795506648287,0.7457473635946772,-0.05301467216873135,0.7664157180978315,0.7613014039648702,42.1127845107723,0.005114314132961262,0.0014834033033425099,0.7457473635946772,1.093005290212927,0.3984894369764273,-121637126.0,-0.18962131837307794,0.0767537826685043,0.11286753570457364,0.11286753570457364,0.11822358305472669,0.13929762605453933,0.008138468592388648,0.17362896330912495,-1.0
1156,0.8358490566037687,0.7599999999999966,0.9050490883590484,0.7973865199449776,2382580.0,0.1,0.7626547455295697,0.7548888124713393,-0.042497707473638235,0.7711804568435462,0.7627742658416093,46.765368603770064,0.008406191001936847,0.0028679608430613778,0.7548888124713393,1.0830921485478981,0.42668547639478044,-124019706.0,-0.14504908835905184,0.03876203576341197,0.10628705259563986,0.10628705259563986,0.1163964749111462,0.1006265426238857,0.006075194864740989,0.16410166803827944,-1.0
1157,0.8061994609164372,0.6549999999999997,0.5193548387096797,0.4906464924346622,2412150.0,0.1,0.7437414030261312,0.7558917927556128,0.2652453003209506,0.7280213853960256,0.7516670097841829,49.45758834570771,-0.023645624388157316,-0.0024347562031823613,0.7558917927556128,1.0804695408114673,0.43131404469975826,-126431856.0,0.13564516129032,0.14238651994497786,0.27803168123529787,0.27803168123529787,0.12919209988341387,-0.31627372052903624,-0.018913342503438457,0.16228887402792727,0.0
1158,0.49622641509433973,0.331666666666662,0.567040673211784,0.47414030261347617,2443725.0,0.1,0.7266620816139353,0.7599896836313577,0.2858493810178815,0.6889627572756334,0.7403393890833376,53.75814877473087,-0.05137663180770424,-0.012223131324086738,0.7599896836313577,1.0642200140801976,0.4557593531825178,-128875581.0,-0.23537400654512197,0.15897982576800018,0.07639418077712179,0.15897982576800018,0.13041764626886435,-0.3018027141989045,-0.017079321412195963,0.15211516522441992,0.0
1159,0.5097035040431223,0.2999999999999957,0.4576437587657821,0.46038514442915923,2467582.0,0.1,0.7052269601100384,0.7631705639614815,0.3027854195323223,0.6537969706838681,0.7289126852199017,57.96059286465956,-0.0751157145360336,-0.024801647966476114,0.7631705639614815,1.050824016077137,0.475517111845826,-131343163.0,-0.1576437587657864,0.17414030261348046,0.016496543847694056,0.17414030261348046,0.13416411021575195,-0.3584435499329097,-0.021435121503897037,0.14382672605782776,0.0
1160,0.4773584905660314,0.32999999999999685,0.45483870967742346,0.49339752407152415,2487401.0,0.1,0.6745071068317255,0.7613938560293403,0.26799633195781614,0.6291201327435075,0.7192998214995597,59.627790745808824,-0.0901796887560522,-0.03787725612439133,0.7613938560293403,1.0547003177922702,0.4680873942664103,-128855762.0,-0.12483870967742661,0.13038514442916238,0.005546434751735774,0.13038514442916238,0.13420129062053535,-0.42763682782830825,-0.030719853278312687,0.146653230881465,0.0
1161,0.5474393530997318,0.32999999999999685,0.5810659186535773,0.4961485557083861,2497520.0,0.1,0.6508940852819778,0.7600756533700097,0.2639270976616236,0.6086629670457966,0.7101916065693077,61.50366633506365,-0.1015286395235111,-0.05060753280421529,0.7600756533700097,1.0576282436214781,0.46252306311854124,-126358242.0,-0.2510659186535804,0.1633975240715273,0.08766839458205311,0.1633975240715273,0.1395925484533341,-0.36350802893947676,-0.02361302154974787,0.14877629512573423,0.0
1162,0.5056603773584868,0.5666666666666614,0.6049088359046294,0.5511691884456681,2528228.0,0.1,0.6319807427785392,0.7609066941769792,0.2097375057313111,0.5998177703380845,0.7037008956254855,64.26383550915246,-0.10388312528740107,-0.06126265130085245,0.7609066941769792,1.055831890905971,0.4659814974479875,-123830014.0,-0.03824216923796797,0.07051811095827532,0.10876028019624329,0.10876028019624329,0.1392527261664629,-0.29167403217252563,-0.018913342503438457,0.14746259836449585,-1.0
1163,0.5892183288409697,0.39666666666666683,0.3987377279102432,0.41499312242090125,2565754.0,0.1,0.6030949105914691,0.7586428243924764,0.3436497019715752,0.5713832091200564,0.6919169048824413,66.11830153249846,-0.12053369576238493,-0.07311686019315895,0.7586428243924764,1.062539350315199,0.45474629846975384,-126395768.0,-0.0020710612435763665,0.15450252177900126,0.1524314605354249,0.15450252177900126,0.1440057051110172,-0.45512010113780454,-0.028885832187070193,0.1519482629613613,0.0
1164,0.42075471698112776,0.4666666666666671,0.4983169705469862,0.4713892709766142,2611674.0,0.1,0.5841815680880306,0.7568088033012339,0.2854195323246197,0.5559995263287576,0.6829157769679177,68.66470454998205,-0.12691625063916012,-0.0838767382823592,0.7568088033012339,1.0666218193287356,0.44699578727373224,-123784094.0,-0.031650303880319086,0.05167354424576587,0.08332384812608495,0.08332384812608495,0.14136965562160123,-0.32499507583218146,-0.018913342503438457,0.15490650801375083,0.0
1165,0.49622641509433973,0.40666666666666484,0.49691444600281043,0.5250343878954581,2650561.0,0.1,0.5625171939477278,0.7544876203576302,0.22945323246217209,0.5512356588774807,0.6764716386384296,69.77142052606946,-0.1252359797609489,-0.09214858657807715,0.7544876203576302,1.0696084054936565,0.43936683522160386,-121133533.0,-0.09024777933614558,0.06472260430994936,0.025525175026196223,0.06472260430994936,0.1366677301352451,-0.3311722446118831,-0.021664374140302794,0.15756039256801316,-1.0
1166,0.49622641509433973,0.36833333333333085,0.5726507713885013,0.4727647867950452,2673699.0,0.1,0.5371847776249401,0.7444291609353467,0.27166437414030153,0.5391632170186444,0.668157073257067,65.49925996209573,-0.12899385623842252,-0.09951764051014624,0.7444291609353467,1.0641185104687927,0.42473981140190076,-123807232.0,-0.20431743805517044,0.15670105456212724,0.0476163834930432,0.15670105456212724,0.14100828128259066,-0.39135824331503666,-0.025332416322787783,0.15984467476672298,0.0
1167,0.4396226415094361,0.6233333333333334,0.17854137447405663,0.1,138412.0,0.1,0.47895460797798933,0.7235958276020136,0.6235958276020136,0.4715996451696222,0.6449669886343296,57.377723833930375,-0.17336734346470734,-0.11428758110105847,0.7235958276020136,1.0771660717225369,0.3700255834814902,-123945644.0,0.4447919588592768,0.15056854653828822,0.2942234123209886,0.4447919588592768,0.1686686498788159,-0.8748062682968827,-0.058230169646950714,0.1767851220602617,1.0
1168,0.1,0.24333333333333088,0.1,0.27469050894085567,197467.0,0.1,0.4353966070609792,0.7078060522695973,0.4331155433287416,0.44130593190365813,0.6298536629325552,52.22495184507922,-0.18854773102889705,-0.1291396110866262,0.7078060522695973,1.072521667659565,0.3430904368796294,-123748177.0,0.14333333333333087,0.14333333333333087,0.0,0.14333333333333087,0.17175583994029017,-0.655511471450746,-0.043558000917010155,0.18235780769498391,0.0
1169,0.2684636118598348,0.39999999999999714,0.358064516129032,0.4975240715268171,232176.0,0.1,0.43596973865199207,0.6973177441540539,0.1997936726272368,0.44995487646106724,0.624452455120076,49.16801487434196,-0.17449757865900872,-0.1382112046011027,0.6973177441540539,1.0565074666790812,0.33812802162902655,-123516001.0,0.04193548387096513,0.12530949105914146,0.08337400718817634,0.12530949105914146,0.1590289907589438,0.014017381553116381,0.0005731315910129075,0.17959486126251367,0.0
1170,0.5177897574123932,0.2966666666666654,0.34263674614306294,0.44112792297111125,264247.0,0.1,0.4332187070151283,0.6880903255387398,0.24696240256762858,0.4485968836164586,0.6169698211548121,47.22284527012333,-0.16837293753835353,-0.14424355118855287,0.6880903255387398,1.0504269879039567,0.32575366317352294,-123780248.0,-0.04597007947639753,0.2008574048601517,0.15488732538375416,0.2008574048601517,0.1625187890166231,-0.06962576153176525,-0.0027510316368637455,0.18116833118260844,0.0
1171,0.4638814016172489,0.39999999999999714,0.4576437587657821,0.5759284731774329,287760.0,0.1,0.4428473177441512,0.6804390187987122,0.10451054562127926,0.4681863589335316,0.615294664094511,45.344637873023416,-0.14710830516097934,-0.14481650198303817,0.6804390187987122,1.0362211784713722,0.32465685912605213,-123492488.0,-0.05764375876578498,0.04112792297111412,0.016515835794670863,0.04112792297111412,0.1514344240464259,0.25097101882281225,0.009628610729022803,0.17789107983633,0.0
1172,0.5636118598382737,0.4333333333333286,0.62454417952314,0.5044016506189791,317152.0,0.1,0.44376432828977236,0.6743351673544206,0.16993351673544144,0.4737579422697543,0.6107684186465301,44.46686077425586,-0.13701047637677577,-0.14325529686178567,0.6743351673544206,1.0319692613862683,0.3167010733225728,-123809640.0,-0.19121084618981143,0.14259513984410432,0.04861570634570711,0.14259513984410432,0.1524519236643377,0.022302759966545294,0.0009170105456212455,0.17881704701592388,0.0
1173,0.5649595687331498,0.39999999999999714,0.4323983169705542,0.3517193947730405,338581.0,0.1,0.4317285648784936,0.665165061898208,0.3134456671251675,0.45498278111641377,0.6001949891006734,43.02963984127374,-0.1452122079842596,-0.14364667908628048,0.665165061898208,1.0329157808356038,0.29741434296081215,-124148221.0,-0.03239831697055706,0.10440165061898199,0.07200333364842493,0.10440165061898199,0.14753560087662562,-0.2911006376490082,-0.012035763411278806,0.18387535946869793,0.0
1174,0.37223719676549505,0.5216666666666668,0.4660589060308581,0.534662998624475,362857.0,0.1,0.4303530490600609,0.6580868867491936,0.1234238881247186,0.467241276117654,0.5975202139791959,41.56295138116793,-0.13027893786154188,-0.14097313084133278,0.6580868867491936,1.0224478490634292,0.2937259244349579,-123785364.0,0.055607760635808745,0.16994727189362635,0.1143395112578176,0.16994727189362635,0.15263451685140753,-0.029947591714517996,-0.0013755158184327622,0.18218048115711785,0.0
1175,0.5636118598382737,0.36500000000000055,0.46886395511921675,0.4438789546079732,376092.0,0.1,0.43276020174231683,0.6477991746905049,0.20392022008253163,0.46364707280847234,0.5912491421681255,39.396446996442194,-0.12760206935965318,-0.13829891854499687,0.6477991746905049,1.0077689899147468,0.28782935946626287,-124161456.0,-0.1038639551192162,0.16966299862447443,0.06579904350525823,0.16966299862447443,0.15389788992186362,0.06960556844548105,0.0024071526822559953,0.179984907612121,0.0
1176,0.30144462279293405,0.24218749999999858,0.2833180568285968,0.2622060016220601,385348.0,0.1,0.4153282626294374,0.635847196331359,0.3736411947092989,0.43265613877979353,0.5778188099009391,37.310505988348666,-0.14516267112114561,-0.13967166906022663,0.635847196331359,1.0081874285424441,0.26350696412027386,-124546804.0,-0.0411305568285982,0.20169145460797464,0.16056089777937643,0.20169145460797464,0.16376185712868777,-0.44375908030569444,-0.017431939112879512,0.18617011610554257,0.0
1177,0.2661316211877981,0.24765624999999716,0.2649862511457378,0.30600162206001824,392700.0,0.1,0.39707553214315067,0.6244064346176278,0.31840481255760955,0.4131708285152127,0.5667242308053912,35.5700175169318,-0.15355340229017855,-0.142448015706217,0.6244064346176278,1.0029147828981633,0.24589808633709231,-124154104.0,-0.017330001145740653,0.014549751622062929,0.0027802495236777247,0.014549751622062929,0.15958078607136392,-0.4171779427884873,-0.018252730486286655,0.18925417414026774,0.0
1178,0.2886035313001599,0.2218749999999993,0.2649862511457378,0.2622060016220601,401071.0,0.1,0.37952896671206854,0.6121678904629753,0.34996188884091517,0.38994547053165074,0.5542949153285206,33.740537559470695,-0.16434944479686986,-0.1468283015243476,0.6121678904629753,0.9988249095587496,0.22551087136720088,-124555175.0,-0.04311125114573852,0.08412662206001895,0.041015370914280425,0.08412662206001895,0.1535329166961882,-0.44537747111073933,-0.017546565431082094,0.1933285095478872,0.0
1179,0.2532905296950204,0.19218749999999787,0.24848762603116228,0.23706407137064148,410147.0,0.1,0.3909509726596221,0.5993482429356499,0.3622841715650085,0.36642525527611086,0.541346717615954,31.839754423208177,-0.17492146233984313,-0.15244693368744672,0.5993482429356499,0.9941837737866994,0.20451271208460042,-124965322.0,-0.05630012603116441,0.07001850162206222,0.013718375590897808,0.07001850162206222,0.12230179525975367,1.3706407137064147,0.011422005947553457,0.19741776542552475,0.0
1180,0.2500802568218269,0.20390624999999787,0.1916590284142984,0.2678832116788342,430248.0,0.1,0.3903836978877869,0.5876864792633242,0.31980326758448996,0.3512649408765299,0.5301849418634185,30.01267048838386,-0.1789200009868886,-0.1577415471473351,0.5876864792633242,0.9880042134944336,0.18736874503221485,-124535074.0,0.012247221585699464,0.0331578213706436,0.04540504295634307,0.04540504295634307,0.11414110439500469,-0.024781698094589633,-0.0005672747718351209,0.20015886711555467,0.0
1181,0.261316211878006,0.2257812499999993,0.24665444546287532,0.2857258718572616,445641.0,0.1,0.37273384791532393,0.5780012061328862,0.2922753342756246,0.3411820071812578,0.5202070206386774,29.165505335167055,-0.1790250134574196,-0.161998240409352,0.5780012061328862,0.9846605051319468,0.17134190713382563,-124089433.0,-0.020873195462876026,0.042101961678834926,0.0212287662159589,0.042101961678834926,0.10720714361331246,-0.42570442676187037,-0.017649849972462956,0.20332964949953028,0.0
1182,0.2621187800963035,0.22031249999999716,0.2649862511457378,0.2759935117599376,453630.0,0.1,0.3589726469810595,0.5680558623413191,0.2920623505813815,0.3311530078856701,0.5102391223170961,28.28745326209898,-0.17908611443142602,-0.1654158152137668,0.5680558623413191,0.9805031752397695,0.15560854944286867,-124543063.0,-0.04467375114574065,0.06541337185726445,0.0207396207115238,0.06541337185726445,0.09592014086307186,-0.37434585890403504,-0.013761200934264473,0.20622365644922522,0.0
1183,0.24927768860352942,0.2062499999999993,0.27598533455544894,0.25490673154906884,457779.0,0.1,0.3322208351786958,0.5559231592761019,0.3010164277270331,0.31942281152619295,0.49981739208166637,26.68507394244628,-0.18039458055547342,-0.16841156828210813,0.5559231592761019,0.9702765035203259,0.14156981503187793,-125000842.0,-0.06973533455544964,0.06974351175993829,8.177204488646339e-06,0.06974351175993829,0.09830477326214054,-0.5573986294813091,-0.026751811802363672,0.207176672122112,0.0
1184,0.2565008025682175,0.19140624999999858,0.2668194317140212,0.2500405515004068,460290.0,0.1,0.3110240769188148,0.5448353406418974,0.2947947891414906,0.30874861767607203,0.48962241899671693,25.68914772375264,-0.1808738013206449,-0.1709040148898155,0.5448353406418974,0.9629138969568267,0.12675678432696819,-125461132.0,-0.07541318171402264,0.06350048154907026,0.011912700164952383,0.06350048154907026,0.09171355173755437,-0.5042828444483315,-0.021196758259881026,0.20903927815746462,0.0
1185,0.23723916532904923,0.17421875,0.1916590284142984,0.2248986212489882,468714.0,0.1,0.30045567912514376,0.5334243278509764,0.3085257066019882,0.2958486182257514,0.47881736602742186,25.186747554258332,-0.18296874780167044,-0.1733169614721865,0.5334243278509764,0.9559797705338224,0.11086888516813032,-125929846.0,-0.017440278414298405,0.07582180150040682,0.05838152308610842,0.07582180150040682,0.08933189764433978,-0.3605737284004139,-0.010568397793671023,0.21127772134142303,0.0
1186,0.2163723916532895,0.14843749999999858,0.20999083409715738,0.22408759124087965,474707.0,0.1,0.27457439517651083,0.5202770238285132,0.2961894325876335,0.2848084602280788,0.46842023236266506,24.50972266192268,-0.18361177213458624,-0.17537592360466647,0.5202770238285132,0.9412059474721377,0.09934810018488865,-126404553.0,-0.061553334097158796,0.07646112124898963,0.014907787151830831,0.07646112124898963,0.08154138509062005,-0.580880682191607,-0.025881283948632944,0.21046446182181225,0.0
1187,0.2083467094703039,0.21093749999999858,0.23198900091659028,0.271127331711272,480555.0,0.1,0.26017842660178575,0.5085682196719937,0.2374408879607217,0.28270367122549317,0.46036746090750613,23.920344976763445,-0.17766378968201296,-0.17583349682013577,0.5085682196719937,0.9251892899942127,0.09194714934977477,-125923998.0,-0.021051500916591692,0.013150091240881068,0.007901409675710624,0.013150091240881068,0.06849864280865393,-0.38918633357887555,-0.014395968574725101,0.20831053516110948,0.0
1188,0.2693418940609916,0.25468749999999785,0.2649862511457378,0.32627737226277487,493193.0,0.1,0.26551770748851194,0.5006734365918425,0.17439606432906762,0.2894073175389211,0.45489439606486404,23.78489417188696,-0.1654870785259429,-0.17376421316129723,0.5006734365918425,0.9164319266183518,0.08491494656533322,-125430805.0,-0.01029875114573997,0.016439831711274167,0.006141080565534196,0.016439831711274167,0.05306100756726223,0.244355088153422,0.005339280886726232,0.20787924501325464,0.0
1189,0.32552166934189086,0.24999999999999858,0.28973418881759583,0.2938361719383614,499281.0,0.1,0.2645039199783739,0.4911284714668766,0.19729229952851518,0.2900886797542196,0.44832059099847615,23.280710107510075,-0.15823191124425656,-0.17065775277788908,0.4911284714668766,0.904345632113662,0.07791131082009112,-125930086.0,-0.039734188817597244,0.07627737226277628,0.03654318344517904,0.07627737226277628,0.058204975953988346,-0.039756162205149104,-0.0010137875101380682,0.20660858032339274,0.0
1190,0.2829855537720668,0.23593749999999716,0.2842346471127385,0.2954582319545821,507197.0,0.1,0.26727493917275075,0.4831074413955499,0.1876492094409678,0.2909147647081215,0.44208131103750087,20.309512646716513,-0.15116654632937937,-0.16675951148818713,0.4831074413955499,0.8962575911085169,0.06995729168258286,-125422889.0,-0.04829714711274133,0.05789867193836426,0.009601524825622931,0.05789867193836426,0.05601931344385045,0.12681719764924093,0.0027710191943768336,0.20657507485648352,0.0
1191,0.29983948635633906,0.225,0.2686526122823082,0.27031630170316345,514005.0,0.1,0.2700459583671276,0.474132772417392,0.20381647071422854,0.2877457703996664,0.4350704943299769,18.51205532196441,-0.14732472393031049,-0.1628725539766118,0.474132772417392,0.8866534392635448,0.061612105571239195,-125936894.0,-0.043652612282308184,0.07045823195458209,0.026805619672273906,0.07045823195458209,0.05605595763822711,0.1402668491276069,0.0027710191943768315,0.2062603334230764,0.0
1192,0.2540930979133179,0.21093749999999858,0.25673693858844826,0.2808596918085996,517702.0,0.1,0.2711273317112747,0.4648905955474026,0.184030903738803,0.28668637369334843,0.4287761758597166,15.744591152739488,-0.14208980216636818,-0.15871600361456306,0.4648905955474026,0.8743650777892142,0.055416113305590986,-125419192.0,-0.045799438588449676,0.05937880170316487,0.013579363114715193,0.05937880170316487,0.0572204375337956,0.04844081138359235,0.0010813733441471147,0.2047372411209058,0.0
1193,0.26773675762439664,0.225,0.2833180568285968,0.2670721816707221,524584.0,0.1,0.26957285752906307,0.45550446178062765,0.18843228010990554,0.28366880568986746,0.4221760128315944,13.3037096542174,-0.13850720714172693,-0.15467424431999582,0.45550446178062765,0.8619580235210853,0.04905090004016999,-125943776.0,-0.05831805682859678,0.05585969180859959,0.0024583650199971885,0.05585969180859959,0.058366915044609315,-0.06528526823730618,-0.0015544741822116255,0.20322678087022883,0.0
1194,0.2669341894060956,0.21249999999999716,0.27690192483959775,0.25977291159773086,529777.0,0.1,0.26822114084887916,0.44676864411475053,0.18699573251701967,0.27999251429107724,0.41554731482204893,12.066595113457254,-0.1355548005309717,-0.150850355562191,0.44676864411475053,0.8516126260833214,0.041924662146179625,-126473553.0,-0.06440192483960058,0.054572181670724945,0.009829743168875638,0.054572181670724945,0.05746348252906435,-0.05877167205407208,-0.0013517166801838936,0.20242199098428545,0.0
1195,0.2653290529695006,0.21093749999999858,0.2833180568285968,0.29302514193025286,532433.0,0.1,0.27139767504731116,0.43792319702004917,0.1448980550897963,0.28199753392787347,0.4105464098060572,11.910803992676037,-0.12854887587818375,-0.14639005962538956,0.43792319702004917,0.8371071930246687,0.03873920101542955,-125941120.0,-0.0723805568285982,0.048835411597732276,0.023545145230865927,0.048835411597732276,0.055721140848880524,0.14953865733375626,0.0031765341984320017,0.1995919980023098,0.0
1196,0.2781701444622747,0.24218749999999858,0.29798350137488183,0.28004866180049104,538376.0,0.1,0.2738983509056515,0.4257984657364911,0.14574980393600007,0.2816977074467377,0.40521997111195246,11.653465234230737,-0.12352226366521474,-0.1418165004333546,0.4257984657364911,0.8073221577601308,0.04427477371285132,-126479496.0,-0.05579600137488325,0.05083764193025428,0.004958359444628968,0.05083764193025428,0.05466590421397919,0.12001297437561997,0.002500675858340351,0.1907618460118199,0.0
1197,0.29341894060994844,0.225,0.27598533455544894,0.26545012165450144,542513.0,0.1,0.27727764260611093,0.4150889929729315,0.14963887131843007,0.27919807886331677,0.39951507929736263,11.535635157620476,-0.12031700043404586,-0.13751660043349284,0.4150889929729315,0.7847273446619145,0.045450641283948434,-127022009.0,-0.05098533455544893,0.05504866180049103,0.004063327245042103,0.05504866180049103,0.05293480923898621,0.1803101334294892,0.0033792917004594352,0.18481917584449153,0.0
1198,0.2565008025682175,0.2062499999999993,0.27506874427130723,0.2622060016220601,545696.0,0.1,0.28045417680454265,0.4043405909549134,0.14213458933285333,0.27658391313389263,0.39391062714735026,11.340810629997321,-0.11732671401345762,-0.1334786231494858,0.4043405909549134,0.7606170314756373,0.0480641504341896,-127567705.0,-0.06881874427130794,0.05920012165450214,0.009618622616805794,0.05920012165450214,0.051496392606112246,0.17010495837855477,0.0031765341984317033,0.1781382202603619,0.0
1199,0.261316211878006,0.18749999999999858,0.2732355637030238,0.2524736415247396,549277.0,0.1,0.2788997026223316,0.3937333103894758,0.14125966886473618,0.2728746405786383,0.3881376889586723,10.612331235093052,-0.11526304838003398,-0.12983550819559544,0.3937333103894758,0.7366213798311131,0.05084524094783849,-128116982.0,-0.08573556370302524,0.07470600162206151,0.011029562080963728,0.07470600162206151,0.05662605180454395,-0.06880047861200889,-0.0015544741822110335,0.17144403472081865,0.0
1200,0.25569823434992,0.1859375,0.24665444546287532,0.22895377128953812,553346.0,0.1,0.2707894025412286,0.38395423518680216,0.15500046389726405,0.26611758376493055,0.3816403861966668,9.947625237801304,-0.11552280243173624,-0.12697296704282363,0.38395423518680216,0.7180130619590338,0.04989540841457052,-128670328.0,-0.060716945462875316,0.0665361415247396,0.00581919606186429,0.0665361415247396,0.060800744288999405,-0.29828486204325255,-0.008110300081103063,0.16702941338611582,0.0
1201,0.22199036918137907,0.18828124999999787,0.24665444546287532,0.23381995133820013,558343.0,0.1,0.2657880508245484,0.3724711742234503,0.13865122288525014,0.26114871723774125,0.3756068990595865,7.56384314699396,-0.11445818182184525,-0.12447000999862796,0.3724711742234503,0.6875682602600435,0.05737408818685713,-128111985.0,-0.05837319546287745,0.04067252128954024,0.017700674173337205,0.04067252128954024,0.05783367337456308,-0.20425062103229075,-0.005001351716680108,0.15754854301829657,0.0
1202,0.2268057784911676,0.17421875,0.24757103574701703,0.23381995133820013,562387.0,0.1,0.26065152743984993,0.3611600527374023,0.12734010139920218,0.25694429171473493,0.36981967670361154,5.840762019162682,-0.11287538498887661,-0.12215108499667769,0.3611600527374023,0.6552509467385625,0.06706915873624203,-128111985.0,-0.07335228574701702,0.05960120133820013,0.013751084408816894,0.05960120133820013,0.057975550824549395,-0.20861926983255286,-0.005136523384698497,0.14704544700058014,0.0
1203,0.23964686998394882,0.17734374999999716,0.25307057745187433,0.25328467153284817,564743.0,0.1,0.259232224925657,0.34979594098259903,0.09651126944975086,0.25638127322521387,0.365063145880315,4.221025108785014,-0.10868187265510115,-0.11945724252836239,0.34979594098259903,0.615605634596422,0.08398624736877608,-127547242.0,-0.07572682745187717,0.05647620133820297,0.019250626113674202,0.05647620133820297,0.0568103816065178,-0.06300630063005919,-0.00141930251419294,0.13290484680691148,0.0
1204,0.2420545746388413,0.19531249999999858,0.25673693858844826,0.24030819140308282,574498.0,0.1,0.2558529332251973,0.33819014247130946,0.09788195106822664,0.25390849140642446,0.35997110692206064,2.0952596229918043,-0.10606261551563617,-0.11677831712581715,0.33819014247130946,0.5707299990267464,0.10565028591587255,-128121740.0,-0.061424438588449676,0.05797217153284959,0.003452267055600089,0.05797217153284959,0.056693162425658195,-0.14438348252960354,-0.0033792917004597314,0.11626992827771845,0.0
1205,0.24044943820224632,0.18203125,0.1760769935838681,0.20786699107867293,596337.0,0.1,0.2509191673425265,0.3322989028597264,0.12443191178105348,0.24682518366369344,0.35376277566314684,1.8439247988938519,-0.10693759199945341,-0.11481017210054441,0.3322989028597264,0.5633840369857874,0.10121376873366533,-128718077.0,0.005954256416131898,0.058276941403082816,0.06423119781921471,0.06423119781921471,0.057390787926542786,-0.22168235651380674,-0.004933765882670765,0.11554256706303054,0.0
1206,0.19390048154092768,0.19218749999999787,0.20907424381301568,0.2646390916463929,603918.0,0.1,0.2513246823465817,0.32793429429791215,0.06329520265151928,0.24956578489180103,0.3501250742747079,0.9116360984446885,-0.10055928938290687,-0.11195999555701691,0.32793429429791215,0.5559690923806432,0.09989949621518115,-128114159.0,-0.0168867438130178,0.015679491078675056,0.0012072527343427453,0.015679491078675056,0.054149730377205295,0.01873243833905791,0.00040551500405516805,0.1140173990413655,0.0
1207,0.2500802568218269,0.19531249999999858,0.24390467461044665,0.22895377128953812,608445.0,0.1,0.24598540145985545,0.3231128073575034,0.0941590360679653,0.2463947058760683,0.34517930680592546,0.18813753313007453,-0.09878460092985716,-0.10932491663158496,0.3231128073575034,0.5494878558372149,0.0967377588777919,-128722604.0,-0.04859217461044807,0.06932659164639429,0.020734417035946223,0.06932659164639429,0.05585732871459379,-0.21865485745917768,-0.005339280886726229,0.11318752423985576,0.0
1208,0.23884430176564778,0.16562499999999716,0.20999083409715738,0.21678832116788485,613354.0,0.1,0.2407137064071383,0.31735011563034426,0.10056179446245941,0.2418398774594247,0.33993885841253607,0.18645500370985246,-0.09809898095311137,-0.10707972949589024,0.31735011563034426,0.5400703453048554,0.09462988595583316,-129335958.0,-0.04436583409716022,0.06332877128954095,0.018962937192380735,0.06332877128954095,0.05689825616120101,-0.2258905299739421,-0.005271695052717182,0.11136011483725555,0.0
1209,0.21958266452648303,0.1671874999999993,0.22832263978001635,0.22895377128953812,616356.0,0.1,0.23767234387672467,0.3117835576216183,0.08282978633208019,0.23985739958713445,0.3354088548564953,0.184694541973343,-0.09555145526936085,-0.10477407465058437,0.3117835576216183,0.5295494302482826,0.09401768499495394,-128719602.0,-0.061135139780017056,0.049600821167885556,0.0115343186121315,0.049600821167885556,0.05644426944181722,-0.13748854262144738,-0.00304136253041361,0.10888293631333218,0.0
1210,0.2099518459068989,0.14843749999999858,0.2136571952337313,0.21435523114355207,623284.0,0.1,0.2336847796701823,0.30476660017782414,0.09041136903427208,0.23593398905735252,0.3304678906233139,0.0,-0.09453390156596136,-0.10272604003365977,0.30476660017782414,0.5124962933811202,0.09703690697452802,-129342886.0,-0.06521969523373272,0.08051627128953953,0.01529657605580681,0.08051627128953953,0.05822061524473701,-0.18249304051964232,-0.003987564206542335,0.10386484660164806,0.0
1211,0.20593900481540786,0.1476562499999993,0.21549037580201472,0.2127331711273314,626586.0,0.1,0.23037307380373162,0.30055285119254144,0.08781968006521004,0.2323646324527339,0.3256623918683758,0.0,-0.09329775941564192,-0.10084038391005622,0.30055285119254144,0.5073520841004782,0.09375361828460474,-129969472.0,-0.06783412580201542,0.06669898114355277,0.0011351446584626501,0.06669898114355277,0.05755336353819462,-0.15740443302281948,-0.003311705866450685,0.10339961645396835,0.0
1212,0.1971107544141212,0.1749999999999993,0.17791017415215152,0.1754257907542595,654986.0,0.1,0.2259124087591251,0.2943869453545757,0.11896115460031623,0.22360481065296858,0.31953028570045267,0.0,-0.09592547504748408,-0.0998574021375418,0.2943869453545757,0.49800243782029274,0.09077145288885871,-130624458.0,-0.002910174152152223,0.0377331711273321,0.034822996975179876,0.0377331711273321,0.05515311600507732,-0.23379383634430906,-0.004460665044606553,0.1018077462328585,0.0
1213,0.18105939004815,0.13671874999999858,0.20082493125572612,0.19651257096512822,659376.0,0.1,0.22280346039470245,0.2875427408351939,0.09103016987006565,0.2194367737779162,0.3145091544867659,0.0,-0.09507238070884971,-0.09890039785180339,0.2875427408351939,0.4813355865804425,0.09374989508994527,-129965082.0,-0.06410618125572753,0.0387070407542609,0.025399140501466633,0.0387070407542609,0.05498932596047071,-0.15955601803675867,-0.003108948364422659,0.0968964228726243,0.0
1214,0.1922953451043327,0.12499999999999858,0.1916590284142984,0.19245742092457477,674638.0,0.1,0.21935658286023366,0.2817030040462258,0.08924558312165101,0.21528610410817137,0.3095274510760642,0.0,-0.09424134696789285,-0.0979685876750213,0.2817030040462258,0.46949559640352984,0.09391041168892172,-130639720.0,-0.06665902841429983,0.07151257096512964,0.004853542550829815,0.07151257096512964,0.05598194009604817,-0.17689906347554607,-0.0034468775344687805,0.09389629617865203,0.0
1215,0.18426966292134708,0.16406249999999858,0.20449129239230004,0.23300892133009157,687690.0,0.1,0.21766693701000392,0.2844740232406026,0.05146510191051104,0.21801269137308216,0.3064042457803102,0.6231716924044548,-0.08839155440722807,-0.09605318102146265,0.2844740232406026,0.4651024157764204,0.10384563070478481,-129952030.0,-0.04042879239230146,0.028394920924576184,0.012033871467725277,0.028394920924576184,0.0536418333949126,-0.08005123278898096,-0.0016896458502297165,0.0903141962679089,0.0
1216,0.2340288924558557,0.1625,0.22557286892758768,0.21922141119221764,690130.0,0.1,0.21590970532576514,0.283318417037506,0.06409700584528835,0.2181986482683338,0.3028457627358983,0.6443786009102581,-0.08464711446756451,-0.09377196771068302,0.283318417037506,0.4649096873373393,0.10172714673767266,-130642160.0,-0.06307286892758768,0.07050892133009157,0.00743605240250389,0.07050892133009157,0.05468656254468277,-0.08774890313869954,-0.0017572316842387654,0.09079563514991666,0.0
1217,0.2051364365971068,0.1390625,0.20999083409715738,0.2086780210867815,694000.0,0.1,0.21597729115977424,0.27730079098667193,0.06862276989989044,0.21673393639424884,0.2990021814440976,0.6511480780241925,-0.08226824504984878,-0.09147122317851619,0.27730079098667193,0.44875509227401456,0.10584648969932928,-131336160.0,-0.07092833409715738,0.08015891119221763,0.009230577095060255,0.08015891119221763,0.05601387199243302,0.0039016777214118115,6.758583400904665e-05,0.08572715064367133,0.0
1218,0.1890850722311356,0.13125,0.1916590284142984,0.19651257096512822,697495.0,0.1,0.21030008110300216,0.27220463781988063,0.07569206685475241,0.21362295709746104,0.2948189320367927,0.6575312972334757,-0.08119597493933167,-0.0894161735306793,0.27220463781988063,0.43822196447802364,0.1061873111617376,-132033655.0,-0.060409028414298405,0.07742802108678148,0.01701899267248308,0.07742802108678148,0.061159582826441884,-0.2574318112166678,-0.005677210056772054,0.08300866332907152,0.0
1219,0.19550561797752622,0.14843749999999858,0.19349220898258182,0.2248986212489882,704369.0,0.1,0.20996215193295634,0.2648915159047047,0.03999289465571651,0.21535767465923444,0.29196504180055577,0.6580593728202189,-0.07660736714132133,-0.08685441225280771,0.2648915159047047,0.4051869979318392,0.12459603387757023,-131329286.0,-0.045054708982583236,0.04807507096512964,0.0030203619825464045,0.04807507096512964,0.05938862276966983,-0.01771165426850163,-0.00033792917004582534,0.07014774101356724,0.0
1220,0.20433386837880932,0.14609374999999716,0.1916590284142984,0.1843471208434714,707978.0,0.1,0.20725871857258857,0.25822371320104825,0.07387659235757685,0.2105868202260401,0.28757247359822574,0.6571792344634986,-0.07698565337218563,-0.0848806604766833,0.25822371320104825,0.3813950680649582,0.1350523583371383,-132037264.0,-0.04556527841430125,0.07880487124899105,0.0332395928346898,0.07880487124899105,0.06067829776629067,-0.14964459408904407,-0.002703433360367787,0.06158567743195498,0.0
1221,0.1882825040128381,0.14531249999999787,0.1916590284142984,0.21111111111111427,712524.0,0.1,0.20577183022438653,0.25529437395809146,0.044183262846977184,0.21066748036220537,0.2844516016599763,0.6670520710487864,-0.07378412129777093,-0.08266135264090083,0.25529437395809146,0.3760465068173621,0.1345422410988208,-131324740.0,-0.046346528414300536,0.03903462084347353,0.007311907570827003,0.03903462084347353,0.05979778107258967,-0.07793127878142603,-0.0014868883482019868,0.06037606642963534,0.0
1222,0.1890850722311356,0.1320312499999993,0.1,0.1,719778.0,0.1,0.19624222762909058,0.24623889482008157,0.14623889482008157,0.1936417141526353,0.27692296485752826,0.6638920417592686,-0.08328125070489295,-0.08278533225369925,0.24623889482008157,0.3445051826702145,0.14797260696994863,-132044518.0,0.03203124999999929,0.07907986111111498,0.11111111111111427,0.11111111111111427,0.0623473510577209,-0.5334846765039722,-0.009529602595296005,0.04913314392506647,1.0
1223,0.1,0.1,0.10824931255728601,0.14541768045417527,725137.0,0.1,0.19063260340632757,0.24002095160854411,0.09460327115436884,0.18622263204517994,0.27155540222881996,0.6704290722445592,-0.08533277018364002,-0.08329481983968741,0.24002095160854411,0.32391987908978515,0.15612202412730308,-131319381.0,-0.008249312557286004,0.0,0.008249312557286004,0.008249312557286004,0.05747654534219867,-0.3164315669081267,-0.00560962422276301,0.041949463740620516,0.0
1224,0.14975922953450863,0.1046874999999993,0.13666361136571795,0.17137064071370958,732192.0,0.1,0.19029467423628174,0.23812854825628685,0.06675790754257727,0.1839377103018768,0.2674662282894277,0.6871533197733299,-0.08352851798755087,-0.08334155946926011,0.23812854825628685,0.32405647177969443,0.15220062473287926,-130587189.0,-0.03197611136571865,0.04073018045417598,0.008754069088457328,0.04073018045417598,0.05772629611943566,-0.023116042533508963,-0.00033792917004582534,0.042963961761703785,0.0
1225,0.15698234349919674,0.1945312499999993,0.1531622364802935,0.25571776155718096,771209.0,0.1,0.1952284401189528,0.23708096782914437,-0.018636793728036588,0.19498079511038513,0.2669866990350503,0.7053317359822842,-0.07200590392466516,-0.08107442836034112,0.23708096782914437,0.32082695883954343,0.1533349768187453,-129815980.0,0.04136901351970579,0.023160609286289713,0.018208404233416076,0.04136901351970579,0.05794812718322273,0.30127940569541933,0.004933765882671061,0.041872995505199524,0.0
1226,0.2260032102728701,0.1749999999999993,0.24665444546287532,0.2565287915652895,781932.0,0.1,0.200567721005679,0.23696269261962832,-0.019566098945661192,0.20444971764190886,0.2665598456689376,0.7277844540118252,-0.06211012802702873,-0.07728156829367865,0.23696269261962832,0.32057966301514007,0.15334572222411658,-129034048.0,-0.07165444546287603,0.08071776155718166,0.009063316094305635,0.08071776155718166,0.05871522639922707,0.33291192583228435,0.005339280886726229,0.041808485197755874,0.0
1227,0.24686998394863338,0.34843749999999785,0.25765352887258997,0.38304947283049484,841363.0,0.1,0.2130711002973793,0.24000405515004195,-0.1430454176804529,0.23192660305553747,0.271314524328593,1.5668108356339445,-0.039387921273055515,-0.06970283888955403,0.24000405515004195,0.33365390819837315,0.14635420210171074,-128192685.0,0.09078397112740788,0.09190870843470833,0.0011247373073004496,0.09190870843470833,0.06400804202507142,0.643926209537053,0.012503379291700272,0.046824926524165596,0.0
1228,0.372873194221507,0.31328124999999785,0.34747937671860496,0.3684509326845088,875600.0,0.1,0.22550689375507024,0.24209921600432682,-0.12635171668018197,0.25293034607537923,0.2752792756900589,2.188016379447575,-0.022348929614679658,-0.06023205703457916,0.24209921600432682,0.34254995057691867,0.14164848143173497,-129068285.0,-0.034198126718607114,0.069768222830497,0.03557009611188988,0.069768222830497,0.0639463171501052,0.6807251202367446,0.012435793457690929,0.050225367286295924,0.0
1229,0.34478330658105916,0.28515624999999856,0.31998166819431473,0.3133008921330095,891379.0,0.1,0.2342254663422559,0.24267369559340493,-0.07062719653960456,0.26221812239193776,0.27683117840201604,2.4076711606510344,-0.014613056010078285,-0.05110825682967899,0.24267369559340493,0.34445032447497703,0.14089706671183283,-129959664.0,-0.03482541819431617,0.08329468268451024,0.048469264490194064,0.08329468268451024,0.06420763144112958,0.5013602798289869,0.008718572587185667,0.05088831444078606,1.0
1230,0.30947030497591965,0.25390624999999856,0.31998166819431473,0.3157339821573387,903018.0,0.1,0.24416058394160675,0.24350162206001746,-0.07223236009732126,0.27045133158661483,0.2784190479430496,2.7128934310753294,-0.007967716356434784,-0.04248014873503015,0.24350162206001746,0.34701721193431845,0.1399860321857165,-129056646.0,-0.06607541819431617,0.05939464213301093,0.006680776061305238,0.05939464213301093,0.0627048498616487,0.6066859265373243,0.009935117599350875,0.05175779493715048,1.0
1231,0.3142857142857117,0.23906249999999787,0.304399633363888,0.29302514193025286,911018.0,0.1,0.2498377939983788,0.24429575560962544,-0.04872938632062743,0.27392422548563605,0.2790152150445681,3.0449063203801785,-0.0050909895589320575,-0.03500231689981053,0.24429575560962544,0.3487493858458283,0.13984212537342255,-129967664.0,-0.0653371333638901,0.07667148215734085,0.011334348793450744,0.07667148215734085,0.0650878841276663,0.30292102416155275,0.005677210056772054,0.05222681511810145,1.0
1232,0.2789727126805758,0.240625,0.2741521539871655,0.2938361719383614,921277.0,0.1,0.25896188158961964,0.24520816436874948,-0.04862800756961194,0.27698760186297844,0.27962015206064134,3.4248851354519587,-0.0026325501976628973,-0.028528363559381004,0.24520816436874948,0.35062744109093,0.13978888764656894,-129046387.0,-0.03352715398716552,0.05240014193025286,0.018872987943087338,0.05240014193025286,0.06288749001777146,0.5939287285525703,0.009124087591240835,0.05270963836109028,1.0
1233,0.2717495987158912,0.24218749999999858,0.30256645279559746,0.30519059205190613,929614.0,0.1,0.2668018383346857,0.24688091376047694,-0.05830967829142919,0.2813265234305058,0.2806638434888562,4.068082602842054,0.000662679941649591,-0.022690154859174888,0.24688091376047694,0.35352467812839705,0.14023714939255683,-128116773.0,-0.06037895279559888,0.05164867193836284,0.008730280857236039,0.05164867193836284,0.06393866094234556,0.445639646561639,0.007839956745065988,0.05332188218396006,1.0
1234,0.28378812199036785,0.23906249999999787,0.30898258478460006,0.2914030819140322,938241.0,0.1,0.282752095160855,0.24828331981616766,-0.04311976209786453,0.2828767631972022,0.2811021797511083,4.694445790787356,0.0017745834460938803,-0.017797207198121136,0.24828331981616766,0.3554716690071703,0.14109497062516504,-129055014.0,-0.06992008478460218,0.06612809205190825,0.0037919927326939273,0.06612809205190825,0.06019007602074506,1.9140308191403217,0.015950256826169348,0.05359417459550131,1.0
1235,0.29341894060994844,0.2257812499999993,0.22832263978001635,0.2516626115166275,957130.0,0.1,0.29160583941605933,0.24787780481211255,-0.003784806704514948,0.2780745860155753,0.27990056472112945,4.8781339450919745,-0.0018259787055541765,-0.014602961499607745,0.24787780481211255,0.35486018489795784,0.14089542472626726,-130012144.0,-0.002541389780017056,0.0656218319140329,0.06308044213401584,0.0656218319140329,0.06497111930047397,0.7306190741773841,0.008853744255204353,0.05349119004292265,1.0
1236,0.23723916532904923,0.209375,0.25215398716773263,0.24517437145174484,965150.0,0.1,0.2977561503108956,0.24618815896188273,0.0010137875101378924,0.2730130145442167,0.2784831690774811,4.985218685751818,-0.005470154533264382,-0.012776400106339073,0.24618815896188273,0.3506442901999968,0.14173202772376864,-130977294.0,-0.042778987167732624,0.042287611516627494,0.0004913756511051304,0.042287611516627494,0.06510090522234492,0.4306672976810022,0.006150310894836271,0.05222806561905704,1.0
1237,0.24847512038523192,0.22656249999999858,0.2659028414298795,0.31005677210056815,979269.0,0.1,0.30228440118951116,0.2465260881319287,-0.06353068396863945,0.2787120541682708,0.2797718875682193,5.276638116443337,-0.0010598333999485288,-0.010433086765060965,0.2465260881319287,0.351714314392509,0.1413378618713484,-129998025.0,-0.03934034142988094,0.018611871451746254,0.020728469978134684,0.020728469978134684,0.063380859927214,0.21249603552171115,0.004528250878615599,0.05259411313029015,1.0
1238,0.2982343499197405,0.23828124999999858,0.2833180568285968,0.2938361719383614,1016848.0,0.1,0.3053933495539339,0.2464922952149241,-0.04734387672343732,0.28103884151751546,0.28034593999149043,5.435394577772399,0.0006929015260250249,-0.008207889106843768,0.2464922952149241,0.35161732679353813,0.14136726363631008,-131014873.0,-0.0450368068285982,0.07177552210056956,0.02673871527197136,0.07177552210056956,0.06263567330582966,0.14543155232373506,0.003108948364422659,0.05256251578930702,1.0
1239,0.28619582664526033,0.5820312499999986,0.31998166819431473,0.5468775344687756,1122973.0,0.1,0.3190456880237906,0.25225398756420775,-0.2946235469045679,0.32193710197155545,0.2912247805824,7.698911855694178,0.030712321389155472,-0.0004238470076439191,0.25225398756420775,0.388439935864336,0.11606803926407949,-129891900.0,0.26204958180568383,0.28819507806163713,0.026145496255953304,0.28819507806163713,0.07899287077474039,0.42769426212153316,0.013652338469856732,0.06809297415006413,1.0
1240,0.5373996789727101,0.5578124999999993,0.5857928505957822,0.5858069748580718,1173926.0,0.1,0.3371586915382541,0.25860705596107175,-0.327199918897,0.3625324670310195,0.30324854361406006,10.234070983126472,0.05928392341695943,0.011517707077276751,0.25860705596107175,0.42528285417998185,0.09193125774216165,-128717974.0,-0.027980350595782966,0.01093496553122364,0.038915316127006605,0.038915316127006605,0.0764217952161162,0.5899185560202587,0.018113003514463582,0.08333789910945505,1.0
1241,0.567897271268054,0.5078124999999986,0.5032997250229115,0.488483373884835,1207342.0,0.1,0.35175723168423967,0.26321978913219907,-0.22526358475263591,0.3819095296239142,0.31080914893123457,12.237712062296652,0.07110038069267965,0.02343424180035733,0.26321978913219907,0.4426218236928944,0.08381775457150376,-129925316.0,0.00451277497708702,0.0779944748580732,0.08250724983516022,0.08250724983516022,0.0763561758120037,0.5591509189748911,0.014598540145985458,0.08970101728034766,1.0
1242,0.47800963081861736,0.6953124999999986,0.539963336388633,0.6636658556366569,107989.0,0.1,0.38075155447418285,0.27163422546634336,-0.39203163017031356,0.4252566567027978,0.3252114634906395,15.56233511164156,0.10004519321215827,0.03875643208271752,0.27163422546634336,0.48504053004604913,0.058227920886637585,-129817327.0,0.15534916361136553,0.20682912611516358,0.05147996250379805,0.20682912611516358,0.08864238281051641,1.1019779090675592,0.028994322789943183,0.10670315228985289,1.0
1243,0.6296950240770464,0.6023437499999978,0.6783684692942223,0.6417680454176832,152031.0,0.1,0.4098134630981353,0.2788997026223315,-0.3628683427953517,0.45856610112047247,0.33813214030398825,18.534805575955787,0.12043396081648422,0.05509193782947086,0.2788997026223315,0.5175357447485903,0.04026366049607269,-129969358.0,-0.0760247192942245,0.061322105636659074,0.014702613657565422,0.061322105636659074,0.08736326810045959,1.1901466924993067,0.029061908623952526,0.1193180210631294,1.0
1244,0.6272873194221468,0.5585937499999986,0.6206232813932168,0.6344687753446884,177597.0,0.1,0.43819951338199586,0.2862834549878356,-0.3481853203568528,0.48562805100112105,0.3502275131627923,21.86703691879653,0.13540053783832873,0.07115365783124245,0.2862834549878356,0.5460608117210105,0.02650609825466066,-130146955.0,-0.06202953139321821,0.08317429541768462,0.02114476402446641,0.08317429541768462,0.0899277808910789,1.1592602815346442,0.02838605028386058,0.12988867836658746,1.0
1245,0.6329052969502399,0.9289062499999993,0.7058661778185126,1.0059205190592082,352835.0,0.43333333333333335,0.4965936739659378,0.3017099216004337,-0.7042105974587745,0.5656730460869807,0.3769904929952991,27.564112882567187,0.18868255309168158,0.09465943688333028,0.3017099216004337,0.6342003139021033,-0.030780470701235907,-129794120.0,0.2230400721814867,0.2944374746553109,0.0713974024738242,0.2944374746553109,0.11016018111749125,2.296040393303223,0.05839416058394184,0.1662451961508348,1.0
1246,0.990850722311395,1.084375,0.9414298808432647,1.1,513055.0,0.7666666666666666,0.5639767504731017,0.3191639632333074,-0.7808360367666927,0.6478771928428297,0.4065010851179399,33.58066959999557,0.24137610772488982,0.1240027710516422,0.3191639632333074,0.7234015660702922,-0.08507363960367736,-129281065.0,0.14294511915673536,0.07845448094079188,0.06449063821594347,0.14294511915673536,0.11656160004289351,2.774839966601708,0.06738307650716399,0.2021188014184924,1.0
1247,1.1,1.1,1.0999999999999965,1.0586374695863747,679162.0,1.1,0.6312246553122474,0.3359590429845915,-0.7226784266017832,0.7110710815726059,0.4331188967288964,39.12246512182334,0.2779521848437095,0.15479265381005566,0.3359590429845915,0.7924841555734772,-0.12056606960429422,-129960227.0,3.552713678800501e-15,0.0,3.552713678800501e-15,3.552713678800501e-15,0.11109311405005773,3.2065742829519586,0.0672479048391456,0.22826255629444286,1.0
1248,0.1,0.1,0.11966717095310067,0.14694167852062492,797998.0,0.30000000000000004,0.6230385975679874,0.3342504577185725,0.18730877919794756,0.6242819426415319,0.4214381939448853,40.34864704699066,0.20284374869664662,0.16440287278737387,0.3342504577185725,0.7930199179915849,-0.12451900255443993,-130758225.0,-0.019667170953100666,0.9586374695863747,0.9389702986332741,0.9586374695863747,0.18745560222253665,-0.4006646059678144,-0.008186057744259992,0.2293847301365062,1.0
1249,0.16851721714687287,0.15638972305638923,0.18774583963691285,0.19423897581792318,961016.0,0.5,0.6133871145444336,0.3334258540619,0.13918687824397682,0.5581214862071305,0.41216475647031536,42.090900629241816,0.14595672973681517,0.16071364417726214,0.3334258540619,0.7930741884243493,-0.12622248030054933,-129797209.0,-0.03135611658052362,0.00944804453576431,0.04080416111628793,0.04080416111628793,0.18912857648404943,-0.3735373863889643,-0.00965148302355375,0.22982416718122467,0.0
1250,0.21911454673225386,0.244477811144478,0.2633888048411478,0.24438122332859216,1221464.0,0.7000000000000001,0.6092658688269529,0.3336458805616998,0.08926465723310764,0.5098537534565861,0.40531644899514296,44.16446717588313,0.10453730446144316,0.14947837623409838,0.3336458805616998,0.7931095118139218,-0.1258177506905221,-128575745.0,-0.018910993696669792,0.05023883532655482,0.06914982902322461,0.06914982902322461,0.188909768727604,-0.16830789852565708,-0.004121245717480774,0.22973181562611095,-1.0
1251,0.25495432185523403,0.18575241908575216,0.23464447806353875,0.18748221906116705,1321768.0,0.9,0.5793162592096521,0.3322749961352065,0.14479277707403945,0.4602581327803678,0.3964252559366133,46.11945470790569,0.0638328768437545,0.1323492763560296,0.3322749961352065,0.7931087381290168,-0.12855874585860383,-129897513.0,-0.04889205897778659,0.058628804242840005,0.009736745265053415,0.058628804242840005,0.1697792459093709,-0.6571769596582844,-0.029949609617300716,0.23041687099690517,1.0
1252,0.20119465917076554,0.16639973306639924,0.24674735249621663,0.2091749644381217,1383063.0,1.1,0.5479302583413229,0.3316263872401031,0.12245142280198143,0.42162995303540685,0.38878238689585853,48.47209879825421,0.03284756613954831,0.11244893431273335,0.3316263872401031,0.7930761332440449,-0.12982335876383866,-128514450.0,-0.08034761942981739,0.021082485994767808,0.05926513343504958,0.05926513343504958,0.1714750640183745,-0.6429285184103515,-0.03138600086832918,0.2307248730019709,0.0
1253,0.2187631763879118,0.16006006006006004,0.17526475037821357,0.1380512091038412,1464056.0,1.1,0.5187275779429068,0.3301718917822941,0.19212068267845292,0.3780024539690121,0.37854846127169456,49.494434777941265,-0.0005460073026824497,0.0898499459896502,0.3301718917822941,0.7936508605023229,-0.13330707693773464,-129978506.0,-0.015204690318153524,0.04911490437806165,0.03391021405990813,0.04911490437806165,0.16869236856361627,-0.7173881108666184,-0.029202680398416152,0.23173948436001438,1.0
1254,0.16324666198172935,0.1597263930597265,0.2108169440242044,0.20953058321479326,1510081.0,1.1,0.4808829719077515,0.3290237978566358,0.11949321464184257,0.3520837046222092,0.3716497723714129,50.26298318728905,-0.019566067749203664,0.06796674324187943,0.3290237978566358,0.7934379905066402,-0.13539039479336856,-128468425.0,-0.0510905509644779,0.021675183955885302,0.0727657349203632,0.0727657349203632,0.15752041929738295,-0.6842830146598549,-0.037844606035155305,0.2322070963250022,0.0
1255,0.23281799016162844,0.16373039706372908,0.27133131618759376,0.2091749644381217,1551507.0,1.1,0.44483354849278806,0.32861173938056465,0.11943677494244295,0.3300977445938881,0.36501814755780915,51.35619539042098,-0.03492040296392107,0.04738931400071933,0.32861173938056465,0.7934235709089439,-0.1362000921478146,-130019932.0,-0.10760091912386469,0.04580018615106418,0.061800732972800504,0.061800732972800504,0.15756030490872805,-0.6740645379095123,-0.03604942341496346,0.23240591576418962,0.0
1256,0.23422347153900205,0.1667334000667328,0.28003025718608077,0.2230440967283073,1609444.0,1.1,0.4105481586080897,0.32874206803807343,0.10569797130976613,0.313627952614568,0.35922328834027845,52.889870935392146,-0.04559533572571045,0.028792384055433374,0.32874206803807343,0.7934293058036219,-0.1359451697274751,-128410488.0,-0.11329685711934798,0.04244156437138891,0.07085529274795907,0.07085529274795907,0.1565337213529176,-0.6484553607746355,-0.034285389884698425,0.23234361888277427,-1.0
1257,0.23598032326071597,0.2451451451451451,0.29704992435703337,0.2987908961593181,1751743.0,1.1,0.35162069003309876,0.3301970081395272,0.031406111980209095,0.31134532854452956,0.3567566600879943,54.770576421814845,-0.04541133154346472,0.013951640935653759,0.3301970081395272,0.7940444656186736,-0.13365044933961923,-126658745.0,-0.05190477921188827,0.0221010484168378,0.07400582762872607,0.07400582762872607,0.1381644174340355,-0.7029676892973973,-0.05892746857499084,0.2319237287395732,-1.0
1258,0.3150386507378776,0.3002002002002001,0.3503782148260196,0.28847795163584633,1954937.0,1.1,0.2839938526694193,0.3317412314831166,0.0432632798472703,0.3078272705585783,0.3539697740287229,57.19258087116236,-0.04614250347014465,0.0019328120544940767,0.3317412314831166,0.7945055113628966,-0.13102304839666334,-128613682.0,-0.0501780146258195,0.00140930404088202,0.05158731866670152,0.05158731866670152,0.13055126739319936,-0.7377473166946852,-0.06762683736367948,0.23138213993988999,-1.0
1259,0.311524947294448,0.24614614614614574,0.2633888048411478,0.18961593172119465,2081312.0,1.1,0.2115753911806543,0.33125962232882217,0.14164369060762752,0.28964091073744236,0.3472614539345381,58.35399671284371,-0.05762054319709575,-0.00997785899582389,0.33125962232882217,0.7945776463764843,-0.13205840171883998,-130694994.0,-0.01724265869500205,0.042331805489700586,0.025089146794698536,0.042331805489700586,0.13407891785067413,-0.8208868123709239,-0.072418461488765,0.23165901202383107,1.0
1260,0.20470836261419337,0.13370036703369906,0.1,0.1,2244676.0,0.1,0.20766358463726886,0.3296882516881084,0.22968825168810839,0.2604653860086051,0.33716914969231204,59.85022377307726,-0.07670376368370696,-0.023323039933400506,0.3296882516881084,0.7956693039027145,-0.13629280052649773,-132939670.0,0.03370036703369905,0.05591556468749559,0.08961593172119464,0.08961593172119464,0.061660456361909116,-0.31945788964181543,-0.00391180654338541,0.23299052610730306,1.0
1261,0.1144061841180605,0.14671338004671278,0.16543116490166235,0.1800142247510678,2310052.0,0.1,0.2064781887150309,0.32934453614198217,0.14933031139091438,0.24808828427667626,0.3307546629600163,62.10313923286375,-0.08266637868334006,-0.03519170768338842,0.32934453614198217,0.7957510238788801,-0.1370619515949157,-130629618.0,-0.01871778485494957,0.04671338004671277,0.06543116490166234,0.06543116490166234,0.06371270667735698,-0.07323324789453933,-0.001185395922237949,0.23320324386844893,1.0
1262,0.18784258608573481,0.14671338004671278,0.23010590015128365,0.20135135135135088,2342127.0,0.1,0.20289236605026084,0.32952982635920663,0.12817847500785576,0.24089798690354927,0.3254728951392545,64.31636955125362,-0.08457490823570521,-0.04506834779385178,0.32952982635920663,0.7957211772440502,-0.13666152452563696,-128287491.0,-0.08339252010457088,0.033300844704355015,0.05009167540021586,0.05009167540021586,0.06212452720877292,-0.1760768335273607,-0.0035858226647701072,0.2330956754424218,1.0
1263,0.21103302881236843,0.19275942609276023,0.24863842662632188,0.17752489331436686,2383008.0,0.1,0.20206258890469417,0.32837390910887904,0.15084901579451218,0.2311482801975212,0.31943420118721827,63.269192245876056,-0.08828592098969706,-0.05371186243302084,0.32837390910887904,0.795816384203037,-0.1390685659852789,-130670499.0,-0.05587900053356165,0.00859192525859065,0.047287075274971,0.047287075274971,0.06117938312811717,-0.05311077389985219,-0.0008297771455666828,0.23372123754707896,1.0
1264,0.20224877020379353,0.1867534200867528,0.25847201210287307,0.230156472261735,2414189.0,0.1,0.20381104788999527,0.3286017228811607,0.09844525061942569,0.2309956943612464,0.31579021225148424,63.76454632774961,-0.08479451789023784,-0.059928393524464246,0.3286017228811607,0.795837496370138,-0.13863405060781664,-128256310.0,-0.07171859201612027,0.009228526772385948,0.08094711878850622,0.08094711878850622,0.06298621524090521,0.10030601836110309,0.0017484589853011083,0.23361788674448866,1.0
1265,0.23984539704848765,0.22012012012012008,0.27586989409984886,0.26642958748221834,2464900.0,0.1,0.21450924608819333,0.32980488051439893,0.06337529303218059,0.23644706253370362,0.3137754928731468,66.44060656053429,-0.0773284303394432,-0.06340840088746004,0.32980488051439893,0.7960755621281249,-0.13646580109932704,-125791410.0,-0.05574977397972877,0.010036352141614913,0.04571342183811386,0.04571342183811386,0.06270275836257623,0.9299330242143102,0.010698198198198096,0.233135340806863,0.0
1266,0.2855235418130707,0.22012012012012008,0.2955370650529495,0.23726884779516447,2515543.0,0.1,0.2168207681365576,0.3306539696150247,0.09338512181986022,0.23657349103546682,0.31065277266588226,68.80233869241195,-0.07407928163041544,-0.06554257703605113,0.3306539696150247,0.7960807531354249,-0.13477281390537554,-128306953.0,-0.07541694493282944,0.04630946736209826,0.029107477570731177,0.04630946736209826,0.06049806939938749,0.13238289205703335,0.0023115220483642673,0.23271339176020012,1.0
1267,0.25108924806746236,0.2651651651651651,0.31369137670196634,0.3005689900426741,2583934.0,0.1,0.22443693693693698,0.3322304356315598,0.03166144558888567,0.24641895242119102,0.31024118970166964,72.49213666872956,-0.06382223728047862,-0.06519850908493663,0.3322304356315598,0.7967055397566534,-0.13224466849353383,-125723019.0,-0.048526211536801256,0.027896317370000617,0.07642252890680187,0.07642252890680187,0.061716552393887604,0.4369262155729381,0.007616168800379369,0.23223755206254681,0.0
1268,0.31047083626141825,0.2731731731731738,0.3537821482602105,0.3258179231863444,2665856.0,0.1,0.23300142247510677,0.335177744013703,0.00935982082735859,0.25863417869275307,0.31087697474186043,76.35883857045633,-0.052242796049107365,-0.06260736647777078,0.335177744013703,0.7976103383038737,-0.12725485027646782,-123057163.0,-0.08060897508703668,0.027395816869500322,0.05321315821753636,0.05321315821753636,0.06024637451635239,0.4607780612244903,0.008564485538169757,0.2312162971450854,-1.0
1269,0.3449051300070266,0.3002002002002001,0.3900907715582441,0.35106685633001466,2773069.0,0.1,0.23735775248933147,0.3380934887057634,-0.012973367624251275,0.27285459063694717,0.3125173780719892,78.36357953596819,-0.039662787435042035,-0.05801845066922503,0.3380934887057634,0.7990931180356498,-0.12290614062412292,-120284094.0,-0.08989057135804401,0.025617722986144287,0.06427284837189973,0.06427284837189973,0.05943529291161686,0.17495834325160486,0.0043563300142247146,0.23049981466494315,-1.0
1270,0.3680955727336602,0.29352686019352736,0.3465960665658091,0.29452347083925934,2844086.0,0.1,0.23786154575628252,0.34214606101491457,0.04762259017565523,0.27618826451422596,0.31178293287881653,84.01992056100431,-0.035594668364590576,-0.05353369420829814,0.34214606101491457,0.7979865753989491,-0.11369445336911999,-123128180.0,-0.05306920637228174,0.057539996136487304,0.004470789764205563,0.057539996136487304,0.059931349367432336,0.020956607495065782,0.000503793266951084,0.22792025719201728,-1.0
1271,0.31328179901616193,0.24981648314981655,0.376853252647502,0.3016358463726888,2866769.0,0.1,0.24719653864390703,0.34540060613821705,0.04376475976552824,0.2801032771078356,0.3113687660826481,88.1827039295379,-0.03126548897481246,-0.04908005316160101,0.34540060613821705,0.7977203813406714,-0.10691916906423726,-120261411.0,-0.12703676949768547,0.044706987689442784,0.08232978180824269,0.08232978180824269,0.06326451406064418,0.5907726931732971,0.009334992887624514,0.22615988760122716,-1.0
1272,0.3234715390021069,0.2464798131464793,0.31709531013615544,0.24473684210526372,2921830.0,0.1,0.25925794215267906,0.34692906866720774,0.10219222656194402,0.27466228710743995,0.3086490957162242,89.52644806733912,-0.033986808608784225,-0.046061404251037656,0.34692906866720774,0.7973382897610256,-0.10348015242661013,-123183241.0,-0.07061549698967615,0.05515603322620952,0.01545946376346663,0.05515603322620952,0.060392855852728744,1.4473684210526372,0.012061403508771976,0.22520461054690893,-1.0
1273,0.2658468025298649,0.23279946613280025,0.31671709531013403,0.2799431009957324,2953897.0,0.1,0.2675853485064011,0.34743376323884423,0.06749066224311184,0.2754747200133311,0.30747742246232657,90.24914240911232,-0.032002702448995446,-0.04324966389062922,0.34743376323884423,0.7974796116518882,-0.10261208517419973,-120229344.0,-0.08391762917733378,0.011937375972463471,0.07198025320487031,0.07198025320487031,0.06093861321132941,0.5551165547214449,0.008327406353722049,0.22502292420652198,-1.0
1274,0.29536191145467183,0.21978645311978653,0.3163388804841144,0.24758179231863445,2973929.0,0.1,0.2714378852536747,0.34724736742120554,0.0996655751025711,0.27118350036799316,0.30503270286462486,90.20431856136715,-0.0338492024966317,-0.04136957161182972,0.34724736742120554,0.7974544031239331,-0.10295966828152203,-123203273.0,-0.09655242736432787,0.06015664787594585,0.03639577948838202,0.06015664787594585,0.061777360917640245,0.2296008477569793,0.0038525367472736307,0.2251035178513638,-1.0
1275,0.26022487702037933,0.21411411411411266,0.29629349470499056,0.25149359886201983,3012371.0,0.1,0.27760194404931243,0.3445066200468623,0.09301302118484245,0.26815428475168956,0.3028474333134981,88.1801310058045,-0.03469314856180855,-0.04003428700182549,0.3445066200468623,0.7954244866286304,-0.1064112465349058,-120190902.0,-0.0821793805908779,0.03346767820452179,0.04871170238635611,0.04871170238635611,0.061896079843589004,0.4166666666666674,0.0061640587956377476,0.22545893329088404,-1.0
1276,0.2739283204497539,0.20010010010010007,0.30121028744326706,0.2351351351351351,3025969.0,0.1,0.2780168326220958,0.34172920759791703,0.10659407246278194,0.26307441557991196,0.30008366604091186,86.21936899471585,-0.0370092504609999,-0.03942927969366038,0.34172920759791703,0.7936856973959927,-0.11022728220015865,-123216871.0,-0.10111018734316699,0.05139349876191976,0.049716688581247226,0.05139349876191976,0.059433278174706804,0.021631644004945993,0.0004148885727833414,0.22597824489903784,0.0
1277,0.2482782853127187,0.1867534200867528,0.2637670196671692,0.20135135135135088,3067206.0,0.1,0.27259364627785687,0.33939692549829914,0.13804557414694826,0.2535785595447487,0.29605377564541957,84.71892005655869,-0.04247521610067084,-0.04003846697506247,0.33939692549829914,0.7931047265251894,-0.11431087552859115,-126284077.0,-0.0770135995804164,0.04838171504838229,0.028631884532034108,0.04838171504838229,0.05965563594222917,-0.24426054458088597,-0.005423186344238956,0.22685390051344514,0.0
1278,0.22262825017568347,0.19342676009342732,0.27095310136157236,0.2230440967283073,3090691.0,0.1,0.2714082503556187,0.33746588621852763,0.11442178949022033,0.24888094988068082,0.29307378875084356,83.46357874125464,-0.04419283887016273,-0.040869341354082524,0.33746588621852763,0.7923725252667568,-0.11744075282970162,-123193386.0,-0.07752634126814503,0.007924591257923552,0.06960175001022148,0.06960175001022148,0.061596659496239436,-0.05995203836930785,-0.0011853959222380972,0.22745331952411463,0.0
1279,0.2356289529163739,0.18008008008008006,0.27095310136157236,0.2180654338549072,3116536.0,0.1,0.2645329540066382,0.33590422563362465,0.11783879177871745,0.24414010126133104,0.29001222324488696,82.4472250812871,-0.04587212198355592,-0.04186989747997721,0.33590422563362465,0.7919473382922451,-0.12013888702499576,-126309922.0,-0.0908730212814923,0.04296401664822724,0.04790900463326506,0.04790900463326506,0.0592205324734447,-0.2744912446758172,-0.0068752963489805766,0.2280215563293102,0.0
1280,0.2356289529163739,0.1667334000667328,0.27095310136157236,0.2049075391180665,3130588.0,0.1,0.254457088667615,0.33405154578320184,0.12914400666513534,0.23810432247005958,0.28653856266828204,81.25963214182275,-0.048434240198222456,-0.04318276602362626,0.33405154578320184,0.79151315180288,-0.12341006023647633,-129440510.0,-0.10421970129483957,0.051332033788174414,0.052887667506665154,0.052887667506665154,0.05919340824753877,-0.37109801353415983,-0.010075865339023158,0.22873080300983908,0.0
1281,0.22543921293042715,0.15405405405405262,0.23426626323751912,0.1661450924608822,3170483.0,0.1,0.2390469416785206,0.33115476454172216,0.16500967208083997,0.2270336716994169,0.28162454347614324,79.39861222333086,-0.054590871776726335,-0.04546438717424628,0.33115476454172216,0.7911170673043564,-0.12880753822091212,-132610993.0,-0.0802122091834665,0.05085348506401388,0.029358724119452617,0.05085348506401388,0.058075127971881614,-0.5267423014586708,-0.015410146989094374,0.22998115138131714,0.0
1282,0.18643710470836297,0.12469135802469147,0.2108169440242044,0.15974395448079584,3203116.0,0.1,0.22781531531531538,0.32841186605352973,0.1686679115727339,0.21668140751193674,0.2766498255579658,77.69353434465853,-0.059968418046029065,-0.04836519334860284,0.32841186605352973,0.7909058316472124,-0.13408209954015293,-135814109.0,-0.08612558599951292,0.041453734436190715,0.04467185156332221,0.04467185156332221,0.05700278259078453,-0.45761893262497055,-0.011231626363205292,0.23124698279684133,1.0
1283,0.18468025298664728,0.11468134801468147,0.1809379727685311,0.128093883357041,3238826.0,0.1,0.2133534850640114,0.325837517550205,0.19774363419316401,0.2030525576419528,0.2705863177130301,76.54598922526954,-0.06753376007107731,-0.052198906693097735,0.325837517550205,0.7914418229905082,-0.13976678789009817,-139052935.0,-0.06625662475384964,0.045062606466114374,0.02119401828773526,0.045062606466114374,0.053897184645607166,-0.575336005659044,-0.014461830251303985,0.2328021527201516,1.0
1284,0.13935347856640803,0.12736069402735986,0.19077155824508232,0.17290184921763832,3269845.0,0.1,0.20736723565670923,0.32433184000366116,0.15142999078602284,0.19841398711513517,0.26659919654995284,76.64201074457017,-0.06818520943481768,-0.055396167241441724,0.32433184000366116,0.7914666599450162,-0.14280297993769392,-135783090.0,-0.06341086421772246,0.0007331893296811387,0.06267767488804132,0.06267767488804132,0.05452398811742648,-0.2935193257773935,-0.005986249407302117,0.23356740997067754,1.0
1285,0.18573436401967527,0.15872539205872407,0.24296520423600435,0.2052631578947363,3302010.0,0.1,0.20114390706495955,0.3221486397077063,0.11688548181297001,0.19946770569661226,0.2640956847681073,75.46209230654159,-0.06462797907149503,-0.05724252960745239,0.3221486397077063,0.7905338542448903,-0.14623657482947772,-132481080.0,-0.08423981217728027,0.014176457158914246,0.07006335501836602,0.07006335501836602,0.054364246601884464,-0.26676829268292834,-0.006223328591749675,0.234192607268592,1.0
1286,0.22087139845396955,0.20677344010677282,0.2671709531013601,0.20881934566145013,3362389.0,0.1,0.19791370317686088,0.32037745582693733,0.1115581101654872,0.20090641953735655,0.2618395076617131,74.58942724666935,-0.06093308812435655,-0.05798064131083323,0.32037745582693733,0.7898417667257829,-0.14908685507190822,-129118691.0,-0.06039751299458726,0.001510282212036529,0.06190779520662379,0.06190779520662379,0.05451017554610762,-0.15656420568802398,-0.0032302038880986927,0.23473215544942277,1.0
1287,0.23246661981728636,0.18008008008008006,0.23464447806353875,0.18748221906116705,3391721.0,0.1,0.19257942152678983,0.31289005342261217,0.12540783436144512,0.1988411579256351,0.25880451629026224,69.9508820799025,-0.059963358364627156,-0.05837718472159202,0.31289005342261217,0.7790495190310813,-0.15326941218585693,-132510412.0,-0.05456439798345869,0.028739265581370077,0.025825132402088613,0.028739265581370077,0.05284580581235878,-0.2545248868778254,-0.005334281650071065,0.23307973280423455,1.0
1288,0.19768095572733593,0.13503503503503503,0.22556732223903034,0.16685633001422354,3419704.0,0.1,0.1868895211000472,0.30416191498836526,0.13730558497414172,0.1939204151700333,0.25505152909532186,64.75810522514355,-0.061131113925288555,-0.05892797056233133,0.30416191498836526,0.7651059185855884,-0.15678208860885795,-135930116.0,-0.09053228720399531,0.05244718402613202,0.03808510317786329,0.05244718402613202,0.052933612917709795,-0.2903811252268653,-0.005689900426742629,0.2304720017986116,1.0
1289,0.17800421644413192,0.13336670003336729,0.22594553706505174,0.1810810810810807,3438150.0,0.1,0.18520033191085797,0.29775770055495376,0.11667661947387306,0.19194513300250213,0.2520323271355569,61.06063172909616,-0.06008719413305477,-0.05915981527647603,0.29775770055495376,0.7567780237576427,-0.16126262264773517,-132491966.0,-0.09257883703168446,0.03348962998085625,0.05908920705082821,0.05908920705082821,0.05382590391791362,-0.10067114093959706,-0.0016891891891891813,0.22951016160134446,1.0
1290,0.2043569922698513,0.16806806806806876,0.2596066565809373,0.22268847795163574,3461620.0,0.1,0.18517069701280206,0.28857067185318247,0.06588219390154673,0.19667487837929193,0.2508346190056009,55.39712395162985,-0.05415974062630896,-0.05815980034644262,0.28857067185318247,0.7351573777829667,-0.15801603407660186,-129030346.0,-0.09153858851286853,0.013013013013011943,0.07852557549985659,0.07852557549985659,0.05456955604204989,-0.0015943877551026775,-2.9634898055963532e-05,0.22329335296489217,1.0
1291,0.23949402670414557,0.23279946613280025,0.30121028744326706,0.24687055476529132,3522315.0,0.1,0.18757112375533405,0.28034364079792434,0.03347308603263302,0.20439729013098415,0.2506728204651801,50.457335918739595,-0.04627553033419593,-0.055782946343993285,0.28034364079792434,0.7147332091293666,-0.15404592753351792,-125508031.0,-0.0684108213104668,0.010110988181164515,0.07852180949163132,0.07852180949163132,0.05712062311358041,0.13209393346379694,0.00240042674253201,0.21719478416572113,1.0
1292,0.27182009838369436,0.21544878211544863,0.30121028744326706,0.23762446657183425,3555807.0,0.1,0.19029753437648134,0.2720760510318232,0.03445158445998894,0.20950916342957648,0.25014023459198226,45.52516807070149,-0.040631071162405774,-0.052752571307675786,0.2720760510318232,0.6938551967907398,-0.14970309472709342,-129063838.0,-0.08576150532781843,0.031421772649842694,0.05433973267797573,0.05433973267797573,0.057241628544522964,0.15966678236722398,0.0027264106211473127,0.2108895728794583,1.0
1293,0.24722417427968893,0.20510510510510507,0.30915279878971125,0.2536273115220474,3573668.0,0.1,0.19758771929824515,0.256403275874799,0.00277596435275157,0.2162965708284182,0.25028256426259715,35.75210868565421,-0.03398599343417896,-0.04899925573297643,0.256403275874799,0.6184682156309558,-0.10566166388135784,-125490170.0,-0.10404769368460617,0.03251936146672918,0.071528332217877,0.071528332217877,0.058964532474011545,0.5265410958904031,0.00729018492176377,0.18103246987807842,1.0
1294,0.2704146170063243,0.2301301301301301,0.3239031770045372,0.2799431009957324,3626702.0,0.1,0.20760431484115652,0.23931875714554343,-0.040624343850188954,0.22608834470031267,0.25149319841497,24.832037390253348,-0.02540485371465731,-0.04428037532931261,0.23931875714554343,0.5027184461579864,-0.024080931866899608,-121863468.0,-0.0937730468744071,0.023497181391917338,0.07027586548248976,0.07027586548248976,0.06109820030060884,0.7524487978628742,0.010016595542911379,0.13169984450622152,0.0
1295,0.29782150386507344,0.2668335001668328,0.359455370650528,0.30519203413940266,3691278.0,0.1,0.22236249407302,0.2236219772403982,-0.08157005689900446,0.23825814307555726,0.2536849876282121,14.343414277340827,-0.015426844552654861,-0.03850966917398106,0.2236219772403982,0.331379535662058,0.11586441881873841,-118172190.0,-0.09262187048369519,0.01310960082889956,0.07951226965479563,0.07951226965479563,0.06396900556633228,1.3825652415324874,0.014758179231863471,0.0538787792108299,0.0
1296,0.31644413211524947,0.3115448782115443,0.37836611195158765,0.36529160739687005,3828123.0,0.1,0.23839497392128928,0.22817093409198663,-0.13712067330488342,0.2578017529711438,0.2582403598636675,16.925963494315596,-0.00043860689252367413,-0.030895456717689583,0.22817093409198663,0.34101974102452054,0.11532212715945273,-114344067.0,-0.06682123374004334,0.00635284407214165,0.07317407781218499,0.07317407781218499,0.06484370581001092,1.1127108185931731,0.01603247984826931,0.056424403466266954,-1.0
1297,0.3772312016865754,0.29753086419752994,0.37836611195158765,0.295590327169274,3903935.0,0.1,0.24592223802750077,0.23028242057847306,-0.06530790659080096,0.26361537977085614,0.2597648483251208,18.097399595305475,0.003850531445735328,-0.0239462590850046,0.23028242057847306,0.34432404051684057,0.11624080064010556,-118248002.0,-0.0808352477540577,0.06776074319934011,0.013074504554717592,0.06776074319934011,0.06465182149175876,0.4400554400554415,0.0075272641062114785,0.05702080996918375,0.0
1298,0.3160927617709056,0.2831831831831838,0.3617246596066547,0.3208392603129443,3956417.0,0.1,0.2552572309151253,0.2318752963489804,-0.08896396396396389,0.27241905370040814,0.26225768146748096,18.78710297761438,0.01016137223292718,-0.017124732821418246,0.2318752963489804,0.34882027231653057,0.11493032038143026,-114291585.0,-0.07854147642347087,0.012407143986090219,0.06613433243738065,0.06613433243738065,0.06500403292765516,0.5364441416893779,0.009334992887624514,0.05847248798377507,0.0
1299,0.3378777231201674,0.29986653319986656,0.39954614220877394,0.34395448079658697,3995594.0,0.1,0.26829658605974366,0.23513513513513504,-0.10881934566145193,0.2834245040228972,0.26559224470540366,20.548586811228887,0.01783225931749355,-0.010133334393635887,0.23513513513513504,0.3556925006364276,0.11457776963384247,-110295991.0,-0.09967960900890738,0.020972727113077738,0.07870688189582964,0.07870688189582964,0.06916800095386012,0.8345978755690429,0.013039355144618327,0.06027868275064628,0.0
1300,0.35720309205902934,0.2821821821821814,0.3919818456883494,0.31906116642958826,4026932.0,0.1,0.28098032242769067,0.23742443100995725,-0.08163673541963101,0.28890706747008044,0.2677746496737377,21.720658837837348,0.02113241779634273,-0.003880183955640163,0.23742443100995725,0.36012229801269197,0.11472656400722252,-114322923.0,-0.10979966350616799,0.061772298614405585,0.0480273648917624,0.061772298614405585,0.06994509383621626,0.912190963341877,0.012683736367947061,0.061348933501367366,1.0
1301,0.33295853829936595,0.2588254921588241,0.3923600605143708,0.3119487908961588,4050290.0,0.1,0.2918859649122805,0.2410472972972972,-0.07090149359886158,0.2924519479971694,0.26957767584608144,23.588722881319896,0.02287427215108795,0.0014707072657054589,0.2410472972972972,0.3620158504327912,0.1200787441618032,-118373213.0,-0.13353456835554667,0.06023567427076415,0.07329889408478252,0.07329889408478252,0.07112923442237912,0.7227022780832686,0.01090564248458984,0.060484276567747006,1.0
1302,0.3276879831342224,0.25348682015348734,0.3371406959152793,0.2866998577524903,4100354.0,0.1,0.29722024656235174,0.2426549905168325,-0.044044867235657786,0.29156701103644955,0.2702765404136899,24.47490518541781,0.021290470622759627,0.005434659937116293,0.2426549905168325,0.36396315478946056,0.12134682624420444,-122473567.0,-0.08365387576179195,0.058461970742671454,0.025191905019120497,0.058461970742671454,0.06945726735928037,0.28744809964867946,0.005334281650071213,0.060654082136314035,1.0
1303,0.2957132817990157,0.22979646312979654,0.3254160363086228,0.25149359886201983,4131406.0,0.1,0.29760550023707905,0.24353662873399706,-0.007956970128022767,0.2854018707019219,0.2695098897381116,24.926831127275705,0.015891980963810337,0.007526124142455102,0.24353662873399706,0.36446531532466164,0.12260794214333248,-126604973.0,-0.09561957317882627,0.056903394622693754,0.03871617855613252,0.056903394622693754,0.0676557327868689,0.01872659176030056,0.0003852536747273756,0.06046434329533229,1.0
1304,0.26654954321855084,0.2408074741408072,0.3015885022692867,0.30128022759601725,4175954.0,0.1,0.30291014698909435,0.24516654812707436,-0.056113679468942884,0.28784469483947506,0.2708066382221077,25.58459842409752,0.017038056617367348,0.009428510637437552,0.24516654812707436,0.36707194948087796,0.12326114677327078,-122429019.0,-0.06078102812847949,0.010686124721212636,0.050094903407266855,0.050094903407266855,0.06730199701430982,0.2678838671056616,0.005304646752015249,0.06095270067690179,1.0
1305,0.3062543921293027,0.27917917917917767,0.3677760968229936,0.2906116642958757,4247483.0,0.1,0.3059921763869134,0.24499614746325268,-0.04561551683262302,0.28827038244815206,0.27161500663328186,24.92155950409581,0.0166553758148702,0.010873883672924082,0.24499614746325268,0.3666178787822647,0.12337441614424069,-126676502.0,-0.08859691764381594,0.022101048416839575,0.06649586922697637,0.06649586922697637,0.06688262509840144,0.1458216489063453,0.003082029397819023,0.060810865659506,1.0
1306,0.3027406886858749,0.2511511511511507,0.33146747352496175,0.3027027027027035,4293521.0,0.1,0.3078888098624943,0.2452924964438122,-0.05741020625889129,0.2904907394103908,0.27288389218713577,24.365943436284596,0.017606847223255007,0.012220476382990267,0.2452924964438122,0.3674153326511888,0.1231696602364356,-122382981.0,-0.08031632237381103,0.039460513144724985,0.04085580922908605,0.04085580922908605,0.06443095374395114,0.08130081300813363,0.001896633475580926,0.06106141810368831,1.0
1307,0.3153900210822197,0.2568234901568228,0.3715582450832059,0.29630156472261715,4317385.0,0.1,0.3071479374110955,0.24751511379800847,-0.048786450924608676,0.2913847125353487,0.2738397155559309,25.42158121683873,0.017544996979417804,0.013285380502275776,0.24751511379800847,0.36938154662847955,0.12564868096753737,-126700366.0,-0.11473475492638308,0.04587921254588068,0.0688555423805024,0.0688555423805024,0.06354289313776003,-0.029130738755535845,-0.0007408724513987922,0.06093321641523555,1.0
1308,0.3125790583274778,0.2451451451451451,0.3541603630862319,0.2767425320056901,4342283.0,0.1,0.29976884779516383,0.25119724988146036,-0.02554528212422974,0.2891320693769397,0.2739581978600027,27.245375521154116,0.015173871516936999,0.013663078705208023,0.25119724988146036,0.3652882981322574,0.13710620163066334,-131042649.0,-0.10901521794108679,0.05115641957747205,0.05785879836361474,0.05785879836361474,0.06226661985037918,-0.24240654205607315,-0.007379089615931663,0.05704552412539851,1.0
1309,0.29079409697821423,0.22612612612612573,0.33903177004538454,0.2600284495021338,4370718.0,0.1,0.2968053579895688,0.25286421289710753,-0.007164236605026242,0.2846545893962003,0.27338963670253863,27.997084502443784,0.011264952693661678,0.013183453502898755,0.25286421289710753,0.36502845490853875,0.14069997088567635,-135413367.0,-0.11290564391925881,0.05061640587956437,0.06228923803969444,0.06228923803969444,0.06181066108707537,-0.12030798845043134,-0.002963489805595021,0.05608212100571559,1.0
1310,0.28165846802529726,0.20677344010677282,0.2599848714069569,0.2458036984352784,4439168.0,0.1,0.29055239449976333,0.25379030346135606,0.007986605026077648,0.2786775292483662,0.2722636800385688,28.30269237398973,0.006413849209797373,0.011829532644278478,0.25379030346135606,0.36494659021463327,0.14263401670807885,-139852535.0,-0.0532114313001841,0.05325500939536096,4.357809517685496e-05,0.05325500939536096,0.06073738416690707,-0.2338727554865846,-0.006252963489805491,0.05557814337663861,1.0
1311,0.2633872101194651,0.27751084417750993,0.255824508320725,0.3048364153627311,4848366.0,0.1,0.2872925557136086,0.2564426268373637,-0.04839378852536741,0.2827019732659608,0.273593179439555,29.5688180440318,0.009108793826405781,0.01128538488070394,0.2564426268373637,0.36623210911683063,0.14665314455789674,-135004169.0,0.021686335856784922,0.03170714574223152,0.010020809885446597,0.03170714574223152,0.05682073948744056,-0.113730355665842,-0.0032598387861546563,0.05489474113973348,1.0
1312,0.3259311314125085,0.4396730063396731,0.3897125567322227,0.4815789473684212,5437469.0,0.1,0.30083570412517807,0.2616805950687529,-0.2198983522996683,0.3132984308201855,0.2820823944570598,31.517916445017335,0.0312160363631257,0.015271515177188291,0.2616805950687529,0.38894637171500623,0.13441481842249955,-129566700.0,0.049960449607450386,0.134836590976942,0.08487614136949162,0.134836590976942,0.06290943051765192,0.5093624609897427,0.013543148411569414,0.06363288832312668,1.0
1313,0.49458889669711714,0.46703370036703296,0.49031770045385625,0.5150071123755339,5943398.0,0.1,0.31775723091512603,0.2668592935040303,-0.24814781887150356,0.3443305356748545,0.29158952580067093,32.989406572075,0.052741009874183564,0.02276541411658735,0.2668592935040303,0.4136473890822145,0.12007119792584614,-123623302.0,-0.023284000086823298,0.014545247001388262,0.008738753085435036,0.014545247001388262,0.058013293260702405,0.650934792521664,0.016921526789947922,0.07339404778909209,1.0
1314,0.5276177090653537,0.46703370036703296,0.5413767019667158,0.48015647226173674,6503602.0,0.1,0.3338786154575632,0.2719194523470839,-0.20823701991465282,0.36522683361129793,0.2992861358603063,34.48064209001606,0.06594069775099165,0.03140047084346821,0.2719194523470839,0.4307892092051637,0.11304969548900412,-130126904.0,-0.07434300159968288,0.047973412008500915,0.026369589591181963,0.047973412008500915,0.05713924669952153,0.6747705284048613,0.016121384542437205,0.0794348784290399,1.0
1315,0.48721011946591586,0.47637637637637764,0.5281391830559755,0.5509246088193457,6921653.0,0.1,0.3588311996206737,0.27713519440493123,-0.27378941441441446,0.39379572210484376,0.30955709394026704,35.71693649799276,0.08423862816457672,0.041968102307689915,0.27713519440493123,0.45513413937344604,0.09913624943641641,-123205251.0,-0.05176280667959787,0.0037800958853591027,0.04798271079423877,0.04798271079423877,0.05639585638048361,1.1906108597285074,0.024952584163110487,0.08899947248425741,1.0
1316,0.5571328179901606,0.5851518184851517,0.6272314674735234,0.5470128022759603,7286626.0,0.1,0.3793089141773356,0.2817434210526316,-0.26526938122332866,0.41736758059270784,0.3192491636682545,36.26579213308341,0.09811841692445333,0.05319816523104261,0.2817434210526316,0.4756346355242006,0.08785220658106263,-130491877.0,-0.04207964898837169,0.03422720966580606,0.07630685865417774,0.07630685865417774,0.05858018598439285,0.8156279508970721,0.02047771455666192,0.09694560723578449,1.0
1317,0.5557273366127887,1.1,0.583358547655067,1.1,613693.0,0.30000000000000004,0.4467579421526793,0.2973461948790896,-0.8026538051209104,0.5223879528092144,0.3511165447430196,40.167969279990196,0.17127140806619473,0.07681281379807303,0.2973461948790896,0.6025883159635954,-0.007895926205416293,-129878184.0,0.5166414523449331,0.5529871977240398,0.03634574537910673,0.5529871977240398,0.0991211300258148,2.785119921683787,0.0674490279753437,0.15262106054225294,-1.0
1318,1.0947294448348566,1.05995995995996,1.0954614220877468,1.0850640113798016,936398.0,0.5,0.5119547178757708,0.3138157894736842,-0.7712482219061174,0.6089535002816124,0.38107358419758214,43.550575409008765,0.2278799160840303,0.10702623425526449,0.3138157894736842,0.6944369335669099,-0.06680535461954151,-130814582.0,-0.03550146212778671,0.040040040040040026,0.0045385779122533165,0.040040040040040026,0.09905314926006097,2.5845864661654065,0.0651967757230915,0.19031057204661286,-1.0
1319,1.1,1.0112445779112442,1.1,1.0381223328591749,1119728.0,0.7000000000000001,0.5737731152204839,0.3291592579421527,-0.7089630749170222,0.6749794745243143,0.4078919004694838,46.49552559848988,0.26708757405483047,0.1390385022151777,0.3291592579421527,0.7633788034249437,-0.10506028754063823,-131934310.0,-0.08875542208875586,0.07381943346855735,0.014935988620198515,0.07381943346855735,0.09946680685073221,2.5036005760921767,0.061818397344713144,0.21710977274139548,-1.0
1320,1664.0,1667.95,1640.4,1650.1,1379847.0,1.0,138.05904457088667,34.70114390706496,-1615.398856092935,254.43267493998212,67.74226365963398,99.64169254802233,186.69041128034814,37.44931305784178,34.70114390706496,510.9486421842747,-441.54635437014474,-130554463.0,27.549999999999955,1666.911877667141,1639.361877667141,1666.911877667141,139.00396837924885,5961.581855564118,137.4852714556662,238.12374913860486,-1.0
1321,1651.6,1651.6,1628.0,1630.0,1582071.0,2.0,273.8707088667615,68.65364509246088,-1561.346354907539,466.05841725690794,131.5078855510775,99.81914714108704,334.55053170583045,96.86955678743952,68.65364509246088,730.9191176394426,-593.6118274545207,-132136534.0,23.59999999999991,1.5,22.09999999999991,23.59999999999991,140.96544427607884,6267.544857768051,135.81166429587483,331.1327362734908,0.0
1322,1631.0,1631.0,1614.15,1630.0,1778850.0,3.0,409.68355855855856,102.60682047178757,-1527.3931795282124,645.1263530635374,192.67082899797228,99.87923206029181,452.4555240655651,167.98675024306465,102.60682047178757,903.206891445634,-697.9932505020588,-132136534.0,16.84999999999991,1.0,15.849999999999909,16.84999999999991,142.3651730252959,6630.307870370342,135.81284969179708,400.3000354869232,0.0
1323,1629.85,1648.4,1622.4,1641.65,1929037.0,4.0,546.4623221906116,136.80262268847795,-1504.8473773115222,798.4376833614548,251.81283597764687,99.9114448842735,546.624847383808,243.71436967121332,136.80262268847795,1051.6137959560492,-778.0085505790933,-130207497.0,26.0,18.40000000000009,7.599999999999909,26.0,144.52919742981737,5384.347410172656,136.7787636320531,457.4055866337856,-1.0
1324,1641.2,1648.45,1626.65,1633.05,2048278.0,4.0,682.5096906116643,170.8195990398293,-1462.2304009601708,926.8395782289233,308.18986308060005,99.93071608860468,618.6497151483233,318.7014387666353,170.8195990398293,1181.3133074413622,-839.6741093617037,-132255775.0,21.799999999999955,6.7999999999999545,15.0,21.799999999999955,146.33462771390262,3390.0327868852446,136.04736842105265,505.2468542007665,0.0
1325,1632.4,1638.15,1626.0,1636.45,2127924.0,5.0,818.837606685633,204.90811255334282,-1431.5418874466573,1036.0104123475505,362.40456254669795,99.94338622770611,673.6058498008526,389.6823209734788,204.90811255334282,1298.8403378666621,-889.0241127599766,-130127851.0,12.150000000000091,5.100000000000136,7.0499999999999545,12.150000000000091,147.34591560998587,3176.5289324678884,136.32791607396874,546.9661126566597,-1.0
1326,1636.15,1636.4,1628.0,1633.8,2184432.0,5.0,954.9475936462778,238.94096580132768,-1394.8590341986724,1127.978041217158,414.29825387132246,99.95226161707309,713.6797873458356,454.4818142479502,238.94096580132768,1406.0549330893195,-928.1730014866642,-132312283.0,8.400000000000091,0.049999999999954525,8.450000000000045,8.450000000000045,148.0460844923185,3401.6407939564415,136.10998696064487,583.556983643996,0.0
1327,1633.65,1638.0,1626.2,1636.15,2240322.0,5.0,1091.247516595543,273.022881104789,-1363.127118895211,1206.1583425683646,464.1697537133093,99.95879525355953,741.9885888550552,511.98316916937125,273.022881104789,1505.3799089162094,-959.3341467066315,-130071961.0,11.799999999999955,4.2000000000000455,7.599999999999909,11.799999999999955,149.02541926641896,2968.8255873999483,136.29992294926507,616.1785139057102,-1.0
1328,1635.9,1637.5,1628.1,1629.2,2282708.0,5.0,1226.9685988620201,306.96027886439066,-1322.2397211356094,1271.2416744809238,511.7220086637865,99.96395603828414,759.5196658171374,561.4904684989245,306.96027886439066,1596.9964994896013,-983.0759417608201,-132354669.0,9.400000000000091,1.349999999999909,8.050000000000182,9.400000000000091,149.80239369486446,2977.358080873748,135.72108226647703,645.0181103126054,0.0
1329,1628.5,1632.0,1621.0,1625.5,2352830.0,5.0,1362.3352655286865,340.82140084163115,-1284.6785991583688,1325.7429553300126,557.1823348407747,99.96838820043351,768.5606204892379,602.9044988969872,340.82140084163115,1682.2611409319384,-1000.618339248676,-134707499.0,11.0,2.7999999999999545,8.200000000000045,11.0,150.6729780950541,1476.7272727272725,135.36666666666667,670.7198700451536,0.0
1330,1625.45,1627.9,1614.75,1621.0,2424551.0,5.0,1497.3281768610716,374.58890617591277,-1246.4110938240872,1371.1671160484723,600.6034640309472,99.97197100617198,770.5636520175251,636.4363295210948,374.58890617591277,1761.8174894272624,-1012.6396770754368,-137132050.0,13.150000000000091,2.400000000000091,10.75,13.150000000000091,151.76547475838413,1492.921080230728,134.99291133238503,693.6142916256748,0.0
1331,1621.6,1621.6,1609.0,1618.45,2495093.0,5.0,1632.1125000000002,408.3039458866761,-1210.146054113324,1409.2106366563996,642.1482206011126,99.97491664988236,767.062416055287,662.5615468279332,408.3039458866761,1836.4151714908023,-1019.8072797174502,-139627143.0,12.599999999999909,0.599999999999909,12.0,12.599999999999909,152.80932313892842,1558.0166483968212,134.7843231389284,714.0556128020631,0.0
1332,1617.5,1624.45,1617.0,1624.45,2529649.0,0.0,1629.9749999999997,442.1430520981508,-1182.3069479018493,1442.3243848631075,682.242170780659,99.97717746850826,760.0822140824486,682.0656802788363,442.1430520981508,1907.244046214001,-1022.9579420176995,-137097494.0,7.4500000000000455,6.0,1.4500000000000455,7.4500000000000455,14.520833333333334,-0.015544512453790627,-2.1374999999999886,732.5504970579251,0.0
1333,1624.4,1628.0,1618.0,1623.95,2578848.0,0.0,1629.470833333333,475.971067449028,-1147.978932550972,1470.2667871918602,720.6792250345096,99.97925862606306,749.5875621573506,695.5700566545393,475.971067449028,1973.9995998507393,-1022.0574649526834,-139676342.0,10.0,3.5499999999999545,6.4500000000000455,10.0,13.387500000000008,-0.003711656441717781,-0.5041666666666629,749.0142662008557,0.0
1334,1624.65,1624.65,1618.05,1623.8,2597971.0,0.0,1628.9541666666667,509.79588371266004,-1114.00411628734,1493.8872814700355,757.5412974820806,99.98098259631935,736.3459839879549,703.7252421212224,509.79588371266004,2036.9764399682676,-1017.3846725429476,-142274313.0,6.600000000000136,0.7000000000000455,5.900000000000091,6.600000000000136,12.53333333333336,-0.0038036809815951145,-0.5166666666666705,763.5902781278038,0.0
1335,1624.0,1627.95,1622.75,1624.9,2620378.0,0.0,1627.5583333333334,543.6440611664297,-1081.2559388335703,1514.0430843207994,792.9436935032202,99.98354428272961,721.0993908175792,707.2000718604938,543.6440611664297,2096.4879371862994,-1009.19981485344,-139653935.0,5.2000000000000455,4.150000000000091,1.0499999999999545,5.2000000000000455,10.800000000000031,-0.010203149270550993,-1.3958333333333333,776.4219380099348,0.0
1336,1624.4,1627.8,1620.05,1626.05,2640473.0,0.0,1626.9750000000001,577.5166266595544,-1048.5333733404455,1531.2749175022147,826.948032543905,99.9860211311163,704.3268849583097,706.625434480057,577.5166266595544,2152.702411707825,-997.669158388716,-137013462.0,7.75,2.8999999999998636,4.850000000000136,7.75,9.6291666666667,-0.004286457854933978,-0.5833333333333334,787.5928925241352,0.0
1337,1627.0,1627.0,1622.45,1623.3,2663002.0,0.0,1625.8791666666666,611.3316041370318,-1011.9683958629681,1545.432622501874,859.4521944808885,99.98784223550226,685.9804280209855,702.4964331882428,611.3316041370318,2205.461296043079,-982.7980877690153,-139676464.0,4.5499999999999545,0.9500000000000455,3.599999999999909,4.5499999999999545,8.995833333333357,-0.008035687005408132,-1.095833333333341,797.0648459530236,0.0
1338,1623.85,1626.55,1623.0,1624.15,2673534.0,0.0,1625.075,645.1634231270745,-978.9865768729256,1557.5429882708165,890.6643498081992,99.98990409591785,666.8786384626173,695.3728742431177,645.1634231270745,2255.161121237958,-964.834274983809,-137002930.0,3.5499999999999545,3.25,0.2999999999999545,3.5499999999999545,8.587500000000015,-0.005906475700820035,-0.8041666666666553,804.9988490554417,0.0
1339,1624.4,1626.0,1621.25,1621.5,2695309.0,0.0,1623.8541666666667,678.9395299905168,-942.5604700094832,1567.3825285368448,920.4943763466399,99.99161839573823,646.8881521902049,685.6759298325352,678.9395299905168,2301.641349473254,-943.7622894922206,-139698239.0,4.75,1.849999999999909,2.900000000000091,4.75,8.00000000000002,-0.00895394676527217,-1.220833333333341,811.3509097413687,0.0
1340,1622.15,1623.1,1615.0,1620.95,2731851.0,0.0,1623.1666666666667,712.7043711474633,-908.2456288525367,1575.6236779927149,949.084401801879,99.99317579532503,626.5392761908358,673.8485991041953,712.7043711474633,2345.1328816884384,-919.7241393935118,-142430090.0,8.099999999999909,1.599999999999909,6.5,8.099999999999909,7.89166666666667,-0.0050638350110483454,-0.6875,816.2142552704876,0.0
1341,1621.0,1624.75,1619.0,1624.75,2743950.0,0.0,1623.1041666666667,746.5480455784733,-878.2019544215267,1583.1815736861433,976.662589483435,99.99558499817037,606.5189842027083,660.3826761238979,746.5480455784733,2385.9805014537496,-892.8844102968031,-139686140.0,5.75,3.7999999999999545,1.9500000000000455,5.75,7.45416666666667,-0.00046139649338661215,-0.0625,819.7162279376382,0.0
1342,1624.0,1624.9,1623.0,1624.1,2754146.0,0.0,1623.3625,780.3776300972025,-843.7223699027974,1589.4767161959674,1003.088606239213,99.99796618946647,586.3881099567543,645.5837628904692,780.3776300972025,2423.9124513857364,-863.1571911913312,-142440286.0,1.900000000000091,0.15000000000009095,1.75,1.900000000000091,6.51666666666667,0.0019123997532386472,0.25833333333332575,821.7674106442669,0.0
1343,1624.05,1624.1,1620.1,1622.85,2766645.0,0.0,1623.7291666666667,814.1806469298245,-808.6693530701754,1594.611067550434,1028.3849896580207,99.99997906516103,566.2260778924133,629.712225890858,814.1806469298245,2458.9163782531414,-830.5550843934922,-145206931.0,4.0,0.0,4.0,4.0,5.800000000000011,0.002718650560721514,0.3666666666666553,822.3678656616584,0.0
1344,1622.0,1624.2,1621.0,1623.55,2774834.0,0.0,1623.654166666667,847.9969950213372,-775.5530049786628,1599.0632110042134,1052.677439059734,99.99997990011069,546.3857719444793,613.0469351015823,847.9969950213372,2491.1250896962256,-795.1310996535512,-142432097.0,3.2000000000000455,1.3500000000001364,1.849999999999909,3.2000000000000455,5.445833333333344,-0.0005540336729354944,-0.07500000000000757,821.5640473374442,0.0
1345,1624.0,1625.0,1623.5,1624.5,2785943.0,0.0,1623.7,881.8345868895212,-742.6654131104788,1602.9765631574112,1076.017135424643,99.9999806715329,526.9594277327683,595.8294336278195,881.8345868895212,2520.5385849691943,-756.8694111901518,-139646154.0,1.5,1.4500000000000455,0.049999999999954525,1.5,4.737500000000011,0.00033868037809048346,0.04583333333332954,819.3519990398365,0.0
1346,1624.45,1624.8,1621.05,1621.75,2799053.0,0.0,1623.529166666667,915.614361071598,-706.135638928402,1605.8647842101173,1098.291946223637,99.99998138476505,507.5728379864802,578.1781144995516,915.614361071598,2546.9174204857513,-715.6886983425553,-142445207.0,3.75,0.2999999999999545,3.4500000000000455,3.75,4.5,-0.0012624707476289743,-0.17083333333332953,815.6515297070766,0.0
1347,1623.05,1632.5,1621.0,1632.0,2833770.0,0.0,1624.1208333333334,949.6071953532481,-682.3928046467519,1609.88558663933,1120.0759484185908,99.99998205123052,489.8096382207393,560.5044192437892,949.6071953532481,2570.9681286922673,-671.753737985771,-139611437.0,11.5,10.75,0.75,11.5,5.024999999999996,0.004369499661517562,0.5916666666666591,810.6804666695095,0.0
1348,1632.9,1636.8,1630.05,1631.95,2876233.0,0.0,1624.6125000000002,983.5995065789474,-648.3504934210526,1613.2801117717408,1140.968766850485,99.99998267163156,472.3113449212558,542.8658043792826,983.5995065789474,2592.0218426036777,-624.822829445783,-142487670.0,6.75,4.7999999999999545,1.9500000000000455,6.75,4.941666666666663,0.003628424710187428,0.49166666666667425,804.2111680123652,0.0
1349,1632.25,1645.0,1631.9,1636.05,2973196.0,0.0,1625.6750000000002,1017.6773826458037,-618.3726173541962,1616.7831714991653,1161.1761641218936,99.9999832519637,455.60700737727166,525.4140449788805,1017.6773826458037,2610.229411282534,-574.8746459909265,-139514474.0,13.099999999999909,13.049999999999955,0.049999999999954525,13.099999999999909,5.654166666666659,0.007854370726298354,1.0625,796.2760143183651,0.0
1350,1636.0,1637.3,1626.0,1632.75,3006184.0,0.0,1626.3916666666667,1051.6870347321005,-581.0629652678995,1619.2396066531398,1180.4240757903876,99.99998379366404,438.8155308627522,508.0943421556549,1051.6870347321005,2625.0915042527654,-521.7174347885643,-142520658.0,11.299999999999955,1.25,10.049999999999955,11.299999999999955,6.299999999999993,0.0052950774251145916,0.7166666666666591,786.7022347603324,0.0
1351,1632.55,1632.75,1627.3,1629.6,3023362.0,0.0,1627.0666666666666,1085.6317952821244,-543.9682047178756,1620.8335133218875,1198.7577869826166,99.99998430049257,422.0757263392709,490.8906189923781,1085.6317952821244,2636.5128885382956,-465.24929797404684,-145544020.0,5.4500000000000455,0.0,5.4500000000000455,5.4500000000000455,6.35833333333333,0.00499537465309885,0.6749999999999924,775.4405466280856,0.0
1352,1628.95,1630.35,1628.0,1629.4,3031378.0,0.0,1627.7708333333333,1119.5713519440494,-509.8286480559507,1622.1514343492895,1216.3350201669996,99.99998477650088,405.8164141822899,473.8757780303605,1119.5713519440494,2644.510934672594,-405.3682307844949,-148575398.0,2.349999999999909,0.75,1.599999999999909,2.349999999999909,5.879166666666663,0.005212992381011139,0.7041666666666705,762.4697913642722,0.0
1353,1630.4,1633.0,1629.45,1632.5,3037365.0,0.0,1628.4166666666667,1153.5757142010432,-478.9242857989568,1623.7435213724757,1233.321345874469,100.0,390.4221754980067,457.1850575238898,1153.5757142010432,2649.0648968743044,-341.913468472218,-145538033.0,3.5499999999999545,3.599999999999909,0.049999999999954525,3.599999999999909,5.699999999999989,0.004769964609939947,0.6458333333333334,747.7445913366306,0.0
1354,1632.65,1633.0,1628.0,1629.0,3048197.0,0.0,1628.825,1187.506907894737,-441.49309210526303,1624.5522103920948,1249.4714950224497,100.0,375.0807153696451,440.76418909304084,1187.506907894737,2649.6376393392125,-274.6238235497385,-148586230.0,5.0,0.5,4.5,5.0,5.958333333333314,0.003017055600024632,0.40833333333334093,731.0653657222377,0.0
1355,1629.75,1631.15,1628.9,1630.0,3053303.0,0.0,1629.4208333333333,1221.459068278805,-408.54093172119497,1625.390331870234,1265.0032707358191,100.0,360.3870611344148,424.6887635013157,1221.459068278805,2646.178761276584,-203.260624718974,-145532927.0,2.25,2.150000000000091,0.09999999999990905,2.25,5.812499999999981,0.004405829251009186,0.5958333333333409,712.3598464988895,0.0
1356,1629.05,1631.5,1629.0,1631.5,3058359.0,0.0,1630.0833333333333,1255.4428861427216,-376.0571138572784,1626.3302808132748,1279.9623209098675,100.0,346.3679599034074,409.0246027817341,1255.4428861427216,2638.374400619942,-127.48862833449925,-142474568.0,2.5,1.5,1.0,2.5,5.754166666666644,0.004896677034892605,0.6625000000000038,691.4657572386104,0.0
1357,1631.55,1635.0,1630.0,1631.05,3067549.0,0.0,1630.6291666666666,1289.4176772166904,-341.6323227833095,1627.0563914573866,1294.292430260485,100.0,332.7639611969016,393.7724744647676,1289.4176772166904,2625.7212782328183,-46.88592379943748,-145542117.0,5.0,3.5,1.5,5.0,6.04583333333331,0.0040320098491843925,0.5458333333333295,668.151800508064,0.0
1358,1630.95,1633.2,1629.05,1629.75,3077149.0,0.0,1631.2958333333333,1323.3656813063062,-306.3843186936938,1627.4707927716347,1307.9845759641385,100.0,319.48621680749625,378.9152229333133,1323.3656813063062,2607.660487254585,39.07087535802725,-148619266.0,4.150000000000091,2.150000000000091,2.0,4.150000000000091,6.0791666666666515,0.004932942808694385,0.6666666666666666,642.1474029741395,0.0
1359,1629.8,1629.8,1624.0,1628.3,3097546.0,0.0,1630.9875,1357.2822472143196,-271.0177527856804,1627.59836311446,1321.0586749043778,100.0,306.5396882100822,364.4401159886671,1357.2822472143196,2583.5161782492887,131.04831617935065,-151716812.0,5.7999999999999545,0.049999999999954525,5.75,5.7999999999999545,5.604166666666647,-0.0022671568627451455,-0.3083333333333371,613.1169655174845,0.0
1360,1627.25,1634.85,1627.05,1631.9,3110066.0,0.0,1630.9833333333333,1391.2701309862493,-240.62986901375075,1628.260153404543,1333.7460759286887,100.0,294.51407747585426,350.45490828610457,1391.2701309862493,2552.595193223149,229.94506874934928,-148606746.0,7.7999999999999545,6.5499999999999545,1.25,7.7999999999999545,5.691666666666644,-3.0638193572074535e-05,-0.004166666666662877,580.66253111845,0.0
1361,1632.8,1632.8,1628.65,1631.4,3116117.0,0.0,1630.595833333333,1425.2469016714083,-206.1530983285918,1628.743206726921,1345.8952156867012,100.0,282.84799104021977,336.93352483692763,1425.2469016714083,2513.4815510043586,337.012252338458,-151722863.0,4.149999999999864,0.8999999999998636,3.25,4.149999999999864,4.945833333333307,-0.0028422114238562113,-0.38749999999998863,544.1173246664752,0.0
1362,1630.3,1632.9,1629.7,1630.3,3123911.0,0.0,1630.3916666666667,1459.2014817449028,-171.09851825509713,1628.9827133843178,1357.503574230101,100.0,271.4791391542167,323.84264770038544,1459.2014817449028,2464.3685074602913,454.03445602951444,-154846774.0,3.2000000000000455,1.5,1.7000000000000455,3.2000000000000455,4.270833333333314,-0.0015005359056806666,-0.20416666666667047,502.5835128576942,0.0
1363,1630.35,1631.7,1626.05,1628.95,3134421.0,0.0,1630.3374999999999,1493.126462482219,-135.823537517781,1628.9776805559611,1368.5830201798929,100.0,260.39466037606826,311.1530502355221,1493.126462482219,2402.5405133486393,583.7124116157987,-157981195.0,5.650000000000091,1.400000000000091,4.25,5.650000000000091,4.2874999999999845,-0.00039887088856149777,-0.054166666666655296,454.70702543321016,0.0
1364,1628.15,1629.0,1625.5,1627.55,3144961.0,0.0,1630.1833333333334,1527.0223580488384,-100.52764195116151,1628.7580373935054,1379.1531009888768,100.0,249.6049364046287,298.8434274693434,1527.0223580488384,2323.438589568151,730.6061265295257,-161126156.0,3.5,0.049999999999954525,3.4500000000000455,3.5,4.383333333333326,-0.0011353872591138847,-0.15416666666667803,398.2081157596564,0.0
1365,1627.9,1629.95,1627.0,1628.6,3153983.0,0.0,1629.8583333333333,1560.9286080488382,-67.6713919511617,1628.7337239483509,1389.3346070709633,100.0,239.39911687738754,286.95456535095224,1560.9286080488382,2218.4204648157074,903.4367512819689,-157972173.0,2.9500000000000455,2.400000000000091,0.5499999999999545,2.9500000000000455,4.32916666666667,-0.002388973966309438,-0.32500000000000756,328.74592838343466,0.0
1366,1628.65,1629.85,1626.55,1627.4,3159860.0,0.0,1629.7250000000001,1594.810169215268,-32.58983078473216,1628.5285356486047,1399.0515618843933,100.0,229.47697376421138,275.45904703360407,1594.810169215268,2064.819412242649,1124.8009261878867,-161132033.0,3.2999999999999545,1.25,2.0499999999999545,3.2999999999999545,4.1875,-0.000982197667280471,-0.13333333333332575,235.00462151369058,0.0
1367,1626.6,1628.8,1626.0,1626.8,3166840.0,0.0,1629.4583333333333,1628.6802083333332,1.8802083333332575,1628.262607087281,1408.347416501357,100.0,219.91519058592394,264.350275744068,1628.6802083333332,1640.0781689494086,1617.2822477172579,-164298873.0,2.7999999999999545,1.3999999999998636,1.400000000000091,2.7999999999999545,4.23333333333333,-0.001963190184049113,-0.26666666666667044,5.698980308037726,0.0
1368,1626.3,1629.95,1626.25,1627.55,3173779.0,0.0,1629.1291666666666,1628.2104166666666,0.660416666666606,1628.1529752276992,1417.2944607257914,99.97053579580985,210.85851450190785,253.651923495636,1628.2104166666666,1637.7011054593095,1618.7197278740236,-161125094.0,3.7000000000000455,3.150000000000091,0.5499999999999545,3.7000000000000455,4.333333333333333,-0.002421084891204406,-0.32916666666667044,4.745344396321498,0.0
1369,1627.5,1629.35,1627.0,1629.1,3180269.0,0.0,1628.9666666666665,1628.1916666666668,-0.9083333333330756,1628.2986713465145,1425.9395847777998,99.96869356373864,202.3590865687147,243.39335611025174,1628.1916666666668,1637.6714622774714,1618.7118710558623,-157944825.0,2.349999999999909,1.7999999999999545,0.5499999999999545,2.349999999999909,4.112499999999993,-0.0011955488795561964,-0.16250000000000378,4.739897805402274,0.0
1370,1628.35,1631.65,1627.75,1629.15,3190858.0,0.0,1628.9166666666667,1628.1739583333335,-0.9760416666665606,1628.4296449855124,1434.2338874399304,99.96683762920425,194.19575754558196,233.5538363973178,1628.1739583333335,1637.643124186263,1618.704792480404,-154753967.0,3.900000000000091,2.550000000000182,1.349999999999909,3.900000000000091,4.091666666666659,-0.00036815462494244056,-0.04999999999999242,4.73458292646482,0.0
1371,1628.5,1630.2,1627.5,1627.5,3198675.0,0.0,1628.8500000000001,1627.8791666666666,0.37916666666660603,1628.286622680049,1442.122300197484,99.94633528932417,186.164322482565,224.07593361436727,1627.8791666666666,1636.475277448137,1619.2830558851963,-157952642.0,2.7000000000000455,1.0499999999999545,1.650000000000091,2.7000000000000455,3.8333333333333335,-0.0004913099551678846,-0.06666666666666288,4.298055390735147,0.0
1372,1627.55,1629.55,1627.5,1628.5,3210140.0,0.0,1628.5666666666666,1627.784375,-0.7156250000000455,1628.3194499600413,1449.7295532506478,99.93858924580171,178.58989670939354,214.97872623337253,1627.784375,1636.24686183961,1619.32188816039,-154742502.0,2.0499999999999545,2.0499999999999545,0.0,2.0499999999999545,3.3541666666666665,-0.0020834609963846784,-0.28333333333334093,4.231243419804993,0.0
1373,1628.1,1629.3,1626.0,1626.3,3222437.0,0.0,1628.1416666666667,1627.5729166666667,1.272916666666788,1628.0087653508042,1456.9365102608253,99.92228874412655,171.07225508997885,206.1974320046938,1627.5729166666667,1635.6492798236766,1619.496553509657,-157964939.0,3.2999999999999545,0.7999999999999545,2.5,3.2999999999999545,3.2833333333333408,-0.0031261493196028667,-0.42500000000001137,4.038181578504889,0.0
1374,1626.1,1628.2,1625.4,1626.0,3234279.0,0.0,1627.783333333333,1627.4104166666666,1.410416666666606,1627.6997245276036,1463.837060862424,99.90871434796985,163.86266366517953,197.73047833679098,1627.4104166666666,1635.2863416939504,1619.5344916393828,-161199218.0,2.7999999999999545,1.900000000000091,0.8999999999998636,2.7999999999999545,3.25,-0.0026375513709132603,-0.35833333333332956,3.937962513641855,0.0
1375,1626.05,1626.45,1621.8,1623.85,3265077.0,0.0,1627.3583333333336,1627.1541666666665,3.3041666666665606,1627.1074592156647,1470.3682012353863,99.8875581810357,156.73925798027835,189.53223426548848,1627.1541666666665,1634.660187890315,1619.648145443018,-164464295.0,4.650000000000091,0.4500000000000455,4.2000000000000455,4.650000000000091,3.1666666666666665,-0.003130851161791459,-0.42500000000001137,3.753010611824237,0.0
1376,1623.5,1624.0,1617.0,1620.1,3304112.0,0.0,1626.7375,1626.9645833333334,6.864583333333485,1626.029388567101,1476.4797032257788,99.87036580706882,149.54968534132217,181.53572448065523,1626.9645833333334,1634.7152170296815,1619.2139496369853,-167768407.0,7.0,0.15000000000009095,6.849999999999909,7.0,3.4583333333333335,-0.004577432336948184,-0.6208333333333371,3.875316848174079,0.0
1377,1620.15,1625.0,1620.0,1623.3,3322724.0,0.0,1626.2958333333333,1626.91875,3.618750000000091,1625.6094826337007,1482.4723684002367,99.86341263548566,143.137114233464,173.856002431217,1626.91875,1634.7305420955831,1619.106957904417,-164445683.0,5.0,4.900000000000091,0.09999999999990905,5.0,3.629166666666663,-0.0032543288714232954,-0.4416666666666629,3.9058960477914946,-1.0
1378,1622.3,1623.1,1621.0,1621.65,3330543.0,0.0,1625.8166666666666,1626.9322916666667,5.2822916666666515,1625.0003314592852,1488.1530880573698,99.85974157198841,136.84724340191542,166.45425062535668,1626.9322916666667,1634.7043225243265,1619.160260809007,-167776226.0,2.099999999999909,0.20000000000004547,2.2999999999999545,2.2999999999999545,3.5458333333333294,-0.0035332432100282363,-0.4791666666666667,3.886015428829839,-1.0
1379,1621.75,1622.65,1615.5,1619.95,3354434.0,0.0,1625.2458333333332,1626.9635416666667,7.013541666666697,1624.2233573886258,1493.5325538509464,99.85587599925586,130.69080353767936,159.30156120782124,1626.9635416666667,1634.6072496780348,1619.3198336552987,-171130660.0,7.150000000000091,1.0,6.150000000000091,7.150000000000091,3.9083333333333408,-0.004210720432751391,-0.5708333333333258,3.82185400568404,-1.0
